word,lemma,pos,dialect,meaning_id,meaning_2,example,source
abah,abah,,Sasak Umum,Ar panggilan kehormatan untuk orang tua laki-laki keturunan Arab,,,Balai Bahasa Provinsi NTB (Kamus Terpadu Sasambo)
"abah, abah-abah",abah,,Sasak Umum,(Mel) aba-aba,,,Balai Bahasa Provinsi NTB (Kamus Terpadu Sasambo)
abak kokoq,abak kokoq,,Sasak Umum,kali kecil,,,Balai Bahasa Provinsi NTB (Kamus Terpadu Sasambo)
aban,aban,,Sasak Umum,"muka (tempat yang di muka atau yang lebih muka), misalnya dalam permainan lempar batu",taruhan,,Balai Bahasa Provinsi NTB (Kamus Terpadu Sasambo)
abang,abang,,Sasak Umum,merah,,,Balai Bahasa Provinsi NTB (Kamus Terpadu Sasambo)
abang baga,abang baga,,Sasak Umum,merah padam,,,Balai Bahasa Provinsi NTB (Kamus Terpadu Sasambo)
abang beneng,abang beneng,,Sasak Umum,merah padam,,,Balai Bahasa Provinsi NTB (Kamus Terpadu Sasambo)
abang toaq,abang toaq,,Sasak Umum,merah tua,,,Balai Bahasa Provinsi NTB (Kamus Terpadu Sasambo)
"abang, abangan",abang,,Sasak Umum,"talangan air, saluran air",,,Balai Bahasa Provinsi NTB (Kamus Terpadu Sasambo)
abang-abangan,abang-abangan,,Sasak Umum,kemerah-merahan,,,Balai Bahasa Provinsi NTB (Kamus Terpadu Sasambo)
abangan,abangan,,Sasak Umum,lebih/agak merah,,,Balai Bahasa Provinsi NTB (Kamus Terpadu Sasambo)
"abar, abar-abar, berabar-abar, babar-abar",abar,,Sasak Umum,(lari) terbirit-birit,,,Balai Bahasa Provinsi NTB (Kamus Terpadu Sasambo)
abas,abas,,Sasak Umum,"memotong, membersihkan (kayu)",,,Balai Bahasa Provinsi NTB (Kamus Terpadu Sasambo)
abat,abat,,Sasak Umum,Ar abad,,,Balai Bahasa Provinsi NTB (Kamus Terpadu Sasambo)
abek; awik,abek,,Sasak Umum,tarik,,,Balai Bahasa Provinsi NTB (Kamus Terpadu Sasambo)
abenang,abenang,,Sasak Umum,lemparkan,,,Balai Bahasa Provinsi NTB (Kamus Terpadu Sasambo)
abih,abih,,Sasak Umum,mendampingi (seseorang dalam suatu perkara sebagai saksi),"(men)dampingi, (me)ngawal di kiri kanan seseorang pengantin",,Balai Bahasa Provinsi NTB (Kamus Terpadu Sasambo)
abon,abon,,Sasak Umum,daging cincang,,,Balai Bahasa Provinsi NTB (Kamus Terpadu Sasambo)
abon empaq,abon empaq,,Sasak Umum,daging ikan cincang,,,Balai Bahasa Provinsi NTB (Kamus Terpadu Sasambo)
abon jangan sampi,abon jangan sampi,,Sasak Umum,daging sapi cincang,,,Balai Bahasa Provinsi NTB (Kamus Terpadu Sasambo)
abong,abong,,Sasak Umum,lubang hidung rusak,,,Balai Bahasa Provinsi NTB (Kamus Terpadu Sasambo)
abot,abot,,Sasak Umum,malas; enggan,,,Balai Bahasa Provinsi NTB (Kamus Terpadu Sasambo)
abot-abotan,abot-abotan,,Sasak Umum,malas-malasan,,,Balai Bahasa Provinsi NTB (Kamus Terpadu Sasambo)
abu,abu,,Sasak Umum,Ar bapak; ayah,,,Balai Bahasa Provinsi NTB (Kamus Terpadu Sasambo)
abu-abu,abu-abu,,Sasak Umum,kelabu,,,Balai Bahasa Provinsi NTB (Kamus Terpadu Sasambo)
abu-abuan,abu-abuan,,Sasak Umum,keabu-abuan,,,Balai Bahasa Provinsi NTB (Kamus Terpadu Sasambo)
abuk,abuk,,Sasak Umum,jajan yg terbuat dari ketan atau bubuk sagu yang dicampur gula merah dan kelapa parut yang dikukus,,,Balai Bahasa Provinsi NTB (Kamus Terpadu Sasambo)
abut,abut,,Sasak Umum,(men)cabut batang dari dalam tanah),,,Balai Bahasa Provinsi NTB (Kamus Terpadu Sasambo)
abut; pugut,abut,,Sasak Umum,jambak,,,Balai Bahasa Provinsi NTB (Kamus Terpadu Sasambo)
abutin,abutin,,Sasak Umum,tarik,,,Balai Bahasa Provinsi NTB (Kamus Terpadu Sasambo)
acan,acan,,Sasak Umum,terasi,,,Balai Bahasa Provinsi NTB (Kamus Terpadu Sasambo)
aceh; acih,aceh,,Sasak Umum,aceh,,,Balai Bahasa Provinsi NTB (Kamus Terpadu Sasambo)
"aci, aci-aci",aci,,Sasak Umum,air suci (untuk keperluan upacara adat selamatan),,,Balai Bahasa Provinsi NTB (Kamus Terpadu Sasambo)
acong,acong,,Sasak Umum,anjing,,,Balai Bahasa Provinsi NTB (Kamus Terpadu Sasambo)
"adah, ngadah",adah,,Sasak Umum,(By) mengucapkan yang suci,,,Balai Bahasa Provinsi NTB (Kamus Terpadu Sasambo)
adal,adal,,Sasak Umum,embun,,,Balai Bahasa Provinsi NTB (Kamus Terpadu Sasambo)
adalang,adalang,,Sasak Umum,embunkan,,,Balai Bahasa Provinsi NTB (Kamus Terpadu Sasambo)
adalin,adalin,,Sasak Umum,embuni,,,Balai Bahasa Provinsi NTB (Kamus Terpadu Sasambo)
adam,adam,,Sasak Umum,keturunan Adam; manusia,,,Balai Bahasa Provinsi NTB (Kamus Terpadu Sasambo)
adam-adaman,adam-adaman,,Sasak Umum,badut-badutan,,,Balai Bahasa Provinsi NTB (Kamus Terpadu Sasambo)
adang,adang,,Sasak Umum,hadang; halangi,,,Balai Bahasa Provinsi NTB (Kamus Terpadu Sasambo)
adang dagangan,adang dagangan,,Sasak Umum,mencari barang jualan dengan menunggu di jalan lewat,,,Balai Bahasa Provinsi NTB (Kamus Terpadu Sasambo)
adap; adep,adap,,Sasak Umum,adab; sopan santun,,,Balai Bahasa Provinsi NTB (Kamus Terpadu Sasambo)
adar,adar,,Sasak Umum,(sedikit) kecut,nama alat untuk memintal benang,,Balai Bahasa Provinsi NTB (Kamus Terpadu Sasambo)
adaran,adaran,,Sasak Umum,lebih kecut; agak kecut,,,Balai Bahasa Provinsi NTB (Kamus Terpadu Sasambo)
adas,adas,,Sasak Umum,adas (nama sejenis biji-bijian untuk bumbu atau obat),sistem mengambil upah memelihara ternak dengan membagi keuntungan uang atau anak ternak itu sendiri; kadas,,Balai Bahasa Provinsi NTB (Kamus Terpadu Sasambo)
adas manis,adas manis,,Sasak Umum,adas (bumbu); jinten,,,Balai Bahasa Provinsi NTB (Kamus Terpadu Sasambo)
adas pedes,adas pedes,,Sasak Umum,adas (biasa),,,Balai Bahasa Provinsi NTB (Kamus Terpadu Sasambo)
adas tawah,adas tawah,,Sasak Umum,adas (untuk obat),,,Balai Bahasa Provinsi NTB (Kamus Terpadu Sasambo)
adasang,adasang,,Sasak Umum,taruhkan bumbu adas,,,Balai Bahasa Provinsi NTB (Kamus Terpadu Sasambo)
adat,adat,,Sasak Umum,Ar aturan,,,Balai Bahasa Provinsi NTB (Kamus Terpadu Sasambo)
adat bali,adat bali,,Sasak Umum,adat Bali,,,Balai Bahasa Provinsi NTB (Kamus Terpadu Sasambo)
adat gubuk,adat gubuk,,Sasak Umum,adat (tiap-tiap) desa atau negeri,,,Balai Bahasa Provinsi NTB (Kamus Terpadu Sasambo)
adat Sasak,adat sasak,,Sasak Umum,budaya Sasak yang sudah melembaga pada masyarakat suku Sasak,,,Balai Bahasa Provinsi NTB (Kamus Terpadu Sasambo)
adat tapsila,adat tapsila,,Sasak Umum,"komitmen hidup sama dengan etika, budi pekerti, sopan santun, dan akhlak yang baik",,,Balai Bahasa Provinsi NTB (Kamus Terpadu Sasambo)
adek,adek,,Sasak Umum,tampang,,,Balai Bahasa Provinsi NTB (Kamus Terpadu Sasambo)
"adek, ngadek",adek,,Sasak Umum,menjabat (memegang kekuasaan),,,Balai Bahasa Provinsi NTB (Kamus Terpadu Sasambo)
"adek, seperadek",adek,,Sasak Umum,seperangkat,,,Balai Bahasa Provinsi NTB (Kamus Terpadu Sasambo)
adel,adel,,Sasak Umum,langit-langit (dalam mulut),,,Balai Bahasa Provinsi NTB (Kamus Terpadu Sasambo)
adel;aden,adel,,Sasak Umum,daging tempat gigi tumbuh; gusi,,,Balai Bahasa Provinsi NTB (Kamus Terpadu Sasambo)
adem,adem,,Sasak Umum,busuk (bau busuk),kalem; pendiam,,Balai Bahasa Provinsi NTB (Kamus Terpadu Sasambo)
ademan,ademan,,Sasak Umum,lebih busuk; agak busuk,,,Balai Bahasa Provinsi NTB (Kamus Terpadu Sasambo)
aden,aden,,Sasak Umum,(negeri) Aden di Saudi Arabia,,,Balai Bahasa Provinsi NTB (Kamus Terpadu Sasambo)
"aden, raden",aden,,Sasak Umum,gelar/panggilan untuk orang yg bangsawan,,,Balai Bahasa Provinsi NTB (Kamus Terpadu Sasambo)
adeng,adeng,,Sasak Umum,pelan; lambat,,,Balai Bahasa Provinsi NTB (Kamus Terpadu Sasambo)
adeng laloq,adeng laloq,,Sasak Umum,terlalu pelan,,,Balai Bahasa Provinsi NTB (Kamus Terpadu Sasambo)
adeng-adeng,adeng-adeng,,Sasak Umum,pelan-pelan,,,Balai Bahasa Provinsi NTB (Kamus Terpadu Sasambo)
adeng-adengan,adeng-adengan,,Sasak Umum,agak (sedikit) lambat,,,Balai Bahasa Provinsi NTB (Kamus Terpadu Sasambo)
adeng; laun; bares,adeng,,Sasak Umum,nanti,,,Balai Bahasa Provinsi NTB (Kamus Terpadu Sasambo)
adengan,adengan,,Sasak Umum,pelankan,,,Balai Bahasa Provinsi NTB (Kamus Terpadu Sasambo)
adep; adap,adep,,Sasak Umum,sopan santun; adab,,,Balai Bahasa Provinsi NTB (Kamus Terpadu Sasambo)
adep; arep,adep,,Sasak Umum,hadap; sisi atau bidang sebelah muka,,,Balai Bahasa Provinsi NTB (Kamus Terpadu Sasambo)
adepan,adepan,,Sasak Umum,hadapan,,,Balai Bahasa Provinsi NTB (Kamus Terpadu Sasambo)
adeq,adeq,,Sasak Umum,biarkan,tinggal; tinggalkan,,Balai Bahasa Provinsi NTB (Kamus Terpadu Sasambo)
adeqang,adeqang,,Sasak Umum,tinggalkan; sisakan,,,Balai Bahasa Provinsi NTB (Kamus Terpadu Sasambo)
adi,adi,,Sasak Umum,Skt utama; yang baik,,,Balai Bahasa Provinsi NTB (Kamus Terpadu Sasambo)
"adi, adikan",adi,,Sasak Umum,lebih kecil,,,Balai Bahasa Provinsi NTB (Kamus Terpadu Sasambo)
"adi, bekadi-kadi",adi,,Sasak Umum,banyak sekali (jumlah saudara),,,Balai Bahasa Provinsi NTB (Kamus Terpadu Sasambo)
adian,adian,,Sasak Umum,lebih/agak baik,,,Balai Bahasa Provinsi NTB (Kamus Terpadu Sasambo)
"adik, adikan",adik,,Sasak Umum,lebih baik,,,Balai Bahasa Provinsi NTB (Kamus Terpadu Sasambo)
adil,adil,,Sasak Umum,Ar adil,,,Balai Bahasa Provinsi NTB (Kamus Terpadu Sasambo)
adilin,adilin,,Sasak Umum,adili,,,Balai Bahasa Provinsi NTB (Kamus Terpadu Sasambo)
adiq akon,adiq akon,,Sasak Umum,adik angkat,,,Balai Bahasa Provinsi NTB (Kamus Terpadu Sasambo)
adiq kuni,adiq kuni,,Sasak Umum,adik kandung,,,Balai Bahasa Provinsi NTB (Kamus Terpadu Sasambo)
adiq pemutus umbaq,adiq pemutus umbaq,,Sasak Umum,adik paling bungsu,,,Balai Bahasa Provinsi NTB (Kamus Terpadu Sasambo)
adiq tereq,adiq tereq,,Sasak Umum,adik tiri,,,Balai Bahasa Provinsi NTB (Kamus Terpadu Sasambo)
adiq; ariq,adiq,,Sasak Umum,adik,,,Balai Bahasa Provinsi NTB (Kamus Terpadu Sasambo)
aditya,aditya,,Sasak Umum,Skt raksasa,,,Balai Bahasa Provinsi NTB (Kamus Terpadu Sasambo)
ado; aro,ado,,Sasak Umum,aduh; aduhai,,,Balai Bahasa Provinsi NTB (Kamus Terpadu Sasambo)
adoh,adoh,,Sasak Umum,kata seru untuk menyatakan rasa sakit,,,Balai Bahasa Provinsi NTB (Kamus Terpadu Sasambo)
adok,adok,,Sasak Umum,tingkah; sikap; gaya,,,Balai Bahasa Provinsi NTB (Kamus Terpadu Sasambo)
adokang,adokang,,Sasak Umum,adukan,,,Balai Bahasa Provinsi NTB (Kamus Terpadu Sasambo)
adon,adon,,Sasak Umum,perlakukan; kerjakan,"saring (dengan alat penyaringan, seperti nyiru)",,Balai Bahasa Provinsi NTB (Kamus Terpadu Sasambo)
adonang,adonang,,Sasak Umum,aturkan,,,Balai Bahasa Provinsi NTB (Kamus Terpadu Sasambo)
"adoq, ngadoq, ngeladoq",adoq,,Sasak Umum,pelan-pelan; lambat-lambat,,,Balai Bahasa Provinsi NTB (Kamus Terpadu Sasambo)
adu,adu,,Sasak Umum,menyabung (dua makhluk atau lebih); laga,,,Balai Bahasa Provinsi NTB (Kamus Terpadu Sasambo)
"adu, adu-adu",adu,,Sasak Umum,menjadikan lawan,,,Balai Bahasa Provinsi NTB (Kamus Terpadu Sasambo)
aduang,aduang,,Sasak Umum,adukan,,,Balai Bahasa Provinsi NTB (Kamus Terpadu Sasambo)
aduh,aduh,,Sasak Umum,aduh; duhai,,,Balai Bahasa Provinsi NTB (Kamus Terpadu Sasambo)
aduk,aduk,,Sasak Umum,aduk,,,Balai Bahasa Provinsi NTB (Kamus Terpadu Sasambo)
aer,aer,,Sasak Umum,air,,,Balai Bahasa Provinsi NTB (Kamus Terpadu Sasambo)
aer mawa,aer mawa,,Sasak Umum,air yang bergula,,,Balai Bahasa Provinsi NTB (Kamus Terpadu Sasambo)
agama bali,agama bali,,Sasak Umum,agama Hindu,,,Balai Bahasa Provinsi NTB (Kamus Terpadu Sasambo)
agama kerdit meriq,agama kerdit meriq,,Sasak Umum,agama kepercayaan lama nenek moyang orang Sasak; kepercayaan animisme dan dinamisme,,,Balai Bahasa Provinsi NTB (Kamus Terpadu Sasambo)
agama; gama,agama,,Sasak Umum,adat pada masyarakat Bayan (yang ada hubungannya dengan Tuhan dan ajaran-ajaran-Nya atau ibadah agama),,,Balai Bahasa Provinsi NTB (Kamus Terpadu Sasambo)
agama; ugama,agama,,Sasak Umum,Skt agama,,,Balai Bahasa Provinsi NTB (Kamus Terpadu Sasambo)
agas,agas,,Sasak Umum,sabuk; ikat pinggang,,,Balai Bahasa Provinsi NTB (Kamus Terpadu Sasambo)
agat; aget,agat,,Sasak Umum,Tal beruntung,,,Balai Bahasa Provinsi NTB (Kamus Terpadu Sasambo)
agatan,agatan,,Sasak Umum,lebih/agak beruntung,,,Balai Bahasa Provinsi NTB (Kamus Terpadu Sasambo)
agel; agen,agel,,Sasak Umum,nama tumbuh-tumbuhan yang buahnya enak dimakan,,,Balai Bahasa Provinsi NTB (Kamus Terpadu Sasambo)
agem,agem,,Sasak Umum,tang; penjepit paku dsb,,,Balai Bahasa Provinsi NTB (Kamus Terpadu Sasambo)
"agem, beragem",agem,,Sasak Umum,meramal nasib dengan nenunjuk salah satu bagian dari suatu cerita atau hikayat yang dibaca,,,Balai Bahasa Provinsi NTB (Kamus Terpadu Sasambo)
agen,agen,,Sasak Umum,agen,,,Balai Bahasa Provinsi NTB (Kamus Terpadu Sasambo)
agen buntut,agen buntut,,Sasak Umum,agen (permainan) judi,,,Balai Bahasa Provinsi NTB (Kamus Terpadu Sasambo)
agen pulisi,agen pulisi,,Sasak Umum,agen polisi,,,Balai Bahasa Provinsi NTB (Kamus Terpadu Sasambo)
agen; gen,agen,,Sasak Umum,agar,,,Balai Bahasa Provinsi NTB (Kamus Terpadu Sasambo)
"ageq, ngageq-ageq",ageq,,Sasak Umum,duduk santai,,,Balai Bahasa Provinsi NTB (Kamus Terpadu Sasambo)
ager-ager,ager-ager,,Sasak Umum,agar-agar; penganan yg dibuat dr ganggang laut,,,Balai Bahasa Provinsi NTB (Kamus Terpadu Sasambo)
aget,aget,,Sasak Umum,beruntung,,,Balai Bahasa Provinsi NTB (Kamus Terpadu Sasambo)
aget gati,aget gati,,Sasak Umum,untung sekali,,,Balai Bahasa Provinsi NTB (Kamus Terpadu Sasambo)
agetan,agetan,,Sasak Umum,lebih/agak beruntung,,,Balai Bahasa Provinsi NTB (Kamus Terpadu Sasambo)
agin,agin,,Sasak Umum,nama huruf ke-19 dari abjad bahasa Arab (?),,,Balai Bahasa Provinsi NTB (Kamus Terpadu Sasambo)
agiq,agiq,,Sasak Umum,sendok (nasi),,,Balai Bahasa Provinsi NTB (Kamus Terpadu Sasambo)
agiqang,agiqang,,Sasak Umum,sendokkan,,,Balai Bahasa Provinsi NTB (Kamus Terpadu Sasambo)
agir; aden; agit,agir,,Sasak Umum,(By) agar,,,Balai Bahasa Provinsi NTB (Kamus Terpadu Sasambo)
agit; aden; agir,agit,,Sasak Umum,(Semb) agar,,,Balai Bahasa Provinsi NTB (Kamus Terpadu Sasambo)
agol; agon,agol,,Sasak Umum,"lagu, aksen",,,Balai Bahasa Provinsi NTB (Kamus Terpadu Sasambo)
agolang,agolang,,Sasak Umum,lagukan,,,Balai Bahasa Provinsi NTB (Kamus Terpadu Sasambo)
"agu, agu-aguan",agu,,Sasak Umum,sinting-sintingan,,,Balai Bahasa Provinsi NTB (Kamus Terpadu Sasambo)
aguk,aguk,,Sasak Umum,nama pelakon wayang yang bertindak sebagai pelawak,,,Balai Bahasa Provinsi NTB (Kamus Terpadu Sasambo)
"agul, dagul",agul,,Sasak Umum,nama panggilan orang yang potongan kepalanya bulat dan besar,,,Balai Bahasa Provinsi NTB (Kamus Terpadu Sasambo)
agum,agum,,Sasak Umum,kelaim sbg pemilik sesuatu,,,Balai Bahasa Provinsi NTB (Kamus Terpadu Sasambo)
agun,agun,,Sasak Umum,"pelihara; rawat; kerjakan, misalnya sawah yang disewa-gadai",,,Balai Bahasa Provinsi NTB (Kamus Terpadu Sasambo)
agunan,agunan,,Sasak Umum,"agunan, jaminan",,,Balai Bahasa Provinsi NTB (Kamus Terpadu Sasambo)
agung,agung,,Sasak Umum,agung,,,Balai Bahasa Provinsi NTB (Kamus Terpadu Sasambo)
agung alit,agung alit,,Sasak Umum,besar kecil (dalam sebutan penghormatan),,,Balai Bahasa Provinsi NTB (Kamus Terpadu Sasambo)
agus,agus,,Sasak Umum,Bal agus dari kata Bagus yang juga disingkat Gus,,,Balai Bahasa Provinsi NTB (Kamus Terpadu Sasambo)
ah,ah,,Sasak Umum,Bal sebagai ganti awalan “se”; satu,,,Balai Bahasa Provinsi NTB (Kamus Terpadu Sasambo)
ah awin,ah awin,,Sasak Umum,seikat padi,,,Balai Bahasa Provinsi NTB (Kamus Terpadu Sasambo)
"ah, se",ah,,Sasak Umum,satu bagian,,,Balai Bahasa Provinsi NTB (Kamus Terpadu Sasambo)
ahat,ahat,,Sasak Umum,Ar (hari) minggu,,,Balai Bahasa Provinsi NTB (Kamus Terpadu Sasambo)
ahbakaq,ahbakaq,,Sasak Umum,sebakul,,,Balai Bahasa Provinsi NTB (Kamus Terpadu Sasambo)
ahbantar,ahbantar,,Sasak Umum,sederetan,,,Balai Bahasa Provinsi NTB (Kamus Terpadu Sasambo)
ahbebet,ahbebet,,Sasak Umum,berikat pinggang kain,,,Balai Bahasa Provinsi NTB (Kamus Terpadu Sasambo)
aherat,aherat,,Sasak Umum,alam sesudah kehidupan di dunia,,,Balai Bahasa Provinsi NTB (Kamus Terpadu Sasambo)
ahir,ahir,,Sasak Umum,Ar akhir,,,Balai Bahasa Provinsi NTB (Kamus Terpadu Sasambo)
ahlak,ahlak,,Sasak Umum,Ar akhlak; tingkah laku,,,Balai Bahasa Provinsi NTB (Kamus Terpadu Sasambo)
ahlak lenge,ahlak lenge,,Sasak Umum,tingkah laku yg jelek,,,Balai Bahasa Provinsi NTB (Kamus Terpadu Sasambo)
ahlak solah,ahlak solah,,Sasak Umum,tingkah laku yg baik,,,Balai Bahasa Provinsi NTB (Kamus Terpadu Sasambo)
ahli,ahli,,Sasak Umum,"Ar mahir, paham sekali dl suatu ilmu (kepandaian)",,,Balai Bahasa Provinsi NTB (Kamus Terpadu Sasambo)
ahli waris,ahli waris,,Sasak Umum,ahli waris; orang yang berhak menerima warisan,,,Balai Bahasa Provinsi NTB (Kamus Terpadu Sasambo)
ahmat,ahmat,,Sasak Umum,"Ar ahmad, nama orang (biasanya disingkat menjadi amat atau mat)",,,Balai Bahasa Provinsi NTB (Kamus Terpadu Sasambo)
ai-ai,ai-ai,,Sasak Umum,siapa pun; siapa jua,,,Balai Bahasa Provinsi NTB (Kamus Terpadu Sasambo)
ai; sai,ai,,Sasak Umum,kata tanya untuk menanyakan nomina insan,,,Balai Bahasa Provinsi NTB (Kamus Terpadu Sasambo)
aikmel,aikmel,,Sasak Umum,nama desa di Lombok Timur,,,Balai Bahasa Provinsi NTB (Kamus Terpadu Sasambo)
ain,ain,,Sasak Umum,Ar nama huruf Arab kedelapan belas (?),,,Balai Bahasa Provinsi NTB (Kamus Terpadu Sasambo)
"ain, aing",ain,,Sasak Umum,mengapa; penghalus kata,,,Balai Bahasa Provinsi NTB (Kamus Terpadu Sasambo)
aing,aing,,Sasak Umum,kata yg dipergunakan untuk mengukuhkan perkataan; kan,,,Balai Bahasa Provinsi NTB (Kamus Terpadu Sasambo)
aip; cela,aip,,Sasak Umum,Ar aib; cela,,,Balai Bahasa Provinsi NTB (Kamus Terpadu Sasambo)
aiq,aiq,,Sasak Umum,air,,,Balai Bahasa Provinsi NTB (Kamus Terpadu Sasambo)
aiq (be)bancah,aiq bancah,,Sasak Umum,air mayat (pada orang Bali yang akan diaben),,,Balai Bahasa Provinsi NTB (Kamus Terpadu Sasambo)
aiq aki,aiq aki,,Sasak Umum,air aki,,,Balai Bahasa Provinsi NTB (Kamus Terpadu Sasambo)
aiq anget,aiq anget,,Sasak Umum,air yg sudah direbus/dimasak (untuk minum),,,Balai Bahasa Provinsi NTB (Kamus Terpadu Sasambo)
aiq atas,aiq atas,,Sasak Umum,sawah tadah hujan,air tadah hujan,,Balai Bahasa Provinsi NTB (Kamus Terpadu Sasambo)
aiq bangkal,aiq bangkal,,Sasak Umum,air mendidih,,,Balai Bahasa Provinsi NTB (Kamus Terpadu Sasambo)
aiq bawaq,aiq bawaq,,Sasak Umum,sawah irigasi,air sawah (dari irigasi teknis),,Balai Bahasa Provinsi NTB (Kamus Terpadu Sasambo)
aiq beriq,aiq beriq,,Sasak Umum,nama desa di Bayan,,,Balai Bahasa Provinsi NTB (Kamus Terpadu Sasambo)
aiq budaq,aiq budaq,,Sasak Umum,air nasi (yang sedang dimasak),,,Balai Bahasa Provinsi NTB (Kamus Terpadu Sasambo)
aiq buraq,aiq buraq,,Sasak Umum,air nasi (yang sedang dimasak),,,Balai Bahasa Provinsi NTB (Kamus Terpadu Sasambo)
aiq dareq,aiq dareq,,Sasak Umum,nama desa,,,Balai Bahasa Provinsi NTB (Kamus Terpadu Sasambo)
aiq empaq,aiq empaq,,Sasak Umum,air/kuah gulai,,,Balai Bahasa Provinsi NTB (Kamus Terpadu Sasambo)
aiq enggeran,aiq enggeran,,Sasak Umum,air minum,,,Balai Bahasa Provinsi NTB (Kamus Terpadu Sasambo)
aiq inem,aiq inem,,Sasak Umum,air minum,,,Balai Bahasa Provinsi NTB (Kamus Terpadu Sasambo)
aiq kelak,aiq kelak,,Sasak Umum,air panas (dari mata air),,,Balai Bahasa Provinsi NTB (Kamus Terpadu Sasambo)
aiq kelaq,aiq kelaq,,Sasak Umum,air yg sudah direbus/dimasak,,,Balai Bahasa Provinsi NTB (Kamus Terpadu Sasambo)
aiq kokoh,aiq kokoh,,Sasak Umum,air sungai,,,Balai Bahasa Provinsi NTB (Kamus Terpadu Sasambo)
aiq kum-kuman,aiq kum-kuman,,Sasak Umum,air bunga rampai (untuk uacara adat),,,Balai Bahasa Provinsi NTB (Kamus Terpadu Sasambo)
aiq ledeng,aiq ledeng,,Sasak Umum,air dr perusahaan air minum,,,Balai Bahasa Provinsi NTB (Kamus Terpadu Sasambo)
aiq mate,aiq mate,,Sasak Umum,air yg sudah direbus/dimasak,,,Balai Bahasa Provinsi NTB (Kamus Terpadu Sasambo)
aiq mel,aiq mel,,Sasak Umum,air penyejuk (untuk obat),,,Balai Bahasa Provinsi NTB (Kamus Terpadu Sasambo)
aiq nao,aiq nao,,Sasak Umum,air tuak,,,Balai Bahasa Provinsi NTB (Kamus Terpadu Sasambo)
aiq ngempok,aiq ngempok,,Sasak Umum,air mata air,,,Balai Bahasa Provinsi NTB (Kamus Terpadu Sasambo)
aiq nimpoh,aiq nimpoh,,Sasak Umum,air terjun,,,Balai Bahasa Provinsi NTB (Kamus Terpadu Sasambo)
aiq pedupan,aiq pedupan,,Sasak Umum,air suci untuk upacara panenang,,,Balai Bahasa Provinsi NTB (Kamus Terpadu Sasambo)
aiq segara,aiq segara,,Sasak Umum,air laut,,,Balai Bahasa Provinsi NTB (Kamus Terpadu Sasambo)
aiq sumpah,aiq sumpah,,Sasak Umum,air untuk menyumpah seseorang yang melakukan/ mengucapkan sumpah,,,Balai Bahasa Provinsi NTB (Kamus Terpadu Sasambo)
aiq susu,aiq susu,,Sasak Umum,air susu,,,Balai Bahasa Provinsi NTB (Kamus Terpadu Sasambo)
aiq teh,aiq teh,,Sasak Umum,air teh,,,Balai Bahasa Provinsi NTB (Kamus Terpadu Sasambo)
aiq telek,aiq telek,,Sasak Umum,air pencuci tangan,,,Balai Bahasa Provinsi NTB (Kamus Terpadu Sasambo)
aiq toya,aiq toya,,Sasak Umum,air suci orang Bali,,,Balai Bahasa Provinsi NTB (Kamus Terpadu Sasambo)
aiq tuak,aiq tuak,,Sasak Umum,air nira,,,Balai Bahasa Provinsi NTB (Kamus Terpadu Sasambo)
aiqang,aiqang,,Sasak Umum,airi (sawah),,,Balai Bahasa Provinsi NTB (Kamus Terpadu Sasambo)
aiqin,aiqin,,Sasak Umum,airi,,,Balai Bahasa Provinsi NTB (Kamus Terpadu Sasambo)
air nyet,air nyet,,Sasak Umum,air mentah,,,Balai Bahasa Provinsi NTB (Kamus Terpadu Sasambo)
ajah-ajahang,ajah-ajahang,,Sasak Umum,ajar-ajarkan; ajaran,,,Balai Bahasa Provinsi NTB (Kamus Terpadu Sasambo)
ajah; ajar,ajah,,Sasak Umum,(Pjt) ajar,,,Balai Bahasa Provinsi NTB (Kamus Terpadu Sasambo)
ajahang,ajahang,,Sasak Umum,ajarkan,,,Balai Bahasa Provinsi NTB (Kamus Terpadu Sasambo)
ajaip,ajaip,,Sasak Umum,Ar ajaib; ganjil; aneh; jarang ada,,,Balai Bahasa Provinsi NTB (Kamus Terpadu Sasambo)
ajaipan,ajaipan,,Sasak Umum,lebih ajaib; agak ajaib,,,Balai Bahasa Provinsi NTB (Kamus Terpadu Sasambo)
ajak,ajak,,Sasak Umum,langkah,,,Balai Bahasa Provinsi NTB (Kamus Terpadu Sasambo)
ajak-ajakin,ajak-ajakin,,Sasak Umum,pancingan (lawan) dgn melangkah maju-mundur,,,Balai Bahasa Provinsi NTB (Kamus Terpadu Sasambo)
ajal,ajal,,Sasak Umum,Ar ajal; batas hidup yg ditentukan Tuhan,,,Balai Bahasa Provinsi NTB (Kamus Terpadu Sasambo)
"ajaq, ajaq-ajaq",ajaq,,Sasak Umum,(tampaknya) kurang sungguhan; asal-asalan,,,Balai Bahasa Provinsi NTB (Kamus Terpadu Sasambo)
ajaq-ajaq,ajaq-ajaq,,Sasak Umum,pura-pura bohong,,,Balai Bahasa Provinsi NTB (Kamus Terpadu Sasambo)
ajaq; lekak,ajaq,,Sasak Umum,bohong,,,Balai Bahasa Provinsi NTB (Kamus Terpadu Sasambo)
"ajar, ajarang",ajar,,Sasak Umum,tegangkan tali kail (ketika menangkap ikan),,,Balai Bahasa Provinsi NTB (Kamus Terpadu Sasambo)
ajar; ajah,ajar,,Sasak Umum,(Kel) ajar,,,Balai Bahasa Provinsi NTB (Kamus Terpadu Sasambo)
ajarang,ajarang,,Sasak Umum,ajarkan,,,Balai Bahasa Provinsi NTB (Kamus Terpadu Sasambo)
"ajat, ajatang",ajat,,Sasak Umum,"mencoba (memukul, membunuh, dan lain-lain)",,,Balai Bahasa Provinsi NTB (Kamus Terpadu Sasambo)
ajat; hajat,ajat,,Sasak Umum,Ar hajat,,,Balai Bahasa Provinsi NTB (Kamus Terpadu Sasambo)
aji alip,aji alip,,Sasak Umum,upacara adat,,,Balai Bahasa Provinsi NTB (Kamus Terpadu Sasambo)
aji jumat,aji jumat,,Sasak Umum,(By) upacara keagamaan pada hari Jumat untuk menaikkan padi ke lumbung sehabis panen,,,Balai Bahasa Provinsi NTB (Kamus Terpadu Sasambo)
aji makam,aji makam,,Sasak Umum,(By) upacara mengunjungi dan kenduri di makam leluhur sebelum turun ke sawah,,,Balai Bahasa Provinsi NTB (Kamus Terpadu Sasambo)
aji turis,aji turis,,Sasak Umum,haji umroh ke Mekkah,,,Balai Bahasa Provinsi NTB (Kamus Terpadu Sasambo)
"aji, aji-aji",aji,,Sasak Umum,nama guna-guna atau ilmu alat kekebalan,,,Balai Bahasa Provinsi NTB (Kamus Terpadu Sasambo)
aji; eji,aji,,Sasak Umum,baca dan pelajari,,,Balai Bahasa Provinsi NTB (Kamus Terpadu Sasambo)
ajian,ajian,,Sasak Umum,bacaan (pelajaran Alquran),,,Balai Bahasa Provinsi NTB (Kamus Terpadu Sasambo)
"ajimat, azimat",ajimat,,Sasak Umum,jimat,,,Balai Bahasa Provinsi NTB (Kamus Terpadu Sasambo)
ajir; waris,ajir,,Sasak Umum,Ar perdana menteri raja; patih,,,Balai Bahasa Provinsi NTB (Kamus Terpadu Sasambo)
ajo lohor,ajo lohor,,Sasak Umum,(By) upacara pengajian khusus untuk menolak bala (di Masjid Agung Bayan),,,Balai Bahasa Provinsi NTB (Kamus Terpadu Sasambo)
ajong,ajong,,Sasak Umum,gerakan lengan waktu berjalan,,,Balai Bahasa Provinsi NTB (Kamus Terpadu Sasambo)
ajong embeq,ajong embeq,,Sasak Umum,ki melambaikan lengan tanpa memegang sesuatu (tangan kosong tanpa pembawaan),,,Balai Bahasa Provinsi NTB (Kamus Terpadu Sasambo)
ajong ombeq,ajong ombeq,,Sasak Umum,seseorang yang sudah menagih utang tetapi gagal,,,Balai Bahasa Provinsi NTB (Kamus Terpadu Sasambo)
ajongang,ajongang,,Sasak Umum,gerakkan lengan; lambaikan tangan,,,Balai Bahasa Provinsi NTB (Kamus Terpadu Sasambo)
"ajor, ngajor",ajor,,Sasak Umum,tidak membawa apa-apa (oleh-oleh dsb),,,Balai Bahasa Provinsi NTB (Kamus Terpadu Sasambo)
ajum,ajum,,Sasak Umum,sanjung; puji,,,Balai Bahasa Provinsi NTB (Kamus Terpadu Sasambo)
ajum diriq,ajum diriq,,Sasak Umum,sanjung diri,,,Balai Bahasa Provinsi NTB (Kamus Terpadu Sasambo)
ajur,ajur,,Sasak Umum,anjurkan,,,Balai Bahasa Provinsi NTB (Kamus Terpadu Sasambo)
akah gigi,akah gigi,,Sasak Umum,akar gigi yg di dl gusi,,,Balai Bahasa Provinsi NTB (Kamus Terpadu Sasambo)
akah kayuq,akah kayuq,,Sasak Umum,akar kayu,,,Balai Bahasa Provinsi NTB (Kamus Terpadu Sasambo)
akah lueq,akah lueq,,Sasak Umum,berakar banyak,,,Balai Bahasa Provinsi NTB (Kamus Terpadu Sasambo)
akah tunggal,akah tunggal,,Sasak Umum,berakar tunggal,,,Balai Bahasa Provinsi NTB (Kamus Terpadu Sasambo)
"akah, akah-akah",akah,,Sasak Umum,sejenis akar kayu yg dapat dijadikan obat,,,Balai Bahasa Provinsi NTB (Kamus Terpadu Sasambo)
akah; akar,akah,,Sasak Umum,akar,,,Balai Bahasa Provinsi NTB (Kamus Terpadu Sasambo)
akal cupak,akal cupak,,Sasak Umum,akal orang yg mau menang sendiri dng menjelek-jelekkan orang lain,,,Balai Bahasa Provinsi NTB (Kamus Terpadu Sasambo)
akal pikiran,akal pikiran,,Sasak Umum,akal pikiran,,,Balai Bahasa Provinsi NTB (Kamus Terpadu Sasambo)
akal songkoq,akal songkoq,,Sasak Umum,akal orang yg mau dapat untung sendiri saja,,,Balai Bahasa Provinsi NTB (Kamus Terpadu Sasambo)
akal-akalan,akal-akalan,,Sasak Umum,bohong-bohongan,,,Balai Bahasa Provinsi NTB (Kamus Terpadu Sasambo)
akal; akan,akal,,Sasak Umum,Ar akal,,,Balai Bahasa Provinsi NTB (Kamus Terpadu Sasambo)
akalang,akalang,,Sasak Umum,akalkan,,,Balai Bahasa Provinsi NTB (Kamus Terpadu Sasambo)
akalin,akalin,,Sasak Umum,akali,,,Balai Bahasa Provinsi NTB (Kamus Terpadu Sasambo)
"akaq, kakaq",akaq,,Sasak Umum,kakak,,,Balai Bahasa Provinsi NTB (Kamus Terpadu Sasambo)
akar bulu,akar bulu,,Sasak Umum,akar serabut,,,Balai Bahasa Provinsi NTB (Kamus Terpadu Sasambo)
akar pancer,akar pancer,,Sasak Umum,akar tunjang,,,Balai Bahasa Provinsi NTB (Kamus Terpadu Sasambo)
"akar, akar-akar",akar,,Sasak Umum,nama desa di kecamatan Bayan,,,Balai Bahasa Provinsi NTB (Kamus Terpadu Sasambo)
akat,akat,,Sasak Umum,Ar akad; janji kesepakatan,,,Balai Bahasa Provinsi NTB (Kamus Terpadu Sasambo)
akat nikah,akat nikah,,Sasak Umum,pelaksanaan nikah dgn ijab dan kabul,,,Balai Bahasa Provinsi NTB (Kamus Terpadu Sasambo)
akatang,akatang,,Sasak Umum,akadkan,,,Balai Bahasa Provinsi NTB (Kamus Terpadu Sasambo)
akbar,akbar,,Sasak Umum,Ar agung; besar (sifat Allah),,,Balai Bahasa Provinsi NTB (Kamus Terpadu Sasambo)
akik,akik,,Sasak Umum,akik,,,Balai Bahasa Provinsi NTB (Kamus Terpadu Sasambo)
akikah; akikat,akikah,,Sasak Umum,Ar hakikat,,,Balai Bahasa Provinsi NTB (Kamus Terpadu Sasambo)
akil,akil,,Sasak Umum,Ar berakal; cerdik; pandai,,,Balai Bahasa Provinsi NTB (Kamus Terpadu Sasambo)
akil alék,akil alék,,Sasak Umum,istilah untuk menyebut tahu membedakan baik dan buruk (15 tahun ke atas),,,Balai Bahasa Provinsi NTB (Kamus Terpadu Sasambo)
akil balik,akil balik,,Sasak Umum,akil balig,,,Balai Bahasa Provinsi NTB (Kamus Terpadu Sasambo)
akon,akon,,Sasak Umum,"angkat orang lain sbg anak, saudara, ayah, ibu, nenek atau kakek sendiri: aku mèlè kamu, aku ingin mengangkat kamu jadi anakku",,,Balai Bahasa Provinsi NTB (Kamus Terpadu Sasambo)
akon diriq,akon diriq,,Sasak Umum,menyerahkan diri untuk menjadi anak angkat orang lain,,,Balai Bahasa Provinsi NTB (Kamus Terpadu Sasambo)
akor,akor,,Sasak Umum,akur; seia sekata; bersatu hati,,,Balai Bahasa Provinsi NTB (Kamus Terpadu Sasambo)
akorang,akorang,,Sasak Umum,akurkan; persatu-kan,,,Balai Bahasa Provinsi NTB (Kamus Terpadu Sasambo)
aksama,aksama,,Sasak Umum,Skt buka; pembukaan,,,Balai Bahasa Provinsi NTB (Kamus Terpadu Sasambo)
aksara,aksara,,Sasak Umum,Skt huruf,,,Balai Bahasa Provinsi NTB (Kamus Terpadu Sasambo)
aksi,aksi,,Sasak Umum,aksi; gaya; tingkah laku,,,Balai Bahasa Provinsi NTB (Kamus Terpadu Sasambo)
aksi bikas,aksi bikas,,Sasak Umum,tampang,,,Balai Bahasa Provinsi NTB (Kamus Terpadu Sasambo)
"aksi-aksi, aksi-aksian",aksi-aksi,,Sasak Umum,gaya-gayaan,,,Balai Bahasa Provinsi NTB (Kamus Terpadu Sasambo)
aku; eku,aku,,Sasak Umum,(ksr) aku,,,Balai Bahasa Provinsi NTB (Kamus Terpadu Sasambo)
akuang,akuang,,Sasak Umum,berkata aku,,,Balai Bahasa Provinsi NTB (Kamus Terpadu Sasambo)
akup; yaqkup,akup,,Sasak Umum,Ar (nama Nabi) Yakub,,,Balai Bahasa Provinsi NTB (Kamus Terpadu Sasambo)
akuq,akuq,,Sasak Umum,mengaku; mengkelaim,,,Balai Bahasa Provinsi NTB (Kamus Terpadu Sasambo)
akuran,akuran,,Sasak Umum,agak akur,,,Balai Bahasa Provinsi NTB (Kamus Terpadu Sasambo)
ala,ala,,Sasak Umum,kata seru untuk menyatakan rasa kejengkelan,hambatan; kala; musibah; rintangan,,Balai Bahasa Provinsi NTB (Kamus Terpadu Sasambo)
alah,alah,,Sasak Umum,kalah,,,Balai Bahasa Provinsi NTB (Kamus Terpadu Sasambo)
"alah, alah-alah",alah,,Sasak Umum,seolah-olah; seakan-akan,,,Balai Bahasa Provinsi NTB (Kamus Terpadu Sasambo)
alahang,alahang,,Sasak Umum,mengalahkan,,,Balai Bahasa Provinsi NTB (Kamus Terpadu Sasambo)
alal lepang,alal lepang,,Sasak Umum,zaman purba (sebelum manusia mengenal halal haram),,,Balai Bahasa Provinsi NTB (Kamus Terpadu Sasambo)
"alal, alal bialal",alal,,Sasak Umum,"Ar hal maaf-memaafkan setelah menunaikan ibadah puasa Ramadan, biasanya diadakan di sebuah tempat (auditorium, aula, lapangan, dsb) oleh sekelompok orang",,,Balai Bahasa Provinsi NTB (Kamus Terpadu Sasambo)
alal; halal,alal,,Sasak Umum,Ar diizinkan (tidak dilarang oleh syara; halal,,,Balai Bahasa Provinsi NTB (Kamus Terpadu Sasambo)
alalang,alalang,,Sasak Umum,halalkan,,,Balai Bahasa Provinsi NTB (Kamus Terpadu Sasambo)
alam,alam,,Sasak Umum,"Ar segala yg ada di langit dan di bumi (seperti bumi, bintang, kekuatan)",,,Balai Bahasa Provinsi NTB (Kamus Terpadu Sasambo)
alam bakaq,alam bakaq,,Sasak Umum,tempat kekal roh halus atau roh yg sudah meninggal dunia,,,Balai Bahasa Provinsi NTB (Kamus Terpadu Sasambo)
alam barsah,alam barsah,,Sasak Umum,alam dr waktu mati sampai dibangkitkan dr mati pd hari kiamat; alam kubur,,,Balai Bahasa Provinsi NTB (Kamus Terpadu Sasambo)
alam dahir,alam dahir,,Sasak Umum,alam zahir,,,Balai Bahasa Provinsi NTB (Kamus Terpadu Sasambo)
alam daur,alam daur,,Sasak Umum,selandir; raja negeri Selan dl cerita pewayangan,,,Balai Bahasa Provinsi NTB (Kamus Terpadu Sasambo)
alam kodeq,alam kodeq,,Sasak Umum,badan manusia,,,Balai Bahasa Provinsi NTB (Kamus Terpadu Sasambo)
"alam, alamin",alam,,Sasak Umum,Ar alami,,,Balai Bahasa Provinsi NTB (Kamus Terpadu Sasambo)
alamat,alamat,,Sasak Umum,nama dan tempat tinggal seseorang,,,Balai Bahasa Provinsi NTB (Kamus Terpadu Sasambo)
alamatang,alamatang,,Sasak Umum,alamatkan,,,Balai Bahasa Provinsi NTB (Kamus Terpadu Sasambo)
alang,alang,,Sasak Umum,"lumbung padi, berbentuk bulat yg atap dan dindingnya terbuat dr alang-alang, biasanya terdapat di daerah Pujut",,,Balai Bahasa Provinsi NTB (Kamus Terpadu Sasambo)
"alang, alangan",alang,,Sasak Umum,"hal yg menjadi sebab tidak terlaksananya suatu rencana (maksud, keinginan) atau terhentinya suatu pekerjaan; halangan",,,Balai Bahasa Provinsi NTB (Kamus Terpadu Sasambo)
alangin,alangin,,Sasak Umum,halangi,,,Balai Bahasa Provinsi NTB (Kamus Terpadu Sasambo)
alap,alap,,Sasak Umum,"nama putri, pelakon dl hikayat negeri Syam",,,Balai Bahasa Provinsi NTB (Kamus Terpadu Sasambo)
alap aiq,alap aiq,,Sasak Umum,pintu masuk air ke sawah,,,Balai Bahasa Provinsi NTB (Kamus Terpadu Sasambo)
alap putri,alap putri,,Sasak Umum,nama tenunan suci untuk upacara adat di Sembalun,,,Balai Bahasa Provinsi NTB (Kamus Terpadu Sasambo)
"alap, alap-alap",alap,,Sasak Umum,sejenis binatang serangga,,,Balai Bahasa Provinsi NTB (Kamus Terpadu Sasambo)
"alap, alapan",alap,,Sasak Umum,pintu masuk air ke sawah,,,Balai Bahasa Provinsi NTB (Kamus Terpadu Sasambo)
"alap, ngalap",alap,,Sasak Umum,gotong royong,,,Balai Bahasa Provinsi NTB (Kamus Terpadu Sasambo)
"alar, nalar",alar,,Sasak Umum,menghafal tanpa mengeja,,,Balai Bahasa Provinsi NTB (Kamus Terpadu Sasambo)
alas,alas,,Sasak Umum,Jw hutan,,,Balai Bahasa Provinsi NTB (Kamus Terpadu Sasambo)
alas; apah,alas,,Sasak Umum,alas,,,Balai Bahasa Provinsi NTB (Kamus Terpadu Sasambo)
alasan,alasan,,Sasak Umum,alasan,,,Balai Bahasa Provinsi NTB (Kamus Terpadu Sasambo)
alat,alat,,Sasak Umum,alat; perlatan; benda yg dipakai untuk mengerjakan sesuatu,,,Balai Bahasa Provinsi NTB (Kamus Terpadu Sasambo)
"ale, ale-ale",ale,,Sasak Umum,anai-anai yg bersayap; laron,,,Balai Bahasa Provinsi NTB (Kamus Terpadu Sasambo)
"ale, pale-ale; paleq-aleq",ale,,Sasak Umum,uber; kejar,,,Balai Bahasa Provinsi NTB (Kamus Terpadu Sasambo)
aleh,aleh,,Sasak Umum,pindah(kan),,,Balai Bahasa Provinsi NTB (Kamus Terpadu Sasambo)
alehang,alehang,,Sasak Umum,pindahkan,,,Balai Bahasa Provinsi NTB (Kamus Terpadu Sasambo)
"alem, alemang",alem,,Sasak Umum,biarkan,curigai,,Balai Bahasa Provinsi NTB (Kamus Terpadu Sasambo)
alem-alemang,alem-alemang,,Sasak Umum,awas-awasi,,,Balai Bahasa Provinsi NTB (Kamus Terpadu Sasambo)
"aleng, ngaleng",aleng,,Sasak Umum,terpingkal-pingkal,,,Balai Bahasa Provinsi NTB (Kamus Terpadu Sasambo)
alep,alep,,Sasak Umum,kalem; lembut; lemah lembut,,,Balai Bahasa Provinsi NTB (Kamus Terpadu Sasambo)
alepan,alepan,,Sasak Umum,lebih kalem; lebih lembut; lebih lemah lembut,,,Balai Bahasa Provinsi NTB (Kamus Terpadu Sasambo)
"ales, ngales",ales,,Sasak Umum,lentur,,,Balai Bahasa Provinsi NTB (Kamus Terpadu Sasambo)
alet,alet,,Sasak Umum,alas talam yg terbuat dr daun enau yg disebut dulang,,,Balai Bahasa Provinsi NTB (Kamus Terpadu Sasambo)
"alet, ngalet",alet,,Sasak Umum,lamban,,,Balai Bahasa Provinsi NTB (Kamus Terpadu Sasambo)
aletang,aletang,,Sasak Umum,berikan alas alet,,,Balai Bahasa Provinsi NTB (Kamus Terpadu Sasambo)
alhak,alhak,,Sasak Umum,Ar yang benar; hak,,,Balai Bahasa Provinsi NTB (Kamus Terpadu Sasambo)
ali,ali,,Sasak Umum,Ar Ali (nama orang),,,Balai Bahasa Provinsi NTB (Kamus Terpadu Sasambo)
"ali, ali-ali; eli-eli",ali,,Sasak Umum,cincin,,,Balai Bahasa Provinsi NTB (Kamus Terpadu Sasambo)
"ali, kali-ali",ali,,Sasak Umum,setengah kering,,,Balai Bahasa Provinsi NTB (Kamus Terpadu Sasambo)
alias n,alias n,,Sasak Umum,alias; nama lain,Elias (salah satu nama nabi),,Balai Bahasa Provinsi NTB (Kamus Terpadu Sasambo)
alim,alim,,Sasak Umum,Ar berilmu (terutama dl hal agama Islam),,,Balai Bahasa Provinsi NTB (Kamus Terpadu Sasambo)
alim tain jaran,alim tain jaran,,Sasak Umum,istilah untuk menyebut seseorang yg rupanya alim tetapi sebenarnya tidak,,,Balai Bahasa Provinsi NTB (Kamus Terpadu Sasambo)
alim-aliman,alim-aliman,,Sasak Umum,orang yg pura-pura alim,,,Balai Bahasa Provinsi NTB (Kamus Terpadu Sasambo)
aliman,aliman,,Sasak Umum,lebih alim; lebih saleh,,,Balai Bahasa Provinsi NTB (Kamus Terpadu Sasambo)
"aling, aling-aling",aling,,Sasak Umum,nama alat perbengkelan,,,Balai Bahasa Provinsi NTB (Kamus Terpadu Sasambo)
"aling, alingang",aling,,Sasak Umum,angin-anginkan (jemur pada tempat naungan),,,Balai Bahasa Provinsi NTB (Kamus Terpadu Sasambo)
"aling, kaling, kolang-kaling",aling,,Sasak Umum,"nama sejenis jajan yg berbentuk angka delapan, terbuat dr beras campur gula",,,Balai Bahasa Provinsi NTB (Kamus Terpadu Sasambo)
aling-alingang,aling-alingang,,Sasak Umum,jemur pada tempat yg teduh,,,Balai Bahasa Provinsi NTB (Kamus Terpadu Sasambo)
alip,alip,,Sasak Umum,pesta adat,nama huruf pertama abjad Arab,,Balai Bahasa Provinsi NTB (Kamus Terpadu Sasambo)
alip (luir) gama,alip  gama,,Sasak Umum,upacara adat taun alip sbg adat semata-mata,,,Balai Bahasa Provinsi NTB (Kamus Terpadu Sasambo)
alip adat gama,alip adat gama,,Sasak Umum,upacara dr taun alip yg ada hubungannya dng keagamaan,,,Balai Bahasa Provinsi NTB (Kamus Terpadu Sasambo)
alip ba ta,alip ba ta,,Sasak Umum,"susunan abjad Arab, sama dng a, b, c, dst",,,Balai Bahasa Provinsi NTB (Kamus Terpadu Sasambo)
alip mata mukinat,alip mata mukinat,,Sasak Umum,upacara alip dng tujuan membersihkan batin,,,Balai Bahasa Provinsi NTB (Kamus Terpadu Sasambo)
alip mata pireq,alip mata pireq,,Sasak Umum,upacara alip dng tujuan membersihkan jasmani,,,Balai Bahasa Provinsi NTB (Kamus Terpadu Sasambo)
alip pasek beton,alip pasek beton,,Sasak Umum,upacara alip untuk menguatkan gigi,,,Balai Bahasa Provinsi NTB (Kamus Terpadu Sasambo)
alip tadong lampin,alip tadong lampin,,Sasak Umum,upacara alip untuk menghormati kelahiran manusia,,,Balai Bahasa Provinsi NTB (Kamus Terpadu Sasambo)
"alir, ngalir, elik",alir,,Sasak Umum,mengalir,,,Balai Bahasa Provinsi NTB (Kamus Terpadu Sasambo)
aliran,aliran,,Sasak Umum,aliran,,,Balai Bahasa Provinsi NTB (Kamus Terpadu Sasambo)
alirang,alirang,,Sasak Umum,mengalirkan,,,Balai Bahasa Provinsi NTB (Kamus Terpadu Sasambo)
alis,alis,,Sasak Umum,alis,,,Balai Bahasa Provinsi NTB (Kamus Terpadu Sasambo)
alit,alit,,Sasak Umum,"tali yg dipintal dr serat pohon pisang, rapia atau karung dll untuk bermain gasing",kecil,,Balai Bahasa Provinsi NTB (Kamus Terpadu Sasambo)
alkas,alkas,,Sasak Umum,Ar nama seorang patih dl cerita pewayangan Sasak 'Ménak' pada episode 'ceritâ Pétal Jemur,,,Balai Bahasa Provinsi NTB (Kamus Terpadu Sasambo)
alo,alo,,Sasak Umum,ayo,halo (untuk panggilan),,Balai Bahasa Provinsi NTB (Kamus Terpadu Sasambo)
aloh,aloh,,Sasak Umum,kata seru untuk mengajak dsb,,,Balai Bahasa Provinsi NTB (Kamus Terpadu Sasambo)
"alok, alokang",alok,,Sasak Umum,anjurkan,,,Balai Bahasa Provinsi NTB (Kamus Terpadu Sasambo)
alon-alon,alon-alon,,Sasak Umum,perlahan-lahan,,,Balai Bahasa Provinsi NTB (Kamus Terpadu Sasambo)
alonan,alonan,,Sasak Umum,lambankan; pelankan,,,Balai Bahasa Provinsi NTB (Kamus Terpadu Sasambo)
along,along,,Sasak Umum,berkurang,,,Balai Bahasa Provinsi NTB (Kamus Terpadu Sasambo)
"along, nyalong",along,,Sasak Umum,lalat raksasa; lalat hijau besar,,,Balai Bahasa Provinsi NTB (Kamus Terpadu Sasambo)
alongan,alongan,,Sasak Umum,agak berkurang,,,Balai Bahasa Provinsi NTB (Kamus Terpadu Sasambo)
alongin,alongin,,Sasak Umum,kurangi,,,Balai Bahasa Provinsi NTB (Kamus Terpadu Sasambo)
alor,alor,,Sasak Umum,nama pulau di Nusa Tenggara Timur,,,Balai Bahasa Provinsi NTB (Kamus Terpadu Sasambo)
"alor, nyalor",alor,,Sasak Umum,melotot (mata),,,Balai Bahasa Provinsi NTB (Kamus Terpadu Sasambo)
alot,alot,,Sasak Umum,Jw lambat; lama sekali,,,Balai Bahasa Provinsi NTB (Kamus Terpadu Sasambo)
alotan,alotan,,Sasak Umum,agak lambat,,,Balai Bahasa Provinsi NTB (Kamus Terpadu Sasambo)
alu,alu,,Sasak Umum,alu; ulat untuk menumbuk padi dsb yg dibuat dr kayu,sewa; undang; kontrak,,Balai Bahasa Provinsi NTB (Kamus Terpadu Sasambo)
alu aiq,alu aiq,,Sasak Umum,"acara menyongsong air keramat untuk keperluan upacara adat (potong rambut, khitanan)",,,Balai Bahasa Provinsi NTB (Kamus Terpadu Sasambo)
alu gamelan,alu gamelan,,Sasak Umum,mengundang gamelan,,,Balai Bahasa Provinsi NTB (Kamus Terpadu Sasambo)
"alu-alu, kalu-alu",alu-alu,,Sasak Umum,oleh-oleh,,,Balai Bahasa Provinsi NTB (Kamus Terpadu Sasambo)
alu; aluq; elu,alu,,Sasak Umum,jemput; songsong,,,Balai Bahasa Provinsi NTB (Kamus Terpadu Sasambo)
aluat,aluat,,Sasak Umum,semedi; tafakur; perihal merenung agar dapat dekat dng Tuhan,,,Balai Bahasa Provinsi NTB (Kamus Terpadu Sasambo)
aluh,aluh,,Sasak Umum,perlahan (hati-hati),,,Balai Bahasa Provinsi NTB (Kamus Terpadu Sasambo)
aluh-aluh,aluh-aluh,,Sasak Umum,pelan-pelan; lambat-lambat,,,Balai Bahasa Provinsi NTB (Kamus Terpadu Sasambo)
aluhan,aluhan,,Sasak Umum,pelankan,,,Balai Bahasa Provinsi NTB (Kamus Terpadu Sasambo)
alun-alun,alun-alun,,Sasak Umum,alun-alun; lapangan,,,Balai Bahasa Provinsi NTB (Kamus Terpadu Sasambo)
alung,alung,,Sasak Umum,"naung; berada di bawah sesuatu yg besar (pohon, rumah dsb)",,,Balai Bahasa Provinsi NTB (Kamus Terpadu Sasambo)
alung-alung,alung-alung,,Sasak Umum,teduh; tidak panas,,,Balai Bahasa Provinsi NTB (Kamus Terpadu Sasambo)
alungin,alungin,,Sasak Umum,naungi,,,Balai Bahasa Provinsi NTB (Kamus Terpadu Sasambo)
"aluq, aluq-aluq, kaluq-aluq",aluq,,Sasak Umum,oleh-oleh,,,Balai Bahasa Provinsi NTB (Kamus Terpadu Sasambo)
alur-alur,alur-alur,,Sasak Umum,biar(lah),,,Balai Bahasa Provinsi NTB (Kamus Terpadu Sasambo)
alur; adeq,alur,,Sasak Umum,biar(kan),,,Balai Bahasa Provinsi NTB (Kamus Terpadu Sasambo)
alurang,alurang,,Sasak Umum,biarkan,,,Balai Bahasa Provinsi NTB (Kamus Terpadu Sasambo)
alus-alus,alus-alus,,Sasak Umum,halus-halus,,,Balai Bahasa Provinsi NTB (Kamus Terpadu Sasambo)
alus-alusang,alus-alusang,,Sasak Umum,membanding-bandingkan kehalusan sesuatu barang,,,Balai Bahasa Provinsi NTB (Kamus Terpadu Sasambo)
alus; alos,alus,,Sasak Umum,tidak kasar; lembut; licin,,,Balai Bahasa Provinsi NTB (Kamus Terpadu Sasambo)
alusan,alusan,,Sasak Umum,lebih halus,,,Balai Bahasa Provinsi NTB (Kamus Terpadu Sasambo)
alusang,alusang,,Sasak Umum,haluskan,,,Balai Bahasa Provinsi NTB (Kamus Terpadu Sasambo)
alusin,alusin,,Sasak Umum,halusi,,,Balai Bahasa Provinsi NTB (Kamus Terpadu Sasambo)
ama,ama,,Sasak Umum,"jantan, pejantan",,,Balai Bahasa Provinsi NTB (Kamus Terpadu Sasambo)
"amah, mamah",amah,,Sasak Umum,makan (pernyataan marah yg disamakan seperti binatang),,,Balai Bahasa Provinsi NTB (Kamus Terpadu Sasambo)
amal bakti,amal bakti,,Sasak Umum,amal bakti; pengabdian; berbuat baik,,,Balai Bahasa Provinsi NTB (Kamus Terpadu Sasambo)
amal saleh,amal saleh,,Sasak Umum,perbuatan yg sungguh-sungguh dl menjalankan ibadah atau menunaikan kewajiban agama seperti perbuatan baik thd sesama manusia,,,Balai Bahasa Provinsi NTB (Kamus Terpadu Sasambo)
amal-amalan n,amal-amalan n,,Sasak Umum,bacaan wirid yg terus menerus,,,Balai Bahasa Provinsi NTB (Kamus Terpadu Sasambo)
amal; aman,amal,,Sasak Umum,amal; perbuatan (baik atau buruk),,,Balai Bahasa Provinsi NTB (Kamus Terpadu Sasambo)
amalan,amalan,,Sasak Umum,"perbuatan, bacaan yg harus dikerjakan dl rangkaian ibadah, seperti dl ibadah haji dan salat",,,Balai Bahasa Provinsi NTB (Kamus Terpadu Sasambo)
amanah,amanah,,Sasak Umum,Ar amanah; dapat dipercaya (boleh dipercaya),,,Balai Bahasa Provinsi NTB (Kamus Terpadu Sasambo)
amanah patanah,amanah patanah,,Sasak Umum,sifat-sifat terpuji (dapat dipercaya dan cerdas) dr diri Nabi Muhamad SAW,,,Balai Bahasa Provinsi NTB (Kamus Terpadu Sasambo)
amanan,amanan,,Sasak Umum,lebih aman; agak aman,,,Balai Bahasa Provinsi NTB (Kamus Terpadu Sasambo)
amanang,amanang,,Sasak Umum,amankan,,,Balai Bahasa Provinsi NTB (Kamus Terpadu Sasambo)
amanat,amanat,,Sasak Umum,Ar pesan,,,Balai Bahasa Provinsi NTB (Kamus Terpadu Sasambo)
amanatang,amanatang,,Sasak Umum,amanatkan,,,Balai Bahasa Provinsi NTB (Kamus Terpadu Sasambo)
amaq,amaq,,Sasak Umum,ayah (untuk golongan rakyat kebanyakan yg disebut golongan Jajar Karang atau Kaulâ,,,Balai Bahasa Provinsi NTB (Kamus Terpadu Sasambo)
amaq aber,amaq aber,,Sasak Umum,nama pelakon dl cerita sandiwara kelasik Lombok,,,Balai Bahasa Provinsi NTB (Kamus Terpadu Sasambo)
amaq akon,amaq akon,,Sasak Umum,ayah angkat,,,Balai Bahasa Provinsi NTB (Kamus Terpadu Sasambo)
amaq amet,amaq amet,,Sasak Umum,nama pelakon dalam wayang kulit Ménak Sasak dari Gerung yg membawa peran dagelan dng dalang Nasib AR,,,Balai Bahasa Provinsi NTB (Kamus Terpadu Sasambo)
amaq ampu,amaq ampu,,Sasak Umum,ayah yg mengampu (menjadi wali angkat) seorang anak,,,Balai Bahasa Provinsi NTB (Kamus Terpadu Sasambo)
amaq balang tamaq,amaq balang tamaq,,Sasak Umum,nama pelakon dr cerita Bali,,,Balai Bahasa Provinsi NTB (Kamus Terpadu Sasambo)
amaq bangkol,amaq bangkol,,Sasak Umum,nama pelakon dl cerita rakyat Lombok yg tidak mempunyai anak (mandul),,,Balai Bahasa Provinsi NTB (Kamus Terpadu Sasambo)
amaq bedel,amaq bedel,,Sasak Umum,si buncit,,,Balai Bahasa Provinsi NTB (Kamus Terpadu Sasambo)
amaq embuq,amaq embuq,,Sasak Umum,ayah dr anak yg dipungut,,,Balai Bahasa Provinsi NTB (Kamus Terpadu Sasambo)
amaq entong,amaq entong,,Sasak Umum,si penurut (dikatakan kpd orang yg selalu mau ikut kemana saja orang pergi),,,Balai Bahasa Provinsi NTB (Kamus Terpadu Sasambo)
amaq kaka,amaq kaka,,Sasak Umum,kakak laki-laki ayah/ibu,,,Balai Bahasa Provinsi NTB (Kamus Terpadu Sasambo)
amaq kangkung,amaq kangkung,,Sasak Umum,sebutan bagi seorang laki-laki atau ayah dr golongan orang kebanyakan,,,Balai Bahasa Provinsi NTB (Kamus Terpadu Sasambo)
amaq keseq bonges,amaq keseq bonges,,Sasak Umum,nama pelakon dl cerita wayang yg mukanya jelek dan kasar,,,Balai Bahasa Provinsi NTB (Kamus Terpadu Sasambo)
amaq kuni,amaq kuni,,Sasak Umum,ayah kandung,,,Balai Bahasa Provinsi NTB (Kamus Terpadu Sasambo)
amaq peras,amaq peras,,Sasak Umum,ayah angkat (resmi secara adat),,,Balai Bahasa Provinsi NTB (Kamus Terpadu Sasambo)
amaq rambok,amaq rambok,,Sasak Umum,si ayah uban,,,Balai Bahasa Provinsi NTB (Kamus Terpadu Sasambo)
amaq rari,amaq rari,,Sasak Umum,adik laki-laki ayah/ibu,,,Balai Bahasa Provinsi NTB (Kamus Terpadu Sasambo)
amaq saiq,amaq saiq,,Sasak Umum,adik laki-laki ayah/ibu,,,Balai Bahasa Provinsi NTB (Kamus Terpadu Sasambo)
amaq tebon,amaq tebon,,Sasak Umum,sebutan/ panggilan bagi laki-laki yg istrinya sedang mengandung,,,Balai Bahasa Provinsi NTB (Kamus Terpadu Sasambo)
amaq tekoah,amaq tekoah,,Sasak Umum,nama pelakon dl cerita rakyat tt keluarga yg miskin dan melarat,,,Balai Bahasa Provinsi NTB (Kamus Terpadu Sasambo)
amaq tereq,amaq tereq,,Sasak Umum,ayah tiri,,,Balai Bahasa Provinsi NTB (Kamus Terpadu Sasambo)
amaq-amaqan,amaq-amaqan,,Sasak Umum,ayah-ayahan; berlaku sbg ayah yg sesungguhnya,,,Balai Bahasa Provinsi NTB (Kamus Terpadu Sasambo)
amar,amar,,Sasak Umum,Ar menganjurkan berbuat baik (sesuai ajaran agama),,,Balai Bahasa Provinsi NTB (Kamus Terpadu Sasambo)
amar dait nahi,amar dait nahi,,Sasak Umum,perintah dan larangan (Tuhan),,,Balai Bahasa Provinsi NTB (Kamus Terpadu Sasambo)
amarin,amarin,,Sasak Umum,amari; anjurkan berbuat baik,,,Balai Bahasa Provinsi NTB (Kamus Terpadu Sasambo)
"amas, amasin",amas,,Sasak Umum,bela,,,Balai Bahasa Provinsi NTB (Kamus Terpadu Sasambo)
"amas, samas",amas,,Sasak Umum,Jw empat ratusan (400-an),,,Balai Bahasa Provinsi NTB (Kamus Terpadu Sasambo)
amat,amat,,Sasak Umum,"Ar nama/panggilan orang; Ahmad (panggilan ini dapat menjadi : Amet, Nyamet, Améq, Nyaméq, Mat, dan Nyamat)",,,Balai Bahasa Provinsi NTB (Kamus Terpadu Sasambo)
amat ocong,amat ocong,,Sasak Umum,"nama pelaku/pelawak dl cerita kocak wayang Sasak dr Gerung; berpasangan dng Amaq Amet, Amaq Baok, dan Inaq Litet)",,,Balai Bahasa Provinsi NTB (Kamus Terpadu Sasambo)
"amba, amba-amba, kamba-amba",amba,,Sasak Umum,terjuai-jurai (rambut),,,Balai Bahasa Provinsi NTB (Kamus Terpadu Sasambo)
ambal Mekah,ambal mekah,,Sasak Umum,hambal dr Mekah,,,Balai Bahasa Provinsi NTB (Kamus Terpadu Sasambo)
"ambal, ambal-ambal, beambal-ambalan",ambal,,Sasak Umum,berjalan bergan-dengan secara bersaf,,,Balai Bahasa Provinsi NTB (Kamus Terpadu Sasambo)
ambal; amban,ambal,,Sasak Umum,Ar hambal (kain permadani),,,Balai Bahasa Provinsi NTB (Kamus Terpadu Sasambo)
ambar sari,ambar sari,,Sasak Umum,nama pelaku dl hikayat Melayu-Arab,,,Balai Bahasa Provinsi NTB (Kamus Terpadu Sasambo)
ambar westu,ambar westu,,Sasak Umum,"nama sejenis rumput untuk obat, Andropogon Muricatus of Zizaniooides Urban",,,Balai Bahasa Provinsi NTB (Kamus Terpadu Sasambo)
"ambar, ambaran",ambar,,Sasak Umum,keadaan bebas lepas (tidak diikat),,,Balai Bahasa Provinsi NTB (Kamus Terpadu Sasambo)
ambarang,ambarang,,Sasak Umum,bebaskan,,,Balai Bahasa Provinsi NTB (Kamus Terpadu Sasambo)
ambe,ambe,,Sasak Umum,ucapan mengaminkan doa yg diucapkan/dibaca seseorang,,,Balai Bahasa Provinsi NTB (Kamus Terpadu Sasambo)
ambek,ambek,,Sasak Umum,melimpah (hasil sesuatu),kemauan,,Balai Bahasa Provinsi NTB (Kamus Terpadu Sasambo)
"ambek, ngambek",ambek,,Sasak Umum,Jw ngambek; agak marah,,,Balai Bahasa Provinsi NTB (Kamus Terpadu Sasambo)
ambel,ambel,,Sasak Umum,berondong/hadang (dng tali),,,Balai Bahasa Provinsi NTB (Kamus Terpadu Sasambo)
amben,amben,,Sasak Umum,serambi tambahan (semacam teras),,,Balai Bahasa Provinsi NTB (Kamus Terpadu Sasambo)
amben beleq,amben beleq,,Sasak Umum,serambi induk pada induk rumah tradisional di bayan,,,Balai Bahasa Provinsi NTB (Kamus Terpadu Sasambo)
amben julu,amben julu,,Sasak Umum,serambi muka,,,Balai Bahasa Provinsi NTB (Kamus Terpadu Sasambo)
amben mudi,amben mudi,,Sasak Umum,serambi belakang,,,Balai Bahasa Provinsi NTB (Kamus Terpadu Sasambo)
ambeng,ambeng,,Sasak Umum,"bagian, tempat di hadapan seseorang",,,Balai Bahasa Provinsi NTB (Kamus Terpadu Sasambo)
ambeng-ambengan,ambeng-ambengan,,Sasak Umum,tempat yg menjadi bagian seseorang,,,Balai Bahasa Provinsi NTB (Kamus Terpadu Sasambo)
ambeng; amben,ambeng,,Sasak Umum,tempat utk memasak,,,Balai Bahasa Provinsi NTB (Kamus Terpadu Sasambo)
ambes,ambes,,Sasak Umum,gigit,,,Balai Bahasa Provinsi NTB (Kamus Terpadu Sasambo)
"ambes, kambes",ambes,,Sasak Umum,serempet; sentuh,,,Balai Bahasa Provinsi NTB (Kamus Terpadu Sasambo)
ambik; ambil,ambik,,Sasak Umum,sambil,,,Balai Bahasa Provinsi NTB (Kamus Terpadu Sasambo)
"ambil, ambilang",ambil,,Sasak Umum,melakukan pekerjaan lain di samping pekerjaan pokok pd waktu senggang; sambil; menyambi,,,Balai Bahasa Provinsi NTB (Kamus Terpadu Sasambo)
"ambis, berambis",ambis,,Sasak Umum,mirip; hampir sama (rupa),,,Balai Bahasa Provinsi NTB (Kamus Terpadu Sasambo)
"ambis, ngambis",ambis,,Sasak Umum,kurang ajar thd seseorang,membersihkan (pematang sawah),,Balai Bahasa Provinsi NTB (Kamus Terpadu Sasambo)
"ambis-ambisan, mambis-mambisan",ambis-ambisan,,Sasak Umum,sedikit mirip; agak mirip,,,Balai Bahasa Provinsi NTB (Kamus Terpadu Sasambo)
ambisin,ambisin,,Sasak Umum,bersihkan (pematang sawah),,,Balai Bahasa Provinsi NTB (Kamus Terpadu Sasambo)
ambon,ambon,,Sasak Umum,ubi,negeri atau orang Ambon di Maluku,,Balai Bahasa Provinsi NTB (Kamus Terpadu Sasambo)
ambon gula,ambon gula,,Sasak Umum,ubi jalar yg merah isinya dan rasanya manis,,,Balai Bahasa Provinsi NTB (Kamus Terpadu Sasambo)
ambon jamaq,ambon jamaq,,Sasak Umum,ubi jalar,,,Balai Bahasa Provinsi NTB (Kamus Terpadu Sasambo)
ambon jawa,ambon jawa,,Sasak Umum,ubi kayu; singkong,,,Balai Bahasa Provinsi NTB (Kamus Terpadu Sasambo)
ambon lepaq,ambon lepaq,,Sasak Umum,ubi yg dimasak bulat-bulat dng kulitnya,,,Balai Bahasa Provinsi NTB (Kamus Terpadu Sasambo)
ambong,ambong,,Sasak Umum,serat,,,Balai Bahasa Provinsi NTB (Kamus Terpadu Sasambo)
ambong nanas,ambong nanas,,Sasak Umum,serat daun nanas,,,Balai Bahasa Provinsi NTB (Kamus Terpadu Sasambo)
ambong sutra,ambong sutra,,Sasak Umum,serat benang sutra,,,Balai Bahasa Provinsi NTB (Kamus Terpadu Sasambo)
ambong waru,ambong waru,,Sasak Umum,serat kulit batang waru,,,Balai Bahasa Provinsi NTB (Kamus Terpadu Sasambo)
ambong-ambong,ambong-ambong,,Sasak Umum,serat yg dipergunakan sebagai bulu sesatang (pembawa mana) pada barang atau juli barang (juli untuk memikul temantén),,,Balai Bahasa Provinsi NTB (Kamus Terpadu Sasambo)
ambong; amboq; ampoq,ambong,,Sasak Umum,tam-bah; lagi,,,Balai Bahasa Provinsi NTB (Kamus Terpadu Sasambo)
ambongin,ambongin,,Sasak Umum,serati,,,Balai Bahasa Provinsi NTB (Kamus Terpadu Sasambo)
"ambongin, amboqin",ambongin,,Sasak Umum,tam-bahi,,,Balai Bahasa Provinsi NTB (Kamus Terpadu Sasambo)
amboq,amboq,,Sasak Umum,angkuh,,,Balai Bahasa Provinsi NTB (Kamus Terpadu Sasambo)
amboq-amboqan,amboq-amboqan,,Sasak Umum,agak angkuh,,,Balai Bahasa Provinsi NTB (Kamus Terpadu Sasambo)
ambor,ambor,,Sasak Umum,royal; pemboros,,,Balai Bahasa Provinsi NTB (Kamus Terpadu Sasambo)
ambor; embor,ambor,,Sasak Umum,membual,,,Balai Bahasa Provinsi NTB (Kamus Terpadu Sasambo)
ambu,ambu,,Sasak Umum,daun enau yg muda,,,Balai Bahasa Provinsi NTB (Kamus Terpadu Sasambo)
ambu-ambu,ambu-ambu,,Sasak Umum,bau-bau; tercium baunya,,,Balai Bahasa Provinsi NTB (Kamus Terpadu Sasambo)
ambu; embu,ambu,,Sasak Umum,"apa yg dapat ditangkap oleh indra pencium (seperti anyir, harum, busuk)",,,Balai Bahasa Provinsi NTB (Kamus Terpadu Sasambo)
"ambuk, ambek",ambuk,,Sasak Umum,musim,,,Balai Bahasa Provinsi NTB (Kamus Terpadu Sasambo)
ambul,ambul,,Sasak Umum,memang; sebenarnya,,,Balai Bahasa Provinsi NTB (Kamus Terpadu Sasambo)
"ambul, ambulang",ambul,,Sasak Umum,memberi izin (tanpa keikhlasan),,,Balai Bahasa Provinsi NTB (Kamus Terpadu Sasambo)
"ambul, ngambul",ambul,,Sasak Umum,merajuk,,,Balai Bahasa Provinsi NTB (Kamus Terpadu Sasambo)
ambulin,ambulin,,Sasak Umum,izini; beri izin,,,Balai Bahasa Provinsi NTB (Kamus Terpadu Sasambo)
ambuq,ambuq,,Sasak Umum,cacar,cium (bau),,Balai Bahasa Provinsi NTB (Kamus Terpadu Sasambo)
ambuqang,ambuqang,,Sasak Umum,ciumkan (bau),,,Balai Bahasa Provinsi NTB (Kamus Terpadu Sasambo)
ambur,ambur,,Sasak Umum,hambur(kan),,,Balai Bahasa Provinsi NTB (Kamus Terpadu Sasambo)
"ambur, ambur-ambur, ambur-amburang",ambur,,Sasak Umum,perbesar (nyala api),,,Balai Bahasa Provinsi NTB (Kamus Terpadu Sasambo)
ambur-amburang,ambur-amburang,,Sasak Umum,hambur-hamburkan,,,Balai Bahasa Provinsi NTB (Kamus Terpadu Sasambo)
amel,amel,,Sasak Umum,gigit sambil mengunyah,,,Balai Bahasa Provinsi NTB (Kamus Terpadu Sasambo)
ameng,ameng,,Sasak Umum,pembantu perempuan; budak perempuan; istri simpanan tanpa nikah,,,Balai Bahasa Provinsi NTB (Kamus Terpadu Sasambo)
"ameng, ameng-ameng",ameng,,Sasak Umum,makan lumat (daging atau makanan lain),,,Balai Bahasa Provinsi NTB (Kamus Terpadu Sasambo)
ameq,ameq,,Sasak Umum,panggilan singkat dari orang yg bernama Muhammad,,,Balai Bahasa Provinsi NTB (Kamus Terpadu Sasambo)
amer,amer,,Sasak Umum,godam; martil besar,,,Balai Bahasa Provinsi NTB (Kamus Terpadu Sasambo)
amerang,amerang,,Sasak Umum,hantamkan,,,Balai Bahasa Provinsi NTB (Kamus Terpadu Sasambo)
ames n,ames n,,Sasak Umum,warnai (kain),nama desa di wilayah kecamatan Lombok Timur,,Balai Bahasa Provinsi NTB (Kamus Terpadu Sasambo)
ames; amok,ames,,Sasak Umum,"remas; peras (kelapa, adonan)",,,Balai Bahasa Provinsi NTB (Kamus Terpadu Sasambo)
amesan,amesan,,Sasak Umum,remasan,,,Balai Bahasa Provinsi NTB (Kamus Terpadu Sasambo)
amet,amet,,Sasak Umum,ikat,,,Balai Bahasa Provinsi NTB (Kamus Terpadu Sasambo)
amet = aben; ampés; peléwas; peléntong v,amet = aben,,Sasak Umum,lempar,,,Balai Bahasa Provinsi NTB (Kamus Terpadu Sasambo)
amet; ampes; pelentong; pelewas,amet,,Sasak Umum,lempar,,,Balai Bahasa Provinsi NTB (Kamus Terpadu Sasambo)
ametan,ametan,,Sasak Umum,ikatan,,,Balai Bahasa Provinsi NTB (Kamus Terpadu Sasambo)
ametang,ametang,,Sasak Umum,lemparkan,,,Balai Bahasa Provinsi NTB (Kamus Terpadu Sasambo)
"ami, amiq, mamiq",ami,,Sasak Umum,paman (bagi golongan bangsawan/ménak Sasak,,,Balai Bahasa Provinsi NTB (Kamus Terpadu Sasambo)
amil,amil,,Sasak Umum,amil; orang yg bertugas mengumpulkan dan membagikan zakat,terimalah; kabulkanlah; (diucapkan pd waktu berdoa atau sesudah berdoa); amin,,Balai Bahasa Provinsi NTB (Kamus Terpadu Sasambo)
aminang,aminang,,Sasak Umum,aminkan; menuruti mengucapkan 'amin',,,Balai Bahasa Provinsi NTB (Kamus Terpadu Sasambo)
"amiq, mamiq",amiq,,Sasak Umum,ayah (tanpa menyebut nama),,,Balai Bahasa Provinsi NTB (Kamus Terpadu Sasambo)
amir,amir,,Sasak Umum,Ar nama seseorang,,,Balai Bahasa Provinsi NTB (Kamus Terpadu Sasambo)
amir amsah,amir amsah,,Sasak Umum,Amir Hamzah; pelakon wayang kulit yg paling tenar di Lombok,,,Balai Bahasa Provinsi NTB (Kamus Terpadu Sasambo)
amit,amit,,Sasak Umum,"Ar sebutan lain dari nama Hamid/Abdul Hamid, kadang-kadang juga disingkat menjadi Mit atau Gamit",,,Balai Bahasa Provinsi NTB (Kamus Terpadu Sasambo)
amok,amok,,Sasak Umum,gosok,,,Balai Bahasa Provinsi NTB (Kamus Terpadu Sasambo)
amok amek,amok amek,,Sasak Umum,gosok berulang-ulang,,,Balai Bahasa Provinsi NTB (Kamus Terpadu Sasambo)
amok; ames,amok,,Sasak Umum,remas,,,Balai Bahasa Provinsi NTB (Kamus Terpadu Sasambo)
amokang,amokang,,Sasak Umum,remaskan,,,Balai Bahasa Provinsi NTB (Kamus Terpadu Sasambo)
among,among,,Sasak Umum,permulaan untuk memulai suatu pekerjaan,,,Balai Bahasa Provinsi NTB (Kamus Terpadu Sasambo)
among adat,among adat,,Sasak Umum,pemelihara adat,,,Balai Bahasa Provinsi NTB (Kamus Terpadu Sasambo)
among inan pade,among inan pade,,Sasak Umum,pemelihara induk padi (yg sudah diikat untuk dimasukkan ke dalam lumbung),,,Balai Bahasa Provinsi NTB (Kamus Terpadu Sasambo)
among kerama,among kerama,,Sasak Umum,pemegang/ pemelihara kerama (adat budaya),,,Balai Bahasa Provinsi NTB (Kamus Terpadu Sasambo)
amongin,amongin,,Sasak Umum,mulaikan,,,Balai Bahasa Provinsi NTB (Kamus Terpadu Sasambo)
"amor, amor-amor",amor,,Sasak Umum,nama suatu desa tua di wilayah bayan,,,Balai Bahasa Provinsi NTB (Kamus Terpadu Sasambo)
amoria,amoria,,Sasak Umum,nama perkumpulan band yg khusus membawakan lagu-lagu daerah Lombok (Sasak),,,Balai Bahasa Provinsi NTB (Kamus Terpadu Sasambo)
ampah,ampah,,Sasak Umum,"lalai, lengah; abai",,,Balai Bahasa Provinsi NTB (Kamus Terpadu Sasambo)
ampah ilen pati,ampah ilen pati,,Sasak Umum,"tindakan yg kurang menghormati hukum kekeluarga-an atau keluarga pihak penganten perempun. Kalau terjadi hal semacam ini pihak laki-laki dikenakan denda adat yg disebut dedosan (ilen pati maksudnya hukuman berat, bisa berupa hukum bunuh)",,,Balai Bahasa Provinsi NTB (Kamus Terpadu Sasambo)
ampah pisuara,ampah pisuara,,Sasak Umum,"pelanggaran tuntutan adat-adat seperti tidak mau membayar harga adat, tidak melakukan sorong serah (penyerahan harga adat dari pihak laki-laki kepada pihak perempuan)",,,Balai Bahasa Provinsi NTB (Kamus Terpadu Sasambo)
ampahang,ampahang,,Sasak Umum,remehkan; entengkan,,,Balai Bahasa Provinsi NTB (Kamus Terpadu Sasambo)
"ampak, empak",ampak,,Sasak Umum,keadaan pecah-pecah (pada tanah sawah),,,Balai Bahasa Provinsi NTB (Kamus Terpadu Sasambo)
ampak-ampak,ampak-ampak,,Sasak Umum,"mendekat: endaq gati itè, jangan sekali mendekat kemari",,,Balai Bahasa Provinsi NTB (Kamus Terpadu Sasambo)
"ampak-ampak, beampak-ampak",ampak-ampak,,Sasak Umum,terpecah-pecah (tanah),,,Balai Bahasa Provinsi NTB (Kamus Terpadu Sasambo)
ampan,ampan,,Sasak Umum,lapisan tanah yg keras; batu padas; cadas,,,Balai Bahasa Provinsi NTB (Kamus Terpadu Sasambo)
ampanan,ampanan,,Sasak Umum,mengandung batu padas,,,Balai Bahasa Provinsi NTB (Kamus Terpadu Sasambo)
ampang,ampang,,Sasak Umum,rasa tembakau yg tidak begitu keras,,,Balai Bahasa Provinsi NTB (Kamus Terpadu Sasambo)
"ampang, ngampang",ampang,,Sasak Umum,tidur menelentang,,,Balai Bahasa Provinsi NTB (Kamus Terpadu Sasambo)
"ampao, angpao",ampao,,Sasak Umum,Cn hadiah uang dl perayaan imlek pada komunitas Tionghoa,,,Balai Bahasa Provinsi NTB (Kamus Terpadu Sasambo)
ampar,ampar,,Sasak Umum,bibit padi yg di persemaian,,,Balai Bahasa Provinsi NTB (Kamus Terpadu Sasambo)
amparin,amparin,,Sasak Umum,tebarkan persemaian dng bibit padi,,,Balai Bahasa Provinsi NTB (Kamus Terpadu Sasambo)
ampat,ampat,,Sasak Umum,dangkal,,,Balai Bahasa Provinsi NTB (Kamus Terpadu Sasambo)
ampatan,ampatan,,Sasak Umum,agak dangkal,,,Balai Bahasa Provinsi NTB (Kamus Terpadu Sasambo)
ampel = teréng; tering,ampel = teréng,,Sasak Umum,bambu,,,Balai Bahasa Provinsi NTB (Kamus Terpadu Sasambo)
ampel aur,ampel aur,,Sasak Umum,bambu untuk rusuk rumah,,,Balai Bahasa Provinsi NTB (Kamus Terpadu Sasambo)
ampel biloq,ampel biloq,,Sasak Umum,bambu buluh,,,Balai Bahasa Provinsi NTB (Kamus Terpadu Sasambo)
ampel buloq,ampel buloq,,Sasak Umum,bambu buluh,,,Balai Bahasa Provinsi NTB (Kamus Terpadu Sasambo)
ampel dengdeng,ampel dengdeng,,Sasak Umum,bambu untuk menumbuk (padi),,,Balai Bahasa Provinsi NTB (Kamus Terpadu Sasambo)
ampel duri,ampel duri,,Sasak Umum,nama tempat pemukiman migran Jawa di bayan pada zaman dahulu,,,Balai Bahasa Provinsi NTB (Kamus Terpadu Sasambo)
ampel galah,ampel galah,,Sasak Umum,bambu untuk rusuk rumah,,,Balai Bahasa Provinsi NTB (Kamus Terpadu Sasambo)
ampel letaq,ampel letaq,,Sasak Umum,bambu untuk rusuk rumah,,,Balai Bahasa Provinsi NTB (Kamus Terpadu Sasambo)
ampel petung,ampel petung,,Sasak Umum,bambu yg berbatang besar dan dapat dijadikan tiang rumah,,,Balai Bahasa Provinsi NTB (Kamus Terpadu Sasambo)
ampel tali,ampel tali,,Sasak Umum,bambu yg batangnya (setelah dibelah-belah) dapat dijadikan tali,,,Balai Bahasa Provinsi NTB (Kamus Terpadu Sasambo)
ampel tutul,ampel tutul,,Sasak Umum,"bambu yg tingginya bisa mencapai 12 m, berwarna hijau ketika muda dan berwarna tutul kecoklat-coklatan setelah tua",,,Balai Bahasa Provinsi NTB (Kamus Terpadu Sasambo)
ampen; ampel,ampen,,Sasak Umum,tali pancing/kail,,,Balai Bahasa Provinsi NTB (Kamus Terpadu Sasambo)
ampenan,ampenan,,Sasak Umum,nama kota pelabuhan di Lombok Barat,,,Balai Bahasa Provinsi NTB (Kamus Terpadu Sasambo)
amper,amper,,Sasak Umum,"jarum (sepeda motor, lampu, dll)",,,Balai Bahasa Provinsi NTB (Kamus Terpadu Sasambo)
"amper, emper",amper,,Sasak Umum,serambi muka,,,Balai Bahasa Provinsi NTB (Kamus Terpadu Sasambo)
"amper, ngamper",amper,,Sasak Umum,semerbak (bau),,,Balai Bahasa Provinsi NTB (Kamus Terpadu Sasambo)
ampes = aben; amet; pelewas; pelentong,ampes = aben,,Sasak Umum,lempar dng keras; hantam,,,Balai Bahasa Provinsi NTB (Kamus Terpadu Sasambo)
"ampes, ngampes",ampes,,Sasak Umum,kena sedikit,,,Balai Bahasa Provinsi NTB (Kamus Terpadu Sasambo)
ampesang,ampesang,,Sasak Umum,hempaskan,,,Balai Bahasa Provinsi NTB (Kamus Terpadu Sasambo)
ampet,ampet,,Sasak Umum,tutup (pintu masuknya air ke sawah),,,Balai Bahasa Provinsi NTB (Kamus Terpadu Sasambo)
ampet-ampet,ampet-ampet,,Sasak Umum,mengipas-ngipas,,,Balai Bahasa Provinsi NTB (Kamus Terpadu Sasambo)
ampetang,ampetang,,Sasak Umum,kipaskan,,,Balai Bahasa Provinsi NTB (Kamus Terpadu Sasambo)
ampetin,ampetin,,Sasak Umum,kipasi,,,Balai Bahasa Provinsi NTB (Kamus Terpadu Sasambo)
"ampi, ampiang",ampi,,Sasak Umum,sisihkan (tempat menaruh sutau barang),,,Balai Bahasa Provinsi NTB (Kamus Terpadu Sasambo)
ampik,ampik,,Sasak Umum,teras rumah (yg beratap),,,Balai Bahasa Provinsi NTB (Kamus Terpadu Sasambo)
ampil,ampil,,Sasak Umum,gulungan sirih (yg akan dikunyah),,,Balai Bahasa Provinsi NTB (Kamus Terpadu Sasambo)
ampiq,ampiq,,Sasak Umum,sesudah itu; kemudian,,,Balai Bahasa Provinsi NTB (Kamus Terpadu Sasambo)
ampir,ampir,,Sasak Umum,dekat,hampir,,Balai Bahasa Provinsi NTB (Kamus Terpadu Sasambo)
ampir-ampir,ampir-ampir,,Sasak Umum,hampir-hampir,,,Balai Bahasa Provinsi NTB (Kamus Terpadu Sasambo)
ampoh,ampoh,,Sasak Umum,kuat,,,Balai Bahasa Provinsi NTB (Kamus Terpadu Sasambo)
"ampok, ampok-ampok",ampok,,Sasak Umum,kunci gembok,,,Balai Bahasa Provinsi NTB (Kamus Terpadu Sasambo)
ampok-ampokin,ampok-ampokin,,Sasak Umum,memberi kunci gembok,,,Balai Bahasa Provinsi NTB (Kamus Terpadu Sasambo)
ampoq,ampoq,,Sasak Umum,lagi; tambah lagi,,,Balai Bahasa Provinsi NTB (Kamus Terpadu Sasambo)
ampuk,ampuk,,Sasak Umum,warna ungu lembayung; violet,,,Balai Bahasa Provinsi NTB (Kamus Terpadu Sasambo)
ampukan,ampukan,,Sasak Umum,lebih violet,,,Balai Bahasa Provinsi NTB (Kamus Terpadu Sasambo)
ampukin,ampukin,,Sasak Umum,bubuhi warna violet,,,Balai Bahasa Provinsi NTB (Kamus Terpadu Sasambo)
ampun,ampun,,Sasak Umum,pembebasan dr tuntutan krn melakukan kesalahan atau kekeliruan; ampun; maaf,,,Balai Bahasa Provinsi NTB (Kamus Terpadu Sasambo)
ampunan,ampunan,,Sasak Umum,pemberian ampun; pengampunan,,,Balai Bahasa Provinsi NTB (Kamus Terpadu Sasambo)
"ampung, ngampung",ampung,,Sasak Umum,menggelantung,,,Balai Bahasa Provinsi NTB (Kamus Terpadu Sasambo)
ampunin,ampunin,,Sasak Umum,ampuni,,,Balai Bahasa Provinsi NTB (Kamus Terpadu Sasambo)
ampura,ampura,,Sasak Umum,mohon maaf,,,Balai Bahasa Provinsi NTB (Kamus Terpadu Sasambo)
ampurayang,ampurayang,,Sasak Umum,maafkan,,,Balai Bahasa Provinsi NTB (Kamus Terpadu Sasambo)
amu,amu,,Sasak Umum,rupa; tampang; wajah,kalau; jika,,Balai Bahasa Provinsi NTB (Kamus Terpadu Sasambo)
"amu, ngamu-amu",amu,,Sasak Umum,melamun,,,Balai Bahasa Provinsi NTB (Kamus Terpadu Sasambo)
amuk,amuk,,Sasak Umum,"amuk; serang dng membabi buta (krn marah, mata gelap, dsb)",,,Balai Bahasa Provinsi NTB (Kamus Terpadu Sasambo)
amuk ngasa,amuk ngasa,,Sasak Umum,mengamuk tak karuan,,,Balai Bahasa Provinsi NTB (Kamus Terpadu Sasambo)
amung; namung,amung,,Sasak Umum,namun,,,Balai Bahasa Provinsi NTB (Kamus Terpadu Sasambo)
amuq,amuq,,Sasak Umum,begitulah,,,Balai Bahasa Provinsi NTB (Kamus Terpadu Sasambo)
anak,anak,,Sasak Umum,anak; keturunan yg kedua,,,Balai Bahasa Provinsi NTB (Kamus Terpadu Sasambo)
anak agung,anak agung,,Sasak Umum,Bal gelar atau title Raja Bali di Lombok,,,Balai Bahasa Provinsi NTB (Kamus Terpadu Sasambo)
anak ajaip,anak ajaip,,Sasak Umum,anak kecil yg sudah mampu menguasai kepandaian yg dimiliki oleh orang dewasa,,,Balai Bahasa Provinsi NTB (Kamus Terpadu Sasambo)
anak akon,anak akon,,Sasak Umum,anak orang lain yg diambil (dipelihara) dan dijadikan anak sendiri,,,Balai Bahasa Provinsi NTB (Kamus Terpadu Sasambo)
anak ampu,anak ampu,,Sasak Umum,anak angkat yg di-ampu secara adat,,,Balai Bahasa Provinsi NTB (Kamus Terpadu Sasambo)
anak aren,anak aren,,Sasak Umum,piring cembung kecil tempat air pembasuh tangan,,,Balai Bahasa Provinsi NTB (Kamus Terpadu Sasambo)
anak bai,anak bai,,Sasak Umum,anak cucu,,,Balai Bahasa Provinsi NTB (Kamus Terpadu Sasambo)
anak basong,anak basong,,Sasak Umum,anak anjing,kata makian ketika sedang marah,,Balai Bahasa Provinsi NTB (Kamus Terpadu Sasambo)
anak bebai,anak bebai,,Sasak Umum,anak tuyul,,,Balai Bahasa Provinsi NTB (Kamus Terpadu Sasambo)
anak begang,anak begang,,Sasak Umum,anak tikus,,,Balai Bahasa Provinsi NTB (Kamus Terpadu Sasambo)
anak bulu,anak bulu,,Sasak Umum,rambut halus yg tumbuh di kepala,,,Balai Bahasa Provinsi NTB (Kamus Terpadu Sasambo)
anak cobéq,anak cobéq,,Sasak Umum,penggiling pada cobek,,,Balai Bahasa Provinsi NTB (Kamus Terpadu Sasambo)
anak dacin,anak dacin,,Sasak Umum,batu (besi) pd timbangan dng ketentuan berat tertentu,,,Balai Bahasa Provinsi NTB (Kamus Terpadu Sasambo)
anak dangkem,anak dangkem,,Sasak Umum,piring cembung,,,Balai Bahasa Provinsi NTB (Kamus Terpadu Sasambo)
anak datu,anak datu,,Sasak Umum,anak keturunan raja; pengeran,,,Balai Bahasa Provinsi NTB (Kamus Terpadu Sasambo)
anak enda,anak enda,,Sasak Umum,"anak (dua, tiga, atau lebih) yg lahir dr satu kandungan pd satu kehamilan; anak kembar",,,Balai Bahasa Provinsi NTB (Kamus Terpadu Sasambo)
anak enjen,anak enjen,,Sasak Umum,anak tulen,,,Balai Bahasa Provinsi NTB (Kamus Terpadu Sasambo)
anak erat,anak erat,,Sasak Umum,parit kecil; got kecil,,,Balai Bahasa Provinsi NTB (Kamus Terpadu Sasambo)
anak imbuq,anak imbuq,,Sasak Umum,anak pungut,,,Balai Bahasa Provinsi NTB (Kamus Terpadu Sasambo)
anak iwoq,anak iwoq,,Sasak Umum,anak yg tidak mempunyai ibu bapak dan keluarga,,,Balai Bahasa Provinsi NTB (Kamus Terpadu Sasambo)
anak jadah,anak jadah,,Sasak Umum,anak haram,,,Balai Bahasa Provinsi NTB (Kamus Terpadu Sasambo)
anak jari,anak jari,,Sasak Umum,keturuanan; keluarga,,,Balai Bahasa Provinsi NTB (Kamus Terpadu Sasambo)
anak kuni,anak kuni,,Sasak Umum,anak yg lahir dr kandungan sendiri; anak sendiri,,,Balai Bahasa Provinsi NTB (Kamus Terpadu Sasambo)
anak lepang,anak lepang,,Sasak Umum,anak kodok,,,Balai Bahasa Provinsi NTB (Kamus Terpadu Sasambo)
anak pade,anak pade,,Sasak Umum,padi kecil yg tumbuh di sekitar pohon induknya,,,Balai Bahasa Provinsi NTB (Kamus Terpadu Sasambo)
anak panaq,anak panaq,,Sasak Umum,"senjata tajam yg berupa barang panjang, runcing pd ujungnya dan diberi bulu atau barang lain yg berfungsi sbg penjaga keseimbangan, dilepaskan dng menggunakan busur",,,Balai Bahasa Provinsi NTB (Kamus Terpadu Sasambo)
anak pemutus umbaq,anak pemutus umbaq,,Sasak Umum,anak yg paling muda; anak bungsu,,,Balai Bahasa Provinsi NTB (Kamus Terpadu Sasambo)
anak peneq,anak peneq,,Sasak Umum,anak yg belum mempunyai pengalaman banyak; anak kemarin sore,,,Balai Bahasa Provinsi NTB (Kamus Terpadu Sasambo)
anak peras,anak peras,,Sasak Umum,anak pungut,,,Balai Bahasa Provinsi NTB (Kamus Terpadu Sasambo)
anak sengaka,anak sengaka,,Sasak Umum,anak yg paling tua,,,Balai Bahasa Provinsi NTB (Kamus Terpadu Sasambo)
anak tereq,anak tereq,,Sasak Umum,anak yg lahir bukan dr kandungan sendiri; anak tiri,,,Balai Bahasa Provinsi NTB (Kamus Terpadu Sasambo)
anak wong,anak wong,,Sasak Umum,anak orang (manusia),,,Balai Bahasa Provinsi NTB (Kamus Terpadu Sasambo)
anak yatim piatu,anak yatim piatu,,Sasak Umum,anak yg kedua orang tuanya sudah meninggal dunia,,,Balai Bahasa Provinsi NTB (Kamus Terpadu Sasambo)
"anang, nanang",anang,,Sasak Umum,sebutan panggilan bagi laki-laki dari etnis Cina dan Banjar,,,Balai Bahasa Provinsi NTB (Kamus Terpadu Sasambo)
ancak,ancak,,Sasak Umum,"wadah makanan yg terbuat dr bambu, dipakai untuk menghidang-kan selamatan",,,Balai Bahasa Provinsi NTB (Kamus Terpadu Sasambo)
ancak kagungan,ancak kagungan,,Sasak Umum,ancak yg besar dl upacara adat di Bayan,,,Balai Bahasa Provinsi NTB (Kamus Terpadu Sasambo)
"ancar, ancar-ancar",ancar,,Sasak Umum,rencana; persiapan hendak berbuat sesuatu,,,Balai Bahasa Provinsi NTB (Kamus Terpadu Sasambo)
ancot,ancot,,Sasak Umum,sanggama; setubuh,,,Balai Bahasa Provinsi NTB (Kamus Terpadu Sasambo)
"andam, andam-andam",andam,,Sasak Umum,kalikatu (serangga tanah),,,Balai Bahasa Provinsi NTB (Kamus Terpadu Sasambo)
andang,andang,,Sasak Umum,arah ke; hadap,,,Balai Bahasa Provinsi NTB (Kamus Terpadu Sasambo)
andang baret,andang baret,,Sasak Umum,menghadap ke barat,,,Balai Bahasa Provinsi NTB (Kamus Terpadu Sasambo)
andang daya,andang daya,,Sasak Umum,menghadap ke utara,,,Balai Bahasa Provinsi NTB (Kamus Terpadu Sasambo)
andang julu,andang julu,,Sasak Umum,menghadap ke depan,,,Balai Bahasa Provinsi NTB (Kamus Terpadu Sasambo)
andang lauq,andang lauq,,Sasak Umum,menghadap ke selatan,,,Balai Bahasa Provinsi NTB (Kamus Terpadu Sasambo)
andang mudi,andang mudi,,Sasak Umum,menghadap ke belakang,,,Balai Bahasa Provinsi NTB (Kamus Terpadu Sasambo)
andang timuq,andang timuq,,Sasak Umum,menghadap ke timur,,,Balai Bahasa Provinsi NTB (Kamus Terpadu Sasambo)
"andang, andang-andang",andang,,Sasak Umum,"makanan, bunga-bungaan, dsb yg dibawa kpd dukun; sajian",,,Balai Bahasa Provinsi NTB (Kamus Terpadu Sasambo)
andangin,andangin,,Sasak Umum,hadapi (hadap ke),,,Balai Bahasa Provinsi NTB (Kamus Terpadu Sasambo)
andar,andar,,Sasak Umum,arah,,,Balai Bahasa Provinsi NTB (Kamus Terpadu Sasambo)
ande,ande,,Sasak Umum,andai; umpama,,,Balai Bahasa Provinsi NTB (Kamus Terpadu Sasambo)
andeang,andeang,,Sasak Umum,andaikan,,,Balai Bahasa Provinsi NTB (Kamus Terpadu Sasambo)
andek,andek,,Sasak Umum,tahan; henti(kan),,,Balai Bahasa Provinsi NTB (Kamus Terpadu Sasambo)
andekang,andekang,,Sasak Umum,tahankan,,,Balai Bahasa Provinsi NTB (Kamus Terpadu Sasambo)
"andel, andelan",andel,,Sasak Umum,andalan; harapan,,,Balai Bahasa Provinsi NTB (Kamus Terpadu Sasambo)
andelang,andelang,,Sasak Umum,andalkan; harapkan,,,Balai Bahasa Provinsi NTB (Kamus Terpadu Sasambo)
ander,ander,,Sasak Umum,hawa; panas (akibat sinar matahari),,,Balai Bahasa Provinsi NTB (Kamus Terpadu Sasambo)
andika,andika,,Sasak Umum,kata; yg dikatakan,,,Balai Bahasa Provinsi NTB (Kamus Terpadu Sasambo)
andikaang,andikaang,,Sasak Umum,katakan,,,Balai Bahasa Provinsi NTB (Kamus Terpadu Sasambo)
andong,andong,,Sasak Umum,bendi; dokar,,,Balai Bahasa Provinsi NTB (Kamus Terpadu Sasambo)
andongan,andongan,,Sasak Umum,bawa dng dokar,,,Balai Bahasa Provinsi NTB (Kamus Terpadu Sasambo)
andos,andos,,Sasak Umum,serempet; sentuh,,,Balai Bahasa Provinsi NTB (Kamus Terpadu Sasambo)
anduk,anduk,,Sasak Umum,handuk,,,Balai Bahasa Provinsi NTB (Kamus Terpadu Sasambo)
andukin,andukin,,Sasak Umum,handuki,,,Balai Bahasa Provinsi NTB (Kamus Terpadu Sasambo)
"andèn, seandena",andèn,,Sasak Umum,seandainya,,,Balai Bahasa Provinsi NTB (Kamus Terpadu Sasambo)
aneh,aneh,,Sasak Umum,aneh; ajaib,,,Balai Bahasa Provinsi NTB (Kamus Terpadu Sasambo)
angas,angas,,Sasak Umum,tengadah,,,Balai Bahasa Provinsi NTB (Kamus Terpadu Sasambo)
angas-angas,angas-angas,,Sasak Umum,menengadah,,,Balai Bahasa Provinsi NTB (Kamus Terpadu Sasambo)
angen,angen,,Sasak Umum,hati (perasaan),,,Balai Bahasa Provinsi NTB (Kamus Terpadu Sasambo)
angenan,angenan,,Sasak Umum,rindu; harapkan,,,Balai Bahasa Provinsi NTB (Kamus Terpadu Sasambo)
anget,anget,,Sasak Umum,hangat,,,Balai Bahasa Provinsi NTB (Kamus Terpadu Sasambo)
anget aiq bangket,anget aiq bangket,,Sasak Umum,hangat,,,Balai Bahasa Provinsi NTB (Kamus Terpadu Sasambo)
anget aiq kungkuq,anget aiq kungkuq,,Sasak Umum,hangat suam,,,Balai Bahasa Provinsi NTB (Kamus Terpadu Sasambo)
anget-anget,anget-anget,,Sasak Umum,hangat-hangat,,,Balai Bahasa Provinsi NTB (Kamus Terpadu Sasambo)
angetang,angetang,,Sasak Umum,lebih hangat,,,Balai Bahasa Provinsi NTB (Kamus Terpadu Sasambo)
angetin,angetin,,Sasak Umum,hangati,,,Balai Bahasa Provinsi NTB (Kamus Terpadu Sasambo)
"anggah, nganggah",anggah,,Sasak Umum,"berutang barang utk sementara, menunda pembayarannya yg sudah dijadikan harganya",,,Balai Bahasa Provinsi NTB (Kamus Terpadu Sasambo)
anggar,anggar,,Sasak Umum,rencana,,,Balai Bahasa Provinsi NTB (Kamus Terpadu Sasambo)
anggarang,anggarang,,Sasak Umum,rencanakan,,,Balai Bahasa Provinsi NTB (Kamus Terpadu Sasambo)
anggep,anggep,,Sasak Umum,anggap,,,Balai Bahasa Provinsi NTB (Kamus Terpadu Sasambo)
anggepan,anggepan,,Sasak Umum,anggapan,,,Balai Bahasa Provinsi NTB (Kamus Terpadu Sasambo)
"anggo, anggo-anggo",anggo,,Sasak Umum,"kayu ranting bambu bulat sebesar jari telunjuk, panjang ±30 cm, untuk alat memperhalus leher kendi",,,Balai Bahasa Provinsi NTB (Kamus Terpadu Sasambo)
anggop; angop,anggop,,Sasak Umum,(Sbl) kalah hawa; gentar; jera dan takut,,,Balai Bahasa Provinsi NTB (Kamus Terpadu Sasambo)
"anggoq, beranggoq",anggoq,,Sasak Umum,duduk bertengger di dahan kayu,,,Balai Bahasa Provinsi NTB (Kamus Terpadu Sasambo)
anggoq; angguq,anggoq,,Sasak Umum,angguk,,,Balai Bahasa Provinsi NTB (Kamus Terpadu Sasambo)
anggoqang,anggoqang,,Sasak Umum,anggukkan,,,Balai Bahasa Provinsi NTB (Kamus Terpadu Sasambo)
anggor = teanggor; tanggor; empoh; kelék v,anggor = teanggor,,Sasak Umum,panggil,,,Balai Bahasa Provinsi NTB (Kamus Terpadu Sasambo)
angguk ngaleq,angguk ngaleq,,Sasak Umum,(kepala) yang diangguk-anggukkan,,,Balai Bahasa Provinsi NTB (Kamus Terpadu Sasambo)
angguq,angguq,,Sasak Umum,benturkan,,,Balai Bahasa Provinsi NTB (Kamus Terpadu Sasambo)
angguq; anggoq,angguq,,Sasak Umum,angguk,,,Balai Bahasa Provinsi NTB (Kamus Terpadu Sasambo)
angguqan,angguqan,,Sasak Umum,anggukkan,,,Balai Bahasa Provinsi NTB (Kamus Terpadu Sasambo)
anggur n,anggur n,,Sasak Umum,anggur,tidak ada kerja,,Balai Bahasa Provinsi NTB (Kamus Terpadu Sasambo)
anggurang,anggurang,,Sasak Umum,biarkan (tanpa suguhan),,,Balai Bahasa Provinsi NTB (Kamus Terpadu Sasambo)
"anggék, nganggék-anggék",anggék,,Sasak Umum,duduk bergoyang-goyang di atas pohon/benda lain sambil menggoyangkan kepala ke kiri dan kanan,,,Balai Bahasa Provinsi NTB (Kamus Terpadu Sasambo)
angin,angin,,Sasak Umum,angin bertiup keras; angin topan,angin,,Balai Bahasa Provinsi NTB (Kamus Terpadu Sasambo)
angin barat,angin barat,,Sasak Umum,angin kencang yang datang dari arah barat yang membuat ombak besar,,,Balai Bahasa Provinsi NTB (Kamus Terpadu Sasambo)
angin pusut,angin pusut,,Sasak Umum,pusat angin puting beliung,,,Balai Bahasa Provinsi NTB (Kamus Terpadu Sasambo)
angin ribut,angin ribut,,Sasak Umum,angin ribut,,,Balai Bahasa Provinsi NTB (Kamus Terpadu Sasambo)
angin sangkakala,angin sangkakala,,Sasak Umum,angin besar di hari kiamat,,,Balai Bahasa Provinsi NTB (Kamus Terpadu Sasambo)
angin sayo,angin sayo,,Sasak Umum,angin darat yang kelaut,,,Balai Bahasa Provinsi NTB (Kamus Terpadu Sasambo)
angin timuq,angin timuq,,Sasak Umum,angin datang dari lautan pasifik,,,Balai Bahasa Provinsi NTB (Kamus Terpadu Sasambo)
"angin, angin-angin",angin,,Sasak Umum,nama jajan yang dibuat dari tepung beras berbentuk kerupuk besar yang diberi lelehan gula merah,,,Balai Bahasa Provinsi NTB (Kamus Terpadu Sasambo)
angin-anginan,angin-anginan,,Sasak Umum,tempatkan di tempat yang ada angin agar benda itu cepat kering,,,Balai Bahasa Provinsi NTB (Kamus Terpadu Sasambo)
anginan,anginan,,Sasak Umum,tidak serius dalam bekerja,,,Balai Bahasa Provinsi NTB (Kamus Terpadu Sasambo)
angka,angka,,Sasak Umum,angka,,,Balai Bahasa Provinsi NTB (Kamus Terpadu Sasambo)
angka-angkaan,angka-angkaan,,Sasak Umum,hal angka,,,Balai Bahasa Provinsi NTB (Kamus Terpadu Sasambo)
angkan; engkan,angkan,,Sasak Umum,(Sbl) makanya,,,Balai Bahasa Provinsi NTB (Kamus Terpadu Sasambo)
angkang,angkang,,Sasak Umum,berdiri (duduk) dgn kaki terbuka lebar,,,Balai Bahasa Provinsi NTB (Kamus Terpadu Sasambo)
angkaq; engkaq; angkan,angkaq,,Sasak Umum,makanya,,,Balai Bahasa Provinsi NTB (Kamus Terpadu Sasambo)
angkat,angkat,,Sasak Umum,angkat,,,Balai Bahasa Provinsi NTB (Kamus Terpadu Sasambo)
angkatang,angkatang,,Sasak Umum,angkatkan,,,Balai Bahasa Provinsi NTB (Kamus Terpadu Sasambo)
angken; perangkenin,angken,,Sasak Umum,(Sbl) berikan,,,Balai Bahasa Provinsi NTB (Kamus Terpadu Sasambo)
angker,angker,,Sasak Umum,angker,lihat,,Balai Bahasa Provinsi NTB (Kamus Terpadu Sasambo)
angkeran,angkeran,,Sasak Umum,lebih angker; agak angker,,,Balai Bahasa Provinsi NTB (Kamus Terpadu Sasambo)
angkon; akon,angkon,,Sasak Umum,adopsi,,,Balai Bahasa Provinsi NTB (Kamus Terpadu Sasambo)
"angkos, angkosan",angkos,,Sasak Umum,imbas hawa,,,Balai Bahasa Provinsi NTB (Kamus Terpadu Sasambo)
"angkos, engkos",angkos,,Sasak Umum,nafas yang turun naik karena kelelahan,,,Balai Bahasa Provinsi NTB (Kamus Terpadu Sasambo)
angkot,angkot,,Sasak Umum,megap-megap (nafas); sesak nafas; nafas orang sakaratul maut,,,Balai Bahasa Provinsi NTB (Kamus Terpadu Sasambo)
angku; entan; tadah,angku,,Sasak Umum,"((Sbl), (Slp)) cara; hal; ucapannya dapat berubah menjadi",,,Balai Bahasa Provinsi NTB (Kamus Terpadu Sasambo)
angkumpe,angkumpe,,Sasak Umum,(Sbl) caramu,,,Balai Bahasa Provinsi NTB (Kamus Terpadu Sasambo)
angkunda,angkunda,,Sasak Umum,(Slp) cara kamu (anda),,,Balai Bahasa Provinsi NTB (Kamus Terpadu Sasambo)
angkungku,angkungku,,Sasak Umum,(Slp) caraku,,,Balai Bahasa Provinsi NTB (Kamus Terpadu Sasambo)
angkunta,angkunta,,Sasak Umum,(Slp) cara kita,,,Balai Bahasa Provinsi NTB (Kamus Terpadu Sasambo)
angkus,angkus,,Sasak Umum,"sedot, isap bau dengan hidung",,,Balai Bahasa Provinsi NTB (Kamus Terpadu Sasambo)
angkut,angkut,,Sasak Umum,angkut; angkat bawa,,,Balai Bahasa Provinsi NTB (Kamus Terpadu Sasambo)
angop; anggop,angop,,Sasak Umum,kalah hawa; kalah semangat; jera; gentar; takut,,,Balai Bahasa Provinsi NTB (Kamus Terpadu Sasambo)
angopan,angopan,,Sasak Umum,agak gentar,,,Balai Bahasa Provinsi NTB (Kamus Terpadu Sasambo)
angsa,angsa,,Sasak Umum,angsa,,,Balai Bahasa Provinsi NTB (Kamus Terpadu Sasambo)
angsana,angsana,,Sasak Umum,nama tumbuh-tumbuhan (bunga),,,Balai Bahasa Provinsi NTB (Kamus Terpadu Sasambo)
angsel,angsel,,Sasak Umum,napas,,,Balai Bahasa Provinsi NTB (Kamus Terpadu Sasambo)
angsel; ansel; ansen,angsel,,Sasak Umum,napsu,,,Balai Bahasa Provinsi NTB (Kamus Terpadu Sasambo)
angselang,angselang,,Sasak Umum,napaskan,,,Balai Bahasa Provinsi NTB (Kamus Terpadu Sasambo)
"angsok, angsokan",angsok,,Sasak Umum,gerakan ombak air,,,Balai Bahasa Provinsi NTB (Kamus Terpadu Sasambo)
angsor; ansor,angsor,,Sasak Umum,bilas,,,Balai Bahasa Provinsi NTB (Kamus Terpadu Sasambo)
angsorang,angsorang,,Sasak Umum,bilaskan,,,Balai Bahasa Provinsi NTB (Kamus Terpadu Sasambo)
angsuh; ansul; ansun,angsuh,,Sasak Umum,angsur; susuk; cicil; angsur,,,Balai Bahasa Provinsi NTB (Kamus Terpadu Sasambo)
angsul; ansul; ansun,angsul,,Sasak Umum,susuk,,,Balai Bahasa Provinsi NTB (Kamus Terpadu Sasambo)
angsur,angsur,,Sasak Umum,angsur,,,Balai Bahasa Provinsi NTB (Kamus Terpadu Sasambo)
angsuran,angsuran,,Sasak Umum,angsuran,,,Balai Bahasa Provinsi NTB (Kamus Terpadu Sasambo)
angsurang,angsurang,,Sasak Umum,angsurkan,,,Balai Bahasa Provinsi NTB (Kamus Terpadu Sasambo)
aniayaq,aniayaq,,Sasak Umum,aniaya,,,Balai Bahasa Provinsi NTB (Kamus Terpadu Sasambo)
aning,aning,,Sasak Umum,ke (kata depan),,,Balai Bahasa Provinsi NTB (Kamus Terpadu Sasambo)
aning embe,aning embe,,Sasak Umum,kemana,,,Balai Bahasa Provinsi NTB (Kamus Terpadu Sasambo)
aning mudi,aning mudi,,Sasak Umum,ke belakang,,,Balai Bahasa Provinsi NTB (Kamus Terpadu Sasambo)
aning sida,aning sida,,Sasak Umum,kepada kamu,,,Balai Bahasa Provinsi NTB (Kamus Terpadu Sasambo)
aning to,aning to,,Sasak Umum,ke situ,,,Balai Bahasa Provinsi NTB (Kamus Terpadu Sasambo)
aniq,aniq,,Sasak Umum,nama sejenis lebah,,,Balai Bahasa Provinsi NTB (Kamus Terpadu Sasambo)
anjani,anjani,,Sasak Umum,nama desa di Lombok Timur,,,Balai Bahasa Provinsi NTB (Kamus Terpadu Sasambo)
anjar,anjar,,Sasak Umum,tebar; sebar,,,Balai Bahasa Provinsi NTB (Kamus Terpadu Sasambo)
anjar lekoq,anjar lekoq,,Sasak Umum,tangga untuk memetik daun sirih,,,Balai Bahasa Provinsi NTB (Kamus Terpadu Sasambo)
anjar; anjah,anjar,,Sasak Umum,tangga,,,Balai Bahasa Provinsi NTB (Kamus Terpadu Sasambo)
anjarang,anjarang,,Sasak Umum,tebarkan; sebarkan,,,Balai Bahasa Provinsi NTB (Kamus Terpadu Sasambo)
"anjek, tanjek",anjek,,Sasak Umum,tegak; tancap,,,Balai Bahasa Provinsi NTB (Kamus Terpadu Sasambo)
anjekang,anjekang,,Sasak Umum,dirikan; tegakkan; tancapkan,,,Balai Bahasa Provinsi NTB (Kamus Terpadu Sasambo)
anjeng,anjeng,,Sasak Umum,bangun; berdiri,,,Balai Bahasa Provinsi NTB (Kamus Terpadu Sasambo)
anjengan,anjengan,,Sasak Umum,bangunkan,,,Balai Bahasa Provinsi NTB (Kamus Terpadu Sasambo)
anjok,anjok,,Sasak Umum,sentak; dorong (semangatnya),,,Balai Bahasa Provinsi NTB (Kamus Terpadu Sasambo)
"anjok, beranjok-anjok",anjok,,Sasak Umum,maju mundur berencana untuk melakukan sesuatu,,,Balai Bahasa Provinsi NTB (Kamus Terpadu Sasambo)
anjokang,anjokang,,Sasak Umum,dorong-dorong untuk berani; seperti menggerak-gerakkan ayam seakan-akan berlaga,,,Balai Bahasa Provinsi NTB (Kamus Terpadu Sasambo)
anjul,anjul,,Sasak Umum,bambu galah; kayu yang kepanjangan; tinggi panjang untuk postur orang,,,Balai Bahasa Provinsi NTB (Kamus Terpadu Sasambo)
"anjung, anjungan",anjung,,Sasak Umum,bagian komplek bangunan rumah-rumah adat/seni pada sebuah taman besar,,,Balai Bahasa Provinsi NTB (Kamus Terpadu Sasambo)
anjur,anjur,,Sasak Umum,anjur,,,Balai Bahasa Provinsi NTB (Kamus Terpadu Sasambo)
anjurang,anjurang,,Sasak Umum,anjurkan,,,Balai Bahasa Provinsi NTB (Kamus Terpadu Sasambo)
ano,ano,,Sasak Umum,matahari,hari,,Balai Bahasa Provinsi NTB (Kamus Terpadu Sasambo)
ansuh,ansuh,,Sasak Umum,angkut,,,Balai Bahasa Provinsi NTB (Kamus Terpadu Sasambo)
ansuhang,ansuhang,,Sasak Umum,angkutkan,,,Balai Bahasa Provinsi NTB (Kamus Terpadu Sasambo)
anta,anta,,Sasak Umum,(Slp) kamu (laki-laki),,,Balai Bahasa Provinsi NTB (Kamus Terpadu Sasambo)
antap,antap,,Sasak Umum,kacang/jenis kacang-kacangan,,,Balai Bahasa Provinsi NTB (Kamus Terpadu Sasambo)
antap beaq,antap beaq,,Sasak Umum,kacang merah,,,Balai Bahasa Provinsi NTB (Kamus Terpadu Sasambo)
antap belo,antap belo,,Sasak Umum,kacang panjang,,,Balai Bahasa Provinsi NTB (Kamus Terpadu Sasambo)
antap dadah,antap dadah,,Sasak Umum,kacang panjang yang masih muda untuk sayur,,,Balai Bahasa Provinsi NTB (Kamus Terpadu Sasambo)
antap dadar,antap dadar,,Sasak Umum,kacang panjang yang masih muda untuk sayur,,,Balai Bahasa Provinsi NTB (Kamus Terpadu Sasambo)
antap goreng,antap goreng,,Sasak Umum,kacang panjang goreng,,,Balai Bahasa Provinsi NTB (Kamus Terpadu Sasambo)
antap jongkong,antap jongkong,,Sasak Umum,kacang yang tumbuh seperti pohon perdu,,,Balai Bahasa Provinsi NTB (Kamus Terpadu Sasambo)
antap ketujur,antap ketujur,,Sasak Umum,kacang panjang buahnya dan batangnya merambat,,,Balai Bahasa Provinsi NTB (Kamus Terpadu Sasambo)
antap lambek,antap lambek,,Sasak Umum,kacang panjang buahnya dan batangnya merambat,,,Balai Bahasa Provinsi NTB (Kamus Terpadu Sasambo)
antap lelasuq,antap lelasuq,,Sasak Umum,sambal mentah kacang panjang,,,Balai Bahasa Provinsi NTB (Kamus Terpadu Sasambo)
antap repes,antap repes,,Sasak Umum,lauk dari kacang hijau yang ditumbuk dan dibumbu santan,,,Balai Bahasa Provinsi NTB (Kamus Terpadu Sasambo)
antap sepuq,antap sepuq,,Sasak Umum,kacang goreng tanpa minyak goreng,,,Balai Bahasa Provinsi NTB (Kamus Terpadu Sasambo)
antap sten,antap sten,,Sasak Umum,kacang yang tumbuh seperti pohon perdu,,,Balai Bahasa Provinsi NTB (Kamus Terpadu Sasambo)
antap tiwoq,antap tiwoq,,Sasak Umum,kacang yang tumbuh,,,Balai Bahasa Provinsi NTB (Kamus Terpadu Sasambo)
antem,antem,,Sasak Umum,hantam,,,Balai Bahasa Provinsi NTB (Kamus Terpadu Sasambo)
anteman,anteman,,Sasak Umum,hantaman,,,Balai Bahasa Provinsi NTB (Kamus Terpadu Sasambo)
antemang,antemang,,Sasak Umum,hantamkan,,,Balai Bahasa Provinsi NTB (Kamus Terpadu Sasambo)
antep,antep,,Sasak Umum,kipas,,,Balai Bahasa Provinsi NTB (Kamus Terpadu Sasambo)
antep lepe,antep lepe,,Sasak Umum,kipas yg dibuat dr pelepah pinang,,,Balai Bahasa Provinsi NTB (Kamus Terpadu Sasambo)
antepin,antepin,,Sasak Umum,kipasi,,,Balai Bahasa Provinsi NTB (Kamus Terpadu Sasambo)
antih,antih,,Sasak Umum,(ksr) tunggu,,,Balai Bahasa Provinsi NTB (Kamus Terpadu Sasambo)
antih mayung lepas ki,antih mayung lepas ki,,Sasak Umum,tunggu rusa lepas (tunggu sesuatu yg sudah pergi bebas),,,Balai Bahasa Provinsi NTB (Kamus Terpadu Sasambo)
"anting, anting-anting",anting,,Sasak Umum,anting-anting,,,Balai Bahasa Provinsi NTB (Kamus Terpadu Sasambo)
anting-antingin,anting-antingin,,Sasak Umum,anting-antingi,,,Balai Bahasa Provinsi NTB (Kamus Terpadu Sasambo)
antiq,antiq,,Sasak Umum,pegang; bawa,,,Balai Bahasa Provinsi NTB (Kamus Terpadu Sasambo)
antiqang,antiqang,,Sasak Umum,bawakan,,,Balai Bahasa Provinsi NTB (Kamus Terpadu Sasambo)
anton,anton,,Sasak Umum,tarik (dari atas),,,Balai Bahasa Provinsi NTB (Kamus Terpadu Sasambo)
antos,antos,,Sasak Umum,(hls) tunggu,,,Balai Bahasa Provinsi NTB (Kamus Terpadu Sasambo)
antu; entu,antu,,Sasak Umum,rematik; pegal; linu; nama penyakit pada kaki yg kadang-kadang menyebabkan tidak bisa jalan,,,Balai Bahasa Provinsi NTB (Kamus Terpadu Sasambo)
antuk,antuk,,Sasak Umum,angguk,,,Balai Bahasa Provinsi NTB (Kamus Terpadu Sasambo)
antukang,antukang,,Sasak Umum,anggukkan,,,Balai Bahasa Provinsi NTB (Kamus Terpadu Sasambo)
antuq,antuq,,Sasak Umum,tarik,,,Balai Bahasa Provinsi NTB (Kamus Terpadu Sasambo)
antuq awek,antuq awek,,Sasak Umum,tarik dng kuat,,,Balai Bahasa Provinsi NTB (Kamus Terpadu Sasambo)
antuqang,antuqang,,Sasak Umum,tarikkan,,,Balai Bahasa Provinsi NTB (Kamus Terpadu Sasambo)
anuq,anuq,,Sasak Umum,"yg tidak disebutkan namanya (orang, benda, dsb)",milik; kepunyaan,,Balai Bahasa Provinsi NTB (Kamus Terpadu Sasambo)
anyir,anyir,,Sasak Umum,bosan; jemu (makan),,,Balai Bahasa Provinsi NTB (Kamus Terpadu Sasambo)
anyiran,anyiran,,Sasak Umum,lebih bosan; agak bosan,,,Balai Bahasa Provinsi NTB (Kamus Terpadu Sasambo)
aoq,aoq,,Sasak Umum,(ksr) ya; jawaban panggilan,,,Balai Bahasa Provinsi NTB (Kamus Terpadu Sasambo)
apa,apa,,Sasak Umum,ada apa,,,Balai Bahasa Provinsi NTB (Kamus Terpadu Sasambo)
apa bae,apa bae,,Sasak Umum,apa saja,,,Balai Bahasa Provinsi NTB (Kamus Terpadu Sasambo)
apa-apa,apa-apa,,Sasak Umum,segala sesuatu; apa pun; apa saja,,,Balai Bahasa Provinsi NTB (Kamus Terpadu Sasambo)
apah,apah,,Sasak Umum,alas,kata yg menunjukkan ketidaktahuan,,Balai Bahasa Provinsi NTB (Kamus Terpadu Sasambo)
apahang,apahang,,Sasak Umum,berikan alas,,,Balai Bahasa Provinsi NTB (Kamus Terpadu Sasambo)
apak,apak,,Sasak Umum,menghentak-hentakkan kedua kaki di tanah,,,Balai Bahasa Provinsi NTB (Kamus Terpadu Sasambo)
apak-apakang,apak-apakang,,Sasak Umum,hentak-hentakkan kaki,,,Balai Bahasa Provinsi NTB (Kamus Terpadu Sasambo)
apal,apal,,Sasak Umum,hapal,,,Balai Bahasa Provinsi NTB (Kamus Terpadu Sasambo)
apal-apalan,apal-apalan,,Sasak Umum,hapal-hapalan,,,Balai Bahasa Provinsi NTB (Kamus Terpadu Sasambo)
apalan,apalan,,Sasak Umum,hapalan,,,Balai Bahasa Provinsi NTB (Kamus Terpadu Sasambo)
apalang,apalang,,Sasak Umum,hapalkan,,,Balai Bahasa Provinsi NTB (Kamus Terpadu Sasambo)
apem,apem,,Sasak Umum,jajan apem,,,Balai Bahasa Provinsi NTB (Kamus Terpadu Sasambo)
apeq,apeq,,Sasak Umum,susun; atur; tata; rapikan; hias,,,Balai Bahasa Provinsi NTB (Kamus Terpadu Sasambo)
api bong,api bong,,Sasak Umum,kunang-kunang,,,Balai Bahasa Provinsi NTB (Kamus Terpadu Sasambo)
api maling,api maling,,Sasak Umum,api pencuri; kebakaran yang disebabkan oleh pencuri,,,Balai Bahasa Provinsi NTB (Kamus Terpadu Sasambo)
api puntiq,api puntiq,,Sasak Umum,api yang digunakan untuk memeram pisang,,,Balai Bahasa Provinsi NTB (Kamus Terpadu Sasambo)
api sandang,api sandang,,Sasak Umum,api yang turun dari angkasa (mungkin benda angkasa yang jatuh),,,Balai Bahasa Provinsi NTB (Kamus Terpadu Sasambo)
apik,apik,,Sasak Umum,teliti; hati-hati; cermat,,,Balai Bahasa Provinsi NTB (Kamus Terpadu Sasambo)
apik-apik,apik-apik,,Sasak Umum,hati-hati; mengirit,,,Balai Bahasa Provinsi NTB (Kamus Terpadu Sasambo)
apikan,apikan,,Sasak Umum,lebih teliti; lebih hati-hati; lebih cermat; agak hati-hati,,,Balai Bahasa Provinsi NTB (Kamus Terpadu Sasambo)
apikang,apikang,,Sasak Umum,perlakukan dengan hati-hati,,,Balai Bahasa Provinsi NTB (Kamus Terpadu Sasambo)
apin,apin,,Sasak Umum,beri api,,,Balai Bahasa Provinsi NTB (Kamus Terpadu Sasambo)
apit,apit,,Sasak Umum,apit,,,Balai Bahasa Provinsi NTB (Kamus Terpadu Sasambo)
apitang,apitang,,Sasak Umum,apitkan,,,Balai Bahasa Provinsi NTB (Kamus Terpadu Sasambo)
apuh,apuh,,Sasak Umum,kapur sirih,,,Balai Bahasa Provinsi NTB (Kamus Terpadu Sasambo)
apur,apur,,Sasak Umum,kapur sirih,,,Balai Bahasa Provinsi NTB (Kamus Terpadu Sasambo)
apurin,apurin,,Sasak Umum,beri kapur; kapuri,,,Balai Bahasa Provinsi NTB (Kamus Terpadu Sasambo)
apus,apus,,Sasak Umum,boreh,hapus,,Balai Bahasa Provinsi NTB (Kamus Terpadu Sasambo)
apusang,apusang,,Sasak Umum,hapuskan,,,Balai Bahasa Provinsi NTB (Kamus Terpadu Sasambo)
apusin,apusin,,Sasak Umum,borehi,,,Balai Bahasa Provinsi NTB (Kamus Terpadu Sasambo)
ara,ara,,Sasak Umum,pohon ara,sebuah kata seru yg menunjukkan kekesalan terhadap orang,,Balai Bahasa Provinsi NTB (Kamus Terpadu Sasambo)
arah,arah,,Sasak Umum,hampir,ajak,,Balai Bahasa Provinsi NTB (Kamus Terpadu Sasambo)
arak,arak,,Sasak Umum,minuman arak,,,Balai Bahasa Provinsi NTB (Kamus Terpadu Sasambo)
aran,aran,,Sasak Umum,nama,,,Balai Bahasa Provinsi NTB (Kamus Terpadu Sasambo)
aran belo,aran belo,,Sasak Umum,nama panjang,,,Balai Bahasa Provinsi NTB (Kamus Terpadu Sasambo)
aran konteq,aran konteq,,Sasak Umum,nama pendek,,,Balai Bahasa Provinsi NTB (Kamus Terpadu Sasambo)
aran lenge,aran lenge,,Sasak Umum,nama yg jelek,,,Balai Bahasa Provinsi NTB (Kamus Terpadu Sasambo)
arang,arang,,Sasak Umum,arang,,,Balai Bahasa Provinsi NTB (Kamus Terpadu Sasambo)
aranin,aranin,,Sasak Umum,menamai,,,Balai Bahasa Provinsi NTB (Kamus Terpadu Sasambo)
arap,arap,,Sasak Umum,nama bangsa di Jazirah Arab dan Timur Tengah,,,Balai Bahasa Provinsi NTB (Kamus Terpadu Sasambo)
arap ampenan,arap ampenan,,Sasak Umum,orang Ampenan keturunan Arab,,,Balai Bahasa Provinsi NTB (Kamus Terpadu Sasambo)
arap-arapan,arap-arapan,,Sasak Umum,kearab-araban; orang yg bertingkah laku seperti orang Arab,,,Balai Bahasa Provinsi NTB (Kamus Terpadu Sasambo)
araq,araq,,Sasak Umum,ada,,,Balai Bahasa Provinsi NTB (Kamus Terpadu Sasambo)
araq angen,araq angen,,Sasak Umum,berminat; menaruh cinta,,,Balai Bahasa Provinsi NTB (Kamus Terpadu Sasambo)
araq dereq,araq dereq,,Sasak Umum,ada tidak ada,,,Balai Bahasa Provinsi NTB (Kamus Terpadu Sasambo)
araq ngene,araq ngene,,Sasak Umum,ada begini,,,Balai Bahasa Provinsi NTB (Kamus Terpadu Sasambo)
araqan,araqan,,Sasak Umum,mengadakan,lebih berada,,Balai Bahasa Provinsi NTB (Kamus Terpadu Sasambo)
arat,arat,,Sasak Umum,gembala,,,Balai Bahasa Provinsi NTB (Kamus Terpadu Sasambo)
arat bebek,arat bebek,,Sasak Umum,penggembala itik,,,Balai Bahasa Provinsi NTB (Kamus Terpadu Sasambo)
arat bembeq,arat bembeq,,Sasak Umum,penggembala kambing,,,Balai Bahasa Provinsi NTB (Kamus Terpadu Sasambo)
arat sampi,arat sampi,,Sasak Umum,penggembala sapi,,,Balai Bahasa Provinsi NTB (Kamus Terpadu Sasambo)
are,are,,Sasak Umum,ara (ukuran luas tanah),,,Balai Bahasa Provinsi NTB (Kamus Terpadu Sasambo)
arem,arem,,Sasak Umum,eram,,,Balai Bahasa Provinsi NTB (Kamus Terpadu Sasambo)
areman,areman,,Sasak Umum,eramkan,,,Balai Bahasa Provinsi NTB (Kamus Terpadu Sasambo)
aremin,aremin,,Sasak Umum,erami,,,Balai Bahasa Provinsi NTB (Kamus Terpadu Sasambo)
aren,aren,,Sasak Umum,enau,,,Balai Bahasa Provinsi NTB (Kamus Terpadu Sasambo)
aren bisoq ima,aren bisoq ima,,Sasak Umum,piring tempat basuh tangan,,,Balai Bahasa Provinsi NTB (Kamus Terpadu Sasambo)
aren dangkem,aren dangkem,,Sasak Umum,nama sejenis piring,,,Balai Bahasa Provinsi NTB (Kamus Terpadu Sasambo)
aren jangan,aren jangan,,Sasak Umum,piring tempat sayur,,,Balai Bahasa Provinsi NTB (Kamus Terpadu Sasambo)
arep,arep,,Sasak Umum,muka (arah),,,Balai Bahasa Provinsi NTB (Kamus Terpadu Sasambo)
arepan,arepan,,Sasak Umum,harapan,lebih ke muka,,Balai Bahasa Provinsi NTB (Kamus Terpadu Sasambo)
areq,areq,,Sasak Umum,tinggal; diam,panggil,,Balai Bahasa Provinsi NTB (Kamus Terpadu Sasambo)
areq-areqan,areq-areqan,,Sasak Umum,panggil-panggilkan,,,Balai Bahasa Provinsi NTB (Kamus Terpadu Sasambo)
areqan,areqan,,Sasak Umum,panggilkan,,,Balai Bahasa Provinsi NTB (Kamus Terpadu Sasambo)
ares,ares,,Sasak Umum,sayur dari batang pisang yg masih muda,,,Balai Bahasa Provinsi NTB (Kamus Terpadu Sasambo)
ares kedebong,ares kedebong,,Sasak Umum,ares batang pisang,,,Balai Bahasa Provinsi NTB (Kamus Terpadu Sasambo)
arit,arit,,Sasak Umum,sisir (utk pisang),,,Balai Bahasa Provinsi NTB (Kamus Terpadu Sasambo)
arloji,arloji,,Sasak Umum,jam tangan,,,Balai Bahasa Provinsi NTB (Kamus Terpadu Sasambo)
aro,aro,,Sasak Umum,aduh,,,Balai Bahasa Provinsi NTB (Kamus Terpadu Sasambo)
aroh,aroh,,Sasak Umum,hampir,,,Balai Bahasa Provinsi NTB (Kamus Terpadu Sasambo)
arok,arok,,Sasak Umum,masukkan,,,Balai Bahasa Provinsi NTB (Kamus Terpadu Sasambo)
arong,arong,,Sasak Umum,lomba; balapan,,,Balai Bahasa Provinsi NTB (Kamus Terpadu Sasambo)
arong-arongan,arong-arongan,,Sasak Umum,perlombaan,,,Balai Bahasa Provinsi NTB (Kamus Terpadu Sasambo)
arot,arot,,Sasak Umum,gigit,,,Balai Bahasa Provinsi NTB (Kamus Terpadu Sasambo)
arpah,arpah,,Sasak Umum,nama tempat di Makkah,,,Balai Bahasa Provinsi NTB (Kamus Terpadu Sasambo)
arta,arta,,Sasak Umum,harta,,,Balai Bahasa Provinsi NTB (Kamus Terpadu Sasambo)
artiang,artiang,,Sasak Umum,artikan,,,Balai Bahasa Provinsi NTB (Kamus Terpadu Sasambo)
aru,aru,,Sasak Umum,pagi,,,Balai Bahasa Provinsi NTB (Kamus Terpadu Sasambo)
aru-aru,aru-aru,,Sasak Umum,pagi-pagi; pagi sekali; dini hari,,,Balai Bahasa Provinsi NTB (Kamus Terpadu Sasambo)
aru-aruan,aru-aruan,,Sasak Umum,agak pagi-pagi,,,Balai Bahasa Provinsi NTB (Kamus Terpadu Sasambo)
aruan,aruan,,Sasak Umum,lebih pagi; pagian,,,Balai Bahasa Provinsi NTB (Kamus Terpadu Sasambo)
arus,arus,,Sasak Umum,arus,nama sejenis umbi-umbian,,Balai Bahasa Provinsi NTB (Kamus Terpadu Sasambo)
arusang,arusang,,Sasak Umum,mengharuskan,,,Balai Bahasa Provinsi NTB (Kamus Terpadu Sasambo)
arwah,arwah,,Sasak Umum,ruh,,,Balai Bahasa Provinsi NTB (Kamus Terpadu Sasambo)
asa,asa,,Sasak Umum,ingat; sadar,cukup,,Balai Bahasa Provinsi NTB (Kamus Terpadu Sasambo)
asah,asah,,Sasak Umum,rata; datar,,,Balai Bahasa Provinsi NTB (Kamus Terpadu Sasambo)
asahan,asahan,,Sasak Umum,meratakan,,,Balai Bahasa Provinsi NTB (Kamus Terpadu Sasambo)
asal,asal,,Sasak Umum,asalkan; dgn syarat; apabila,,,Balai Bahasa Provinsi NTB (Kamus Terpadu Sasambo)
asal-usul,asal-usul,,Sasak Umum,asal usul; keturunan; silsilah,,,Balai Bahasa Provinsi NTB (Kamus Terpadu Sasambo)
asaq,asaq,,Sasak Umum,"asah; gosok dgn benda keras (supaya tajam, berkilap, dsb)",,,Balai Bahasa Provinsi NTB (Kamus Terpadu Sasambo)
asem,asem,,Sasak Umum,masam (rasa),,,Balai Bahasa Provinsi NTB (Kamus Terpadu Sasambo)
aseman,aseman,,Sasak Umum,lebih masam; agak asam,,,Balai Bahasa Provinsi NTB (Kamus Terpadu Sasambo)
aseq,aseq,,Sasak Umum,sedih; belas kasih,,,Balai Bahasa Provinsi NTB (Kamus Terpadu Sasambo)
aseq laloq,aseq laloq,,Sasak Umum,sangat sedih,,,Balai Bahasa Provinsi NTB (Kamus Terpadu Sasambo)
aseran,aseran,,Sasak Umum,melagukan AlQuran,,,Balai Bahasa Provinsi NTB (Kamus Terpadu Sasambo)
asil,asil,,Sasak Umum,hasil,,,Balai Bahasa Provinsi NTB (Kamus Terpadu Sasambo)
asil bangket,asil bangket,,Sasak Umum,hasil sawah,,,Balai Bahasa Provinsi NTB (Kamus Terpadu Sasambo)
asil kebon,asil kebon,,Sasak Umum,hasil kebun,,,Balai Bahasa Provinsi NTB (Kamus Terpadu Sasambo)
asil raos,asil raos,,Sasak Umum,hasil pembicaraan,,,Balai Bahasa Provinsi NTB (Kamus Terpadu Sasambo)
asin,asin,,Sasak Umum,asin,,,Balai Bahasa Provinsi NTB (Kamus Terpadu Sasambo)
asinan,asinan,,Sasak Umum,lebih asin; agak asin,,,Balai Bahasa Provinsi NTB (Kamus Terpadu Sasambo)
asta,asta,,Sasak Umum,hasta; satuan ukuran sepanjang lengan,,,Balai Bahasa Provinsi NTB (Kamus Terpadu Sasambo)
atak,atak,,Sasak Umum,dua ratusan,,,Balai Bahasa Provinsi NTB (Kamus Terpadu Sasambo)
atakan,atakan,,Sasak Umum,dua ratusan,,,Balai Bahasa Provinsi NTB (Kamus Terpadu Sasambo)
atas,atas,,Sasak Umum,atas; bagian (tempat) yg lebih tinggi,,,Balai Bahasa Provinsi NTB (Kamus Terpadu Sasambo)
atasan,atasan,,Sasak Umum,lebih atas; agak atas,,,Balai Bahasa Provinsi NTB (Kamus Terpadu Sasambo)
atawa,atawa,,Sasak Umum,atau,,,Balai Bahasa Provinsi NTB (Kamus Terpadu Sasambo)
ate,ate,,Sasak Umum,hati,,,Balai Bahasa Provinsi NTB (Kamus Terpadu Sasambo)
ate basong,ate basong,,Sasak Umum,hati anjing,,,Balai Bahasa Provinsi NTB (Kamus Terpadu Sasambo)
ate bawi,ate bawi,,Sasak Umum,hati babi,,,Balai Bahasa Provinsi NTB (Kamus Terpadu Sasambo)
ate godek,ate godek,,Sasak Umum,hati monyet,,,Balai Bahasa Provinsi NTB (Kamus Terpadu Sasambo)
atep bobok,atep bobok,,Sasak Umum,bangunan beratap daun kelapa,,,Balai Bahasa Provinsi NTB (Kamus Terpadu Sasambo)
atep ijuk,atep ijuk,,Sasak Umum,bangunan beratap ijuk,,,Balai Bahasa Provinsi NTB (Kamus Terpadu Sasambo)
atep re,atep re,,Sasak Umum,beratap ilalang,,,Balai Bahasa Provinsi NTB (Kamus Terpadu Sasambo)
ater,ater,,Sasak Umum,antar (makanan),,,Balai Bahasa Provinsi NTB (Kamus Terpadu Sasambo)
"atera(n,g)",atera(n,,Sasak Umum,antarkan (makanan),,,Balai Bahasa Provinsi NTB (Kamus Terpadu Sasambo)
atom,atom,,Sasak Umum,pulpen,,,Balai Bahasa Provinsi NTB (Kamus Terpadu Sasambo)
atong,atong,,Sasak Umum,antar (orang); temani,,,Balai Bahasa Provinsi NTB (Kamus Terpadu Sasambo)
atuh,atuh,,Sasak Umum,lempar,,,Balai Bahasa Provinsi NTB (Kamus Terpadu Sasambo)
"atuha(n,g)",atuha(n,,Sasak Umum,lemparkan,,,Balai Bahasa Provinsi NTB (Kamus Terpadu Sasambo)
atur,atur,,Sasak Umum,atur; tata,,,Balai Bahasa Provinsi NTB (Kamus Terpadu Sasambo)
"atura(n,g)",atura(n,,Sasak Umum,berikan; persembahkan,,,Balai Bahasa Provinsi NTB (Kamus Terpadu Sasambo)
aturan,aturan,,Sasak Umum,aturan,,,Balai Bahasa Provinsi NTB (Kamus Terpadu Sasambo)
aturin,aturin,,Sasak Umum,suguhi; berikan,,,Balai Bahasa Provinsi NTB (Kamus Terpadu Sasambo)
atus,atus,,Sasak Umum,ratus,,,Balai Bahasa Provinsi NTB (Kamus Terpadu Sasambo)
atusan,atusan,,Sasak Umum,ratusan,,,Balai Bahasa Provinsi NTB (Kamus Terpadu Sasambo)
aur,aur,,Sasak Umum,salah satu jenis bambu,,,Balai Bahasa Provinsi NTB (Kamus Terpadu Sasambo)
aut,aut,,Sasak Umum,tarik,,,Balai Bahasa Provinsi NTB (Kamus Terpadu Sasambo)
aut bitek,aut bitek,,Sasak Umum,tarik dng menghentak,,,Balai Bahasa Provinsi NTB (Kamus Terpadu Sasambo)
"auta(n,g)",auta(n,,Sasak Umum,tarikkan,,,Balai Bahasa Provinsi NTB (Kamus Terpadu Sasambo)
awak,awak,,Sasak Umum,badan,,,Balai Bahasa Provinsi NTB (Kamus Terpadu Sasambo)
awak penyampeqan,awak penyampeqan,,Sasak Umum,"berbadan baik, apa saja yang dipakai selalu menarik",,,Balai Bahasa Provinsi NTB (Kamus Terpadu Sasambo)
awal Ar,awal ar,,Sasak Umum,asal mula; awal,,,Balai Bahasa Provinsi NTB (Kamus Terpadu Sasambo)
awalan,awalan,,Sasak Umum,awalan,,,Balai Bahasa Provinsi NTB (Kamus Terpadu Sasambo)
awam Ar,awam ar,,Sasak Umum,umum; kebanyakan; biasa; tidak istimewa,,,Balai Bahasa Provinsi NTB (Kamus Terpadu Sasambo)
awampè,awampè,,Sasak Umum,istrimu; suamimu,,,Balai Bahasa Provinsi NTB (Kamus Terpadu Sasambo)
awan n,awan n,,Sasak Umum,istri,,,Balai Bahasa Provinsi NTB (Kamus Terpadu Sasambo)
awandâ,awandâ,,Sasak Umum,istrinya; suaminya,,,Balai Bahasa Provinsi NTB (Kamus Terpadu Sasambo)
"awang, awang-awang",awang,,Sasak Umum,angkasa,,,Balai Bahasa Provinsi NTB (Kamus Terpadu Sasambo)
awangku,awangku,,Sasak Umum,istri saya; suami saya,,,Balai Bahasa Provinsi NTB (Kamus Terpadu Sasambo)
awaq,awaq,,Sasak Umum,tubuh; badan,,,Balai Bahasa Provinsi NTB (Kamus Terpadu Sasambo)
awas,awas,,Sasak Umum,kata ancaman; awas,,,Balai Bahasa Provinsi NTB (Kamus Terpadu Sasambo)
awasin,awasin,,Sasak Umum,awasi,,,Balai Bahasa Provinsi NTB (Kamus Terpadu Sasambo)
awik desa,awik desa,,Sasak Umum,aturan desa,,,Balai Bahasa Provinsi NTB (Kamus Terpadu Sasambo)
"awik, awik-awik",awik,,Sasak Umum,"aturan yg telah disepakati oleh suatu komunitas tertentu, biasanya ada sanksi bagi yg melanggarnya",,,Balai Bahasa Provinsi NTB (Kamus Terpadu Sasambo)
awin,awin,,Sasak Umum,ikatan padi dengan ukuran segenggam,,,Balai Bahasa Provinsi NTB (Kamus Terpadu Sasambo)
awin-awin,awin-awin,,Sasak Umum,ikat-ikatan padi,,,Balai Bahasa Provinsi NTB (Kamus Terpadu Sasambo)
awinan,awinan,,Sasak Umum,karena; lantaran,,,Balai Bahasa Provinsi NTB (Kamus Terpadu Sasambo)
awis,awis,,Sasak Umum,sabit; arit,,,Balai Bahasa Provinsi NTB (Kamus Terpadu Sasambo)
"awisa(n,g)",awisa(n,,Sasak Umum,sabitkan,,,Balai Bahasa Provinsi NTB (Kamus Terpadu Sasambo)
awon,awon,,Sasak Umum,bawa (sisa makanan kenduri yg disuguhkan),,,Balai Bahasa Provinsi NTB (Kamus Terpadu Sasambo)
awon-awon,awon-awon,,Sasak Umum,sisa makanan yg dibawa,,,Balai Bahasa Provinsi NTB (Kamus Terpadu Sasambo)
"awona(n,g)",awona(n,,Sasak Umum,bawakan sisa makanan,,,Balai Bahasa Provinsi NTB (Kamus Terpadu Sasambo)
awor,awor,,Sasak Umum,campur,,,Balai Bahasa Provinsi NTB (Kamus Terpadu Sasambo)
"awora(n,g)",awora(n,,Sasak Umum,campurkan,,,Balai Bahasa Provinsi NTB (Kamus Terpadu Sasambo)
awu,awu,,Sasak Umum,kelabu (warna),,,Balai Bahasa Provinsi NTB (Kamus Terpadu Sasambo)
awu jangkih,awu jangkih,,Sasak Umum,abu tungku,,,Balai Bahasa Provinsi NTB (Kamus Terpadu Sasambo)
"awun, awun-awun",awun,,Sasak Umum,awan lembap yg melayang di dekat permukaan tanah; kabut,,,Balai Bahasa Provinsi NTB (Kamus Terpadu Sasambo)
awâ,awâ,,Sasak Umum,suami/istri,,,Balai Bahasa Provinsi NTB (Kamus Terpadu Sasambo)
awék; awik,awék,,Sasak Umum,tarik,,,Balai Bahasa Provinsi NTB (Kamus Terpadu Sasambo)
"awéka(n,g)",awéka(n,,Sasak Umum,tarikkan,,,Balai Bahasa Provinsi NTB (Kamus Terpadu Sasambo)
awét,awét,,Sasak Umum,awet; tahan lama; lama berubah,,,Balai Bahasa Provinsi NTB (Kamus Terpadu Sasambo)
awétan,awétan,,Sasak Umum,lebih awet,,,Balai Bahasa Provinsi NTB (Kamus Terpadu Sasambo)
ayah,ayah,,Sasak Umum,"nama penyakit, biasanya berbentuk benjolan-bejolan di sekujur badan, benjolan-benjolan tersebut kemudian meletus",,,Balai Bahasa Provinsi NTB (Kamus Terpadu Sasambo)
"ayah, pengayah",ayah,,Sasak Umum,golongan penduduk (bukan bangsawan) biasa yang jadi pelayan,,,Balai Bahasa Provinsi NTB (Kamus Terpadu Sasambo)
ayaq,ayaq,,Sasak Umum,alat untuk menapis tepung,,,Balai Bahasa Provinsi NTB (Kamus Terpadu Sasambo)
"ayaqa(n,g)",ayaqa(n,,Sasak Umum,tapiskan,,,Balai Bahasa Provinsi NTB (Kamus Terpadu Sasambo)
ayat Ar,ayat ar,,Sasak Umum,ayat; beberapa kalimat yg merupakan kesatuan maksud sbg bagian surah dl kitab suci AlQuran,,,Balai Bahasa Provinsi NTB (Kamus Terpadu Sasambo)
"b(e)abar-abara(n,g)",babar-abara(n,,Sasak Umum,(lari) terbirit-birit satu dengan yang lain,,,Balai Bahasa Provinsi NTB (Kamus Terpadu Sasambo)
"b(e)acong-aconga(n,g)",bacong-aconga(n,,Sasak Umum,(ber-buat seperti) anjing; bersifat anjing,,,Balai Bahasa Provinsi NTB (Kamus Terpadu Sasambo)
"b(e)aduh-aduh, ngaduh",baduh-aduh,,Sasak Umum,mengaduh,,,Balai Bahasa Provinsi NTB (Kamus Terpadu Sasambo)
"b(e)adéng-adénga(n,g)",badéng-adénga(n,,Sasak Umum,lam-bat-lambat,,,Balai Bahasa Provinsi NTB (Kamus Terpadu Sasambo)
b(e)aget-bagetan,baget-bagetan,,Sasak Umum,untung-untungan,,,Balai Bahasa Provinsi NTB (Kamus Terpadu Sasambo)
b(e)agul-agul,bagul-agul,,Sasak Umum,memanggil nama si dagul berulang-ulang,,,Balai Bahasa Provinsi NTB (Kamus Terpadu Sasambo)
b(e)ajat-ajat,bajat-ajat,,Sasak Umum,berencana,,,Balai Bahasa Provinsi NTB (Kamus Terpadu Sasambo)
b(e)alè-alè,balè-alè,,Sasak Umum,berterbangan seperti laron,,,Balai Bahasa Provinsi NTB (Kamus Terpadu Sasambo)
b(e)amuk-amuk,bamuk-amuk,,Sasak Umum,mengamuk-amuk,,,Balai Bahasa Provinsi NTB (Kamus Terpadu Sasambo)
b(e)anggoq-anggoq,banggoq-anggoq,,Sasak Umum,berangguk-angguk,,,Balai Bahasa Provinsi NTB (Kamus Terpadu Sasambo)
b(e)angguq-angguq,bangguq-angguq,,Sasak Umum,meng-angguk-angguk,,,Balai Bahasa Provinsi NTB (Kamus Terpadu Sasambo)
b(e)angin-angin,bangin-angin,,Sasak Umum,berangin-angin (kena hawa),,,Balai Bahasa Provinsi NTB (Kamus Terpadu Sasambo)
b(e)anéh-anéh,banéh-anéh,,Sasak Umum,mengucapkan kata anéh (berulang-ulang),,,Balai Bahasa Provinsi NTB (Kamus Terpadu Sasambo)
b(e)arâ-arâ,barâ-arâ,,Sasak Umum,"berara-ara; berukuran (tanah, kebun) berara-ara",,,Balai Bahasa Provinsi NTB (Kamus Terpadu Sasambo)
babah,babah,,Sasak Umum,orang cina,,,Balai Bahasa Provinsi NTB (Kamus Terpadu Sasambo)
babak,babak,,Sasak Umum,kulit kayu,,,Balai Bahasa Provinsi NTB (Kamus Terpadu Sasambo)
babak belur,babak belur,,Sasak Umum,luka parah,,,Balai Bahasa Provinsi NTB (Kamus Terpadu Sasambo)
babak paoq,babak paoq,,Sasak Umum,kulit pohon mangga,,,Balai Bahasa Provinsi NTB (Kamus Terpadu Sasambo)
babak tapen,babak tapen,,Sasak Umum,kulit pohon waru,,,Balai Bahasa Provinsi NTB (Kamus Terpadu Sasambo)
babar,babar,,Sasak Umum,"sebuah tanda yang terbuat dari daun kelapa muda yang ditancapkan di pematang, sebagai isyarat bahwa rumput di pematang itu tidak boleh dicabut",,,Balai Bahasa Provinsi NTB (Kamus Terpadu Sasambo)
babas,babas,,Sasak Umum,imbas; serempet,,,Balai Bahasa Provinsi NTB (Kamus Terpadu Sasambo)
babat,babat,,Sasak Umum,babad,,,Balai Bahasa Provinsi NTB (Kamus Terpadu Sasambo)
babat lombok,babat lombok,,Sasak Umum,babad Lombok,,,Balai Bahasa Provinsi NTB (Kamus Terpadu Sasambo)
babat praya,babat praya,,Sasak Umum,babad Praya,,,Balai Bahasa Provinsi NTB (Kamus Terpadu Sasambo)
babat sakra,babat sakra,,Sasak Umum,babad Sakra,,,Balai Bahasa Provinsi NTB (Kamus Terpadu Sasambo)
bacot,bacot,,Sasak Umum,jakun,,,Balai Bahasa Provinsi NTB (Kamus Terpadu Sasambo)
bacâ; bâcâ,bacâ,,Sasak Umum,baca,,,Balai Bahasa Provinsi NTB (Kamus Terpadu Sasambo)
"bacâa(n,g)",bacâa(n,,Sasak Umum,bacakan,,,Balai Bahasa Provinsi NTB (Kamus Terpadu Sasambo)
badah,badah,,Sasak Umum,kata seru,,,Balai Bahasa Provinsi NTB (Kamus Terpadu Sasambo)
badaq,badaq,,Sasak Umum,beri tahu,,,Balai Bahasa Provinsi NTB (Kamus Terpadu Sasambo)
"badaqa(n,g)",badaqa(n,,Sasak Umum,beritahukan,,,Balai Bahasa Provinsi NTB (Kamus Terpadu Sasambo)
badar Ar,badar ar,,Sasak Umum,nama tempat di Saudi Arabia; nama orang,,,Balai Bahasa Provinsi NTB (Kamus Terpadu Sasambo)
"badas, bebadas",badas,,Sasak Umum,ikan kecil-kecil di kali,,,Balai Bahasa Provinsi NTB (Kamus Terpadu Sasambo)
badi,badi,,Sasak Umum,nama pelaku dl pewayangan,,,Balai Bahasa Provinsi NTB (Kamus Terpadu Sasambo)
"badiq, bebadiq",badiq,,Sasak Umum,sejenis cendawan,,,Balai Bahasa Provinsi NTB (Kamus Terpadu Sasambo)
badoq,badoq,,Sasak Umum,kain yang dililitkan di pinggang,,,Balai Bahasa Provinsi NTB (Kamus Terpadu Sasambo)
"badu-adu, be(r)adu-adu, nga du-adu",badu-adu,,Sasak Umum,mengadu,,,Balai Bahasa Provinsi NTB (Kamus Terpadu Sasambo)
baduk,baduk,,Sasak Umum,perut; usus besar,,,Balai Bahasa Provinsi NTB (Kamus Terpadu Sasambo)
badung,badung,,Sasak Umum,"sebangsa pohon yang buahnya seperti manggis, tetapi masam rasanya",,,Balai Bahasa Provinsi NTB (Kamus Terpadu Sasambo)
"badunga(n,g)",badunga(n,,Sasak Umum,tebangkan,,,Balai Bahasa Provinsi NTB (Kamus Terpadu Sasambo)
badungin,badungin,,Sasak Umum,tebangi,,,Balai Bahasa Provinsi NTB (Kamus Terpadu Sasambo)
badut,badut,,Sasak Umum,pelawak,,,Balai Bahasa Provinsi NTB (Kamus Terpadu Sasambo)
badèq,badèq,,Sasak Umum,duga; sangka; terka,,,Balai Bahasa Provinsi NTB (Kamus Terpadu Sasambo)
baeh juluq,baeh juluq,,Sasak Umum,nanti dulu,,,Balai Bahasa Provinsi NTB (Kamus Terpadu Sasambo)
bagi,bagi,,Sasak Umum,bagi,,,Balai Bahasa Provinsi NTB (Kamus Terpadu Sasambo)
bagi telu,bagi telu,,Sasak Umum,bagi tiga,,,Balai Bahasa Provinsi NTB (Kamus Terpadu Sasambo)
"bagia(n,g)",bagia(n,,Sasak Umum,bagikan,,,Balai Bahasa Provinsi NTB (Kamus Terpadu Sasambo)
bagian,bagian,,Sasak Umum,bagian,,,Balai Bahasa Provinsi NTB (Kamus Terpadu Sasambo)
bagian kayuq (By),bagian kayuq,,Sasak Umum,anggota banjar yang mengurus masak memasak di tempat perhelatan,,,Balai Bahasa Provinsi NTB (Kamus Terpadu Sasambo)
bagian timuq ki,bagian timuq ki,,Sasak Umum,"bagian negeri sebelah timur, seperti Sumbawa, Bima, dan lain-lain",,,Balai Bahasa Provinsi NTB (Kamus Terpadu Sasambo)
bagin,bagin,,Sasak Umum,kepunyaan; untuk,,,Balai Bahasa Provinsi NTB (Kamus Terpadu Sasambo)
bagu; bègu,bagu,,Sasak Umum,belinjo,,,Balai Bahasa Provinsi NTB (Kamus Terpadu Sasambo)
bagus,bagus,,Sasak Umum,bagus,,,Balai Bahasa Provinsi NTB (Kamus Terpadu Sasambo)
bagus rua,bagus rua,,Sasak Umum,hanya rupa/lahirnya yang bagus,,,Balai Bahasa Provinsi NTB (Kamus Terpadu Sasambo)
"bagusa(n,g)",bagusa(n,,Sasak Umum,baguskan,,,Balai Bahasa Provinsi NTB (Kamus Terpadu Sasambo)
bagusan,bagusan,,Sasak Umum,lebih bagus; agak bagus,,,Balai Bahasa Provinsi NTB (Kamus Terpadu Sasambo)
bagusin,bagusin,,Sasak Umum,bagusi,,,Balai Bahasa Provinsi NTB (Kamus Terpadu Sasambo)
bagèq,bagèq,,Sasak Umum,asam,,,Balai Bahasa Provinsi NTB (Kamus Terpadu Sasambo)
bagèqin,bagèqin,,Sasak Umum,asami,,,Balai Bahasa Provinsi NTB (Kamus Terpadu Sasambo)
bahla korot,bahla korot,,Sasak Umum,wabah/penyakit yang banyak makan korban,,,Balai Bahasa Provinsi NTB (Kamus Terpadu Sasambo)
bahlâ,bahlâ,,Sasak Umum,wabah; penyakit,,,Balai Bahasa Provinsi NTB (Kamus Terpadu Sasambo)
bai mama,bai mama,,Sasak Umum,cucu laki-laki,,,Balai Bahasa Provinsi NTB (Kamus Terpadu Sasambo)
bai nina,bai nina,,Sasak Umum,cucu perempuan,,,Balai Bahasa Provinsi NTB (Kamus Terpadu Sasambo)
"bai, bebai",bai,,Sasak Umum,nama makhluk halus; tuyul,,,Balai Bahasa Provinsi NTB (Kamus Terpadu Sasambo)
bai; bèi,bai,,Sasak Umum,cucu,,,Balai Bahasa Provinsi NTB (Kamus Terpadu Sasambo)
baiq,baiq,,Sasak Umum,kata yang dipakai di depan nama anak perempuan kaum bangsawan,,,Balai Bahasa Provinsi NTB (Kamus Terpadu Sasambo)
bais bengeng,bais bengeng,,Sasak Umum,busuk sekali,,,Balai Bahasa Provinsi NTB (Kamus Terpadu Sasambo)
bais; baes,bais,,Sasak Umum,bau busuk,,,Balai Bahasa Provinsi NTB (Kamus Terpadu Sasambo)
baisan,baisan,,Sasak Umum,lebih busuk; agak busuk,,,Balai Bahasa Provinsi NTB (Kamus Terpadu Sasambo)
bait,bait,,Sasak Umum,ambil,,,Balai Bahasa Provinsi NTB (Kamus Terpadu Sasambo)
bajah; bajar; bayah; bayar,bajah,,Sasak Umum,bayar,,,Balai Bahasa Provinsi NTB (Kamus Terpadu Sasambo)
"bajaha(n,g)",bajaha(n,,Sasak Umum,bayarkan,,,Balai Bahasa Provinsi NTB (Kamus Terpadu Sasambo)
bajang,bajang,,Sasak Umum,muda,,,Balai Bahasa Provinsi NTB (Kamus Terpadu Sasambo)
bajang toaq,bajang toaq,,Sasak Umum,pemuda yang sudah tua; bujang lapuk,,,Balai Bahasa Provinsi NTB (Kamus Terpadu Sasambo)
bajangan,bajangan,,Sasak Umum,lebih muda,,,Balai Bahasa Provinsi NTB (Kamus Terpadu Sasambo)
bajo,bajo,,Sasak Umum,ikan asin,,,Balai Bahasa Provinsi NTB (Kamus Terpadu Sasambo)
bajur,bajur,,Sasak Umum,nama pohon,,,Balai Bahasa Provinsi NTB (Kamus Terpadu Sasambo)
bajâ; bâjâ,bajâ,,Sasak Umum,baja,,,Balai Bahasa Provinsi NTB (Kamus Terpadu Sasambo)
bak,bak,,Sasak Umum,wadah; tempat,,,Balai Bahasa Provinsi NTB (Kamus Terpadu Sasambo)
bakal,bakal,,Sasak Umum,akan,,,Balai Bahasa Provinsi NTB (Kamus Terpadu Sasambo)
"bakal, bakalan",bakal,,Sasak Umum,potongan kayu untuk membuat gasing,,,Balai Bahasa Provinsi NTB (Kamus Terpadu Sasambo)
bakan,bakan,,Sasak Umum,nama desa di kecamatan Janapria Lombok Tengah,,,Balai Bahasa Provinsi NTB (Kamus Terpadu Sasambo)
bakaq = keraro,bakaq = keraro,,Sasak Umum,bakul,,,Balai Bahasa Provinsi NTB (Kamus Terpadu Sasambo)
bakaq Ar,bakaq ar,,Sasak Umum,"sifat Tuhan, yaitu maha kekal",,,Balai Bahasa Provinsi NTB (Kamus Terpadu Sasambo)
bakat,bakat,,Sasak Umum,luka,,,Balai Bahasa Provinsi NTB (Kamus Terpadu Sasambo)
bakat dalem,bakat dalem,,Sasak Umum,luka dalam,,,Balai Bahasa Provinsi NTB (Kamus Terpadu Sasambo)
bakat teros,bakat teros,,Sasak Umum,luka parah,,,Balai Bahasa Provinsi NTB (Kamus Terpadu Sasambo)
bakeq beraq,bakeq beraq,,Sasak Umum,nama makhluk halus,,,Balai Bahasa Provinsi NTB (Kamus Terpadu Sasambo)
bakti; bèkti,bakti,,Sasak Umum,bakti; patuh; taat,,,Balai Bahasa Provinsi NTB (Kamus Terpadu Sasambo)
baku-aku,baku-aku,,Sasak Umum,mengatakan aku ketika berbicara,,,Balai Bahasa Provinsi NTB (Kamus Terpadu Sasambo)
bakèq,bakèq,,Sasak Umum,sejenis makhluk halus,,,Balai Bahasa Provinsi NTB (Kamus Terpadu Sasambo)
bal; ban,bal,,Sasak Umum,bola,,,Balai Bahasa Provinsi NTB (Kamus Terpadu Sasambo)
balang,balang,,Sasak Umum,belalang,,,Balai Bahasa Provinsi NTB (Kamus Terpadu Sasambo)
balang bambung,balang bambung,,Sasak Umum,nama belalang,,,Balai Bahasa Provinsi NTB (Kamus Terpadu Sasambo)
balang bantun,balang bantun,,Sasak Umum,nama belalang,,,Balai Bahasa Provinsi NTB (Kamus Terpadu Sasambo)
balang dandok,balang dandok,,Sasak Umum,nama belalang,,,Balai Bahasa Provinsi NTB (Kamus Terpadu Sasambo)
balang gambu,balang gambu,,Sasak Umum,nama sejenis belalang besar,,,Balai Bahasa Provinsi NTB (Kamus Terpadu Sasambo)
balang kelanjuh,balang kelanjuh,,Sasak Umum,nama belalang,,,Balai Bahasa Provinsi NTB (Kamus Terpadu Sasambo)
balang kesimbar,balang kesimbar,,Sasak Umum,nama belalang,,,Balai Bahasa Provinsi NTB (Kamus Terpadu Sasambo)
balang nyur,balang nyur,,Sasak Umum,nama sejenis belalang,,,Balai Bahasa Provinsi NTB (Kamus Terpadu Sasambo)
balang sia,balang sia,,Sasak Umum,nama belalang,,,Balai Bahasa Provinsi NTB (Kamus Terpadu Sasambo)
balaq,balaq,,Sasak Umum,lihat,,,Balai Bahasa Provinsi NTB (Kamus Terpadu Sasambo)
"balaqa(n,g)",balaqa(n,,Sasak Umum,larangkan,,,Balai Bahasa Provinsi NTB (Kamus Terpadu Sasambo)
balar,balar,,Sasak Umum,bekas akibat dicambuk,,,Balai Bahasa Provinsi NTB (Kamus Terpadu Sasambo)
balas,balas,,Sasak Umum,rugi,,,Balai Bahasa Provinsi NTB (Kamus Terpadu Sasambo)
balas; bales,balas,,Sasak Umum,balas,,,Balai Bahasa Provinsi NTB (Kamus Terpadu Sasambo)
balasan,balasan,,Sasak Umum,balasan,,,Balai Bahasa Provinsi NTB (Kamus Terpadu Sasambo)
bale ampar,bale ampar,,Sasak Umum,tempat persemaian bibit padi,,,Balai Bahasa Provinsi NTB (Kamus Terpadu Sasambo)
bale balaq,bale balaq,,Sasak Umum,rumah yang lantainya tinggi dari papan seperti rumah Bugis,,,Balai Bahasa Provinsi NTB (Kamus Terpadu Sasambo)
bale batu,bale batu,,Sasak Umum,gedung rumah batu,,,Balai Bahasa Provinsi NTB (Kamus Terpadu Sasambo)
bale gegeti,bale gegeti,,Sasak Umum,sarang lebah,,,Balai Bahasa Provinsi NTB (Kamus Terpadu Sasambo)
bale kikis,bale kikis,,Sasak Umum,rumah bedek,,,Balai Bahasa Provinsi NTB (Kamus Terpadu Sasambo)
bale kulat,bale kulat,,Sasak Umum,tempat ditemukan banyak cendawan,,,Balai Bahasa Provinsi NTB (Kamus Terpadu Sasambo)
bale laeq,bale laeq,,Sasak Umum,"rumah zaman dulu, lantainya tinggi dari tanah, dinding tidak kelihatan oleh atap dan tidak berjendela",,,Balai Bahasa Provinsi NTB (Kamus Terpadu Sasambo)
bale langgaq,bale langgaq,,Sasak Umum,rumah,,,Balai Bahasa Provinsi NTB (Kamus Terpadu Sasambo)
bale maling,bale maling,,Sasak Umum,desa tempat banyak ditemukan pencuri,,,Balai Bahasa Provinsi NTB (Kamus Terpadu Sasambo)
bale memengga,bale memengga,,Sasak Umum,sarang laba-laba,,,Balai Bahasa Provinsi NTB (Kamus Terpadu Sasambo)
bale peneq,bale peneq,,Sasak Umum,kantung air seni,,,Balai Bahasa Provinsi NTB (Kamus Terpadu Sasambo)
bale sili,bale sili,,Sasak Umum,tumpuan marah,,,Balai Bahasa Provinsi NTB (Kamus Terpadu Sasambo)
bale tai,bale tai,,Sasak Umum,usus besar,,,Balai Bahasa Provinsi NTB (Kamus Terpadu Sasambo)
bale tedes,bale tedes,,Sasak Umum,lubang semut,,,Balai Bahasa Provinsi NTB (Kamus Terpadu Sasambo)
bale tembako,bale tembako,,Sasak Umum,"sawah tempat menanam tembakau, daerah penghasil tembakau",,,Balai Bahasa Provinsi NTB (Kamus Terpadu Sasambo)
balek gombas,balek gombas,,Sasak Umum,kaleng kosong,,,Balai Bahasa Provinsi NTB (Kamus Terpadu Sasambo)
bales,bales,,Sasak Umum,balas,,,Balai Bahasa Provinsi NTB (Kamus Terpadu Sasambo)
bales naos,bales naos,,Sasak Umum,istilah untuk kata ulang,,,Balai Bahasa Provinsi NTB (Kamus Terpadu Sasambo)
bales naè,bales naè,,Sasak Umum,acara mendatangi rumah pengantin perempuan setelah acara nyongkolan,,,Balai Bahasa Provinsi NTB (Kamus Terpadu Sasambo)
balesan,balesan,,Sasak Umum,balasan,,,Balai Bahasa Provinsi NTB (Kamus Terpadu Sasambo)
balet,balet,,Sasak Umum,"masak tidak sempurna, padat tidak lembut (penganan)",,,Balai Bahasa Provinsi NTB (Kamus Terpadu Sasambo)
bali,bali,,Sasak Umum,orang Bali yang berasal dari desa Adéng di pulau Bali,,,Balai Bahasa Provinsi NTB (Kamus Terpadu Sasambo)
bali; bèli,bali,,Sasak Umum,Bali,,,Balai Bahasa Provinsi NTB (Kamus Terpadu Sasambo)
balik,balik,,Sasak Umum,balik,,,Balai Bahasa Provinsi NTB (Kamus Terpadu Sasambo)
"balit, kembalit",balit,,Sasak Umum,musim kemarau,,,Balai Bahasa Provinsi NTB (Kamus Terpadu Sasambo)
balitan,balitan,,Sasak Umum,lamanya sudah mengalami dua kali musim kemarau atau lebih,,,Balai Bahasa Provinsi NTB (Kamus Terpadu Sasambo)
balok,balok,,Sasak Umum,batang kayu,,,Balai Bahasa Provinsi NTB (Kamus Terpadu Sasambo)
baloq,baloq,,Sasak Umum,orang tua dari nenek; buyut,,,Balai Bahasa Provinsi NTB (Kamus Terpadu Sasambo)
balu,balu,,Sasak Umum,labu,,,Balai Bahasa Provinsi NTB (Kamus Terpadu Sasambo)
"balu, bebalu",balu,,Sasak Umum,janda,,,Balai Bahasa Provinsi NTB (Kamus Terpadu Sasambo)
balung,balung,,Sasak Umum,tenaga,,,Balai Bahasa Provinsi NTB (Kamus Terpadu Sasambo)
"balunga(n,g)",balunga(n,,Sasak Umum,mempunyai tenaga; bertenaga besar,,,Balai Bahasa Provinsi NTB (Kamus Terpadu Sasambo)
baluq,baluq,,Sasak Umum,delapan,,,Balai Bahasa Provinsi NTB (Kamus Terpadu Sasambo)
baluq likur,baluq likur,,Sasak Umum,dua puluh delapan,,,Balai Bahasa Provinsi NTB (Kamus Terpadu Sasambo)
baluq olas,baluq olas,,Sasak Umum,delapan belas,,,Balai Bahasa Provinsi NTB (Kamus Terpadu Sasambo)
baluq pulu,baluq pulu,,Sasak Umum,delapan puluh,,,Balai Bahasa Provinsi NTB (Kamus Terpadu Sasambo)
"baluqa(n,g)",baluqa(n,,Sasak Umum,jadikan delapan,,,Balai Bahasa Provinsi NTB (Kamus Terpadu Sasambo)
balè,balè,,Sasak Umum,rumah,,,Balai Bahasa Provinsi NTB (Kamus Terpadu Sasambo)
balèn,balèn,,Sasak Umum,tempat banyak ditemukan orang ahli dalam ilmu hitam,,,Balai Bahasa Provinsi NTB (Kamus Terpadu Sasambo)
balék; balik,balék,,Sasak Umum,balig; cukup umur,,,Balai Bahasa Provinsi NTB (Kamus Terpadu Sasambo)
bamban,bamban,,Sasak Umum,bagian dalam bambu,,,Balai Bahasa Provinsi NTB (Kamus Terpadu Sasambo)
ban,ban,,Sasak Umum,kayu balok (tidak bulat),,,Balai Bahasa Provinsi NTB (Kamus Terpadu Sasambo)
ban montor,ban montor,,Sasak Umum,ban motor,,,Balai Bahasa Provinsi NTB (Kamus Terpadu Sasambo)
ban sempeda,ban sempeda,,Sasak Umum,ban sepeda,,,Balai Bahasa Provinsi NTB (Kamus Terpadu Sasambo)
ban serep,ban serep,,Sasak Umum,ban cadangan,,,Balai Bahasa Provinsi NTB (Kamus Terpadu Sasambo)
bandel Ind,bandel ind,,Sasak Umum,bandel; tidak mau menurut atau mendengar kata orang,,,Balai Bahasa Provinsi NTB (Kamus Terpadu Sasambo)
bandelan,bandelan,,Sasak Umum,lebih bandel; agak bandel,,,Balai Bahasa Provinsi NTB (Kamus Terpadu Sasambo)
bandeng,bandeng,,Sasak Umum,ikan bandeng,,,Balai Bahasa Provinsi NTB (Kamus Terpadu Sasambo)
bandeng; banding,bandeng,,Sasak Umum,banding,,,Balai Bahasa Provinsi NTB (Kamus Terpadu Sasambo)
"bandenga(n,g)",bandenga(n,,Sasak Umum,bandingkan,,,Balai Bahasa Provinsi NTB (Kamus Terpadu Sasambo)
bandung,bandung,,Sasak Umum,pales (untuk suara),,,Balai Bahasa Provinsi NTB (Kamus Terpadu Sasambo)
bandâ; bândâ,bandâ,,Sasak Umum,muat; tanggung; junjung,,,Balai Bahasa Provinsi NTB (Kamus Terpadu Sasambo)
"bandâan, bebandâan",bandâan,,Sasak Umum,muatan,,,Balai Bahasa Provinsi NTB (Kamus Terpadu Sasambo)
bang,bang,,Sasak Umum,azan,,,Balai Bahasa Provinsi NTB (Kamus Terpadu Sasambo)
bangaq,bangaq,,Sasak Umum,bodoh; dungu,,,Balai Bahasa Provinsi NTB (Kamus Terpadu Sasambo)
bangaqan,bangaqan,,Sasak Umum,lebih dungu; agak dungu,,,Balai Bahasa Provinsi NTB (Kamus Terpadu Sasambo)
banger,banger,,Sasak Umum,rasa yg kurang enak; rasa bercampur air,,,Balai Bahasa Provinsi NTB (Kamus Terpadu Sasambo)
banget,banget,,Sasak Umum,"sejenis penganan yg terbuat dr ketan dan parutan kelapa, ditumbuk sampai halus",,,Balai Bahasa Provinsi NTB (Kamus Terpadu Sasambo)
banggruq,banggruq,,Sasak Umum,nama sejenis penyakit buatan,,,Balai Bahasa Provinsi NTB (Kamus Terpadu Sasambo)
banggâ,banggâ,,Sasak Umum,durhaka; sombong; bangga,,,Balai Bahasa Provinsi NTB (Kamus Terpadu Sasambo)
"banggâa(n,g)",banggâa(n,,Sasak Umum,banggakan,,,Balai Bahasa Provinsi NTB (Kamus Terpadu Sasambo)
banggâan,banggâan,,Sasak Umum,lebih durhaka; agak durhaka,,,Balai Bahasa Provinsi NTB (Kamus Terpadu Sasambo)
bangkal; bangkan,bangkal,,Sasak Umum,mendidih,,,Balai Bahasa Provinsi NTB (Kamus Terpadu Sasambo)
"bangkala(n,g)",bangkala(n,,Sasak Umum,didihkan,,,Balai Bahasa Provinsi NTB (Kamus Terpadu Sasambo)
bangkang,bangkang,,Sasak Umum,lihat,,,Balai Bahasa Provinsi NTB (Kamus Terpadu Sasambo)
bangke acong,bangke acong,,Sasak Umum,bangkai anjing,,,Balai Bahasa Provinsi NTB (Kamus Terpadu Sasambo)
bangke manuk,bangke manuk,,Sasak Umum,bangkai ayam,,,Balai Bahasa Provinsi NTB (Kamus Terpadu Sasambo)
bangkel,bangkel,,Sasak Umum,banting (istilah di dalam olah rasa gumul),,,Balai Bahasa Provinsi NTB (Kamus Terpadu Sasambo)
"bangkela(n,g)",bangkela(n,,Sasak Umum,bantingkan,,,Balai Bahasa Provinsi NTB (Kamus Terpadu Sasambo)
bangkes,bangkes,,Sasak Umum,mual karena masuk angin,,,Balai Bahasa Provinsi NTB (Kamus Terpadu Sasambo)
bangket,bangket,,Sasak Umum,sawah,,,Balai Bahasa Provinsi NTB (Kamus Terpadu Sasambo)
bangket kebon,bangket kebon,,Sasak Umum,sawah yang baru dibuka yang tadinya berupa kebun,,,Balai Bahasa Provinsi NTB (Kamus Terpadu Sasambo)
bangket rau,bangket rau,,Sasak Umum,sawah tegalan,,,Balai Bahasa Provinsi NTB (Kamus Terpadu Sasambo)
bangkok,bangkok,,Sasak Umum,bangko,,,Balai Bahasa Provinsi NTB (Kamus Terpadu Sasambo)
bangkol; bangkon,bangkol,,Sasak Umum,mandul,,,Balai Bahasa Provinsi NTB (Kamus Terpadu Sasambo)
bangkrut,bangkrut,,Sasak Umum,bangkrut,,,Balai Bahasa Provinsi NTB (Kamus Terpadu Sasambo)
bangku sekolah,bangku sekolah,,Sasak Umum,bangku sekolah,,,Balai Bahasa Provinsi NTB (Kamus Terpadu Sasambo)
bangku serut,bangku serut,,Sasak Umum,bangku yang digunakan oleh tukang kayu,,,Balai Bahasa Provinsi NTB (Kamus Terpadu Sasambo)
bangku; bèngku,bangku,,Sasak Umum,bangku,,,Balai Bahasa Provinsi NTB (Kamus Terpadu Sasambo)
bangkuk,bangkuk,,Sasak Umum,kalung terbuat dari tembaga; dipakai sebagai obat anak-anak yang dagu atau dadanya merah karena dialiri air liurnya,,,Balai Bahasa Provinsi NTB (Kamus Terpadu Sasambo)
bangkung,bangkung,,Sasak Umum,kata makian,,,Balai Bahasa Provinsi NTB (Kamus Terpadu Sasambo)
"bangkus-angkus, ngangkus-ngangkus",bangkus-angkus,,Sasak Umum,menyedot-nyedot (membaui) dengan hidung,,,Balai Bahasa Provinsi NTB (Kamus Terpadu Sasambo)
bangkut-angkut,bangkut-angkut,,Sasak Umum,mengangkat barang benda berulang-ulang,,,Balai Bahasa Provinsi NTB (Kamus Terpadu Sasambo)
bangkè,bangkè,,Sasak Umum,bangkai,,,Balai Bahasa Provinsi NTB (Kamus Terpadu Sasambo)
bangkèn,bangkèn,,Sasak Umum,padahal,,,Balai Bahasa Provinsi NTB (Kamus Terpadu Sasambo)
bangsa amaq,bangsa amaq,,Sasak Umum,kaum/rakyat biasa,,,Balai Bahasa Provinsi NTB (Kamus Terpadu Sasambo)
bangsa kaula,bangsa kaula,,Sasak Umum,kaum/rakyat biasa,,,Balai Bahasa Provinsi NTB (Kamus Terpadu Sasambo)
bangsa mamiq,bangsa mamiq,,Sasak Umum,kaum bangsawan,,,Balai Bahasa Provinsi NTB (Kamus Terpadu Sasambo)
bangsa menak,bangsa menak,,Sasak Umum,kaum bangsawan,,,Balai Bahasa Provinsi NTB (Kamus Terpadu Sasambo)
bangsa raden,bangsa raden,,Sasak Umum,kaum bangsawan,,,Balai Bahasa Provinsi NTB (Kamus Terpadu Sasambo)
bangsa Sasak,bangsa sasak,,Sasak Umum,masyarakat Sasak,,,Balai Bahasa Provinsi NTB (Kamus Terpadu Sasambo)
bangsat,bangsat,,Sasak Umum,bangsat (kata cacian),,,Balai Bahasa Provinsi NTB (Kamus Terpadu Sasambo)
bangsok-angsok,bangsok-angsok,,Sasak Umum,"bergerak maju mundur (air di kolam, sungai, dan laut)",,,Balai Bahasa Provinsi NTB (Kamus Terpadu Sasambo)
bangsâ,bangsâ,,Sasak Umum,bangsa; masyarakat; kaum; golongan; rakyat,,,Balai Bahasa Provinsi NTB (Kamus Terpadu Sasambo)
bangun,bangun,,Sasak Umum,bangun; buat,,,Balai Bahasa Provinsi NTB (Kamus Terpadu Sasambo)
bangunan,bangunan,,Sasak Umum,bangunan,,,Balai Bahasa Provinsi NTB (Kamus Terpadu Sasambo)
bani; beni; rani,bani,,Sasak Umum,berani,,,Balai Bahasa Provinsi NTB (Kamus Terpadu Sasambo)
baniq,baniq,,Sasak Umum,berani melawan,,,Balai Bahasa Provinsi NTB (Kamus Terpadu Sasambo)
banjah,banjah,,Sasak Umum,leret; deret; baris,,,Balai Bahasa Provinsi NTB (Kamus Terpadu Sasambo)
"banjaha(n,g)",banjaha(n,,Sasak Umum,deretkan,,,Balai Bahasa Provinsi NTB (Kamus Terpadu Sasambo)
banjar,banjar,,Sasak Umum,urunan utk saling membantu orang lain yg terkena musibah atau mau mengadakan hajatan;,persatuan; perkumpulan,,Balai Bahasa Provinsi NTB (Kamus Terpadu Sasambo)
banjar getas,banjar getas,,Sasak Umum,nama tokoh Sasak yg mendirikan kerajaan Praya,,,Balai Bahasa Provinsi NTB (Kamus Terpadu Sasambo)
banjar mate,banjar mate,,Sasak Umum,urunan untuk membantu orang yang ditinggal mati oleh anggota keluarganya,,,Balai Bahasa Provinsi NTB (Kamus Terpadu Sasambo)
banjar merariq,banjar merariq,,Sasak Umum,kegiatan urunan untuk membantu orang yang mau mengadakan perkawinan,,,Balai Bahasa Provinsi NTB (Kamus Terpadu Sasambo)
banjar; banjah,banjar,,Sasak Umum,leret; deret; baris,,,Balai Bahasa Provinsi NTB (Kamus Terpadu Sasambo)
"banjara(n,g)",banjara(n,,Sasak Umum,deretkan,,,Balai Bahasa Provinsi NTB (Kamus Terpadu Sasambo)
banjaran,banjaran,,Sasak Umum,deretan; leretan,,,Balai Bahasa Provinsi NTB (Kamus Terpadu Sasambo)
banjur,banjur,,Sasak Umum,lalu; kemudian; terus,,,Balai Bahasa Provinsi NTB (Kamus Terpadu Sasambo)
banjuran,banjuran,,Sasak Umum,lalu,,,Balai Bahasa Provinsi NTB (Kamus Terpadu Sasambo)
bansu berek,bansu berek,,Sasak Umum,sangat basi,,,Balai Bahasa Provinsi NTB (Kamus Terpadu Sasambo)
bansu; bensu = bari,bansu,,Sasak Umum,basi,,,Balai Bahasa Provinsi NTB (Kamus Terpadu Sasambo)
bansuan,bansuan,,Sasak Umum,lebih basi; agak basi,,,Balai Bahasa Provinsi NTB (Kamus Terpadu Sasambo)
bantal = tékel; tiken,bantal = tékel,,Sasak Umum,ketupat ketan (nama jajan),,,Balai Bahasa Provinsi NTB (Kamus Terpadu Sasambo)
bantar,bantar,,Sasak Umum,deret,,,Balai Bahasa Provinsi NTB (Kamus Terpadu Sasambo)
bantar lekoq,bantar lekoq,,Sasak Umum,deretan sirih,,,Balai Bahasa Provinsi NTB (Kamus Terpadu Sasambo)
bantar tembako,bantar tembako,,Sasak Umum,deretan tembakau,,,Balai Bahasa Provinsi NTB (Kamus Terpadu Sasambo)
"bantara(n,g)",bantara(n,,Sasak Umum,deretkan; leretkan,,,Balai Bahasa Provinsi NTB (Kamus Terpadu Sasambo)
bantat = énak; adéng; ading,bantat = énak,,Sasak Umum,lamban,,,Balai Bahasa Provinsi NTB (Kamus Terpadu Sasambo)
bantek,bantek,,Sasak Umum,nama sejenis pohon beringin; F Benyamina L,,,Balai Bahasa Provinsi NTB (Kamus Terpadu Sasambo)
bantel; banten,bantel,,Sasak Umum,bela,,,Balai Bahasa Provinsi NTB (Kamus Terpadu Sasambo)
banten,banten,,Sasak Umum,nama sejenis pohon,,,Balai Bahasa Provinsi NTB (Kamus Terpadu Sasambo)
banteng,banteng,,Sasak Umum,sakit di bagian dalam,,,Balai Bahasa Provinsi NTB (Kamus Terpadu Sasambo)
banting,banting,,Sasak Umum,jatuh(kan),,,Balai Bahasa Provinsi NTB (Kamus Terpadu Sasambo)
"bantinga(n,g)",bantinga(n,,Sasak Umum,jatuhkan,,,Balai Bahasa Provinsi NTB (Kamus Terpadu Sasambo)
bantong,bantong,,Sasak Umum,banci,,,Balai Bahasa Provinsi NTB (Kamus Terpadu Sasambo)
bantot,bantot,,Sasak Umum,"memotong pucuk tembakau, kates",,,Balai Bahasa Provinsi NTB (Kamus Terpadu Sasambo)
bantu; bèntu = tulung,bantu,,Sasak Umum,bantu; tolong,,,Balai Bahasa Provinsi NTB (Kamus Terpadu Sasambo)
bantuan,bantuan,,Sasak Umum,bantuan,,,Balai Bahasa Provinsi NTB (Kamus Terpadu Sasambo)
bantun,bantun,,Sasak Umum,nama sejenis belalang,,,Balai Bahasa Provinsi NTB (Kamus Terpadu Sasambo)
"bantè, bebantè",bantè,,Sasak Umum,tidak saling menegur; saling mendiamkan,,,Balai Bahasa Provinsi NTB (Kamus Terpadu Sasambo)
banténg; banting,banténg,,Sasak Umum,banteng; sapi jantan,,,Balai Bahasa Provinsi NTB (Kamus Terpadu Sasambo)
banyaq = loèq; luèq,banyaq = loèq,,Sasak Umum,banyak,,,Balai Bahasa Provinsi NTB (Kamus Terpadu Sasambo)
banyaqan,banyaqan,,Sasak Umum,lebih banyak; agak banyak,,,Balai Bahasa Provinsi NTB (Kamus Terpadu Sasambo)
banyol,banyol,,Sasak Umum,lucu; pelawak,,,Balai Bahasa Provinsi NTB (Kamus Terpadu Sasambo)
bao,bao,,Sasak Umum,naung; tidak panas; sejuk,,,Balai Bahasa Provinsi NTB (Kamus Terpadu Sasambo)
"bao, bawo",bao,,Sasak Umum,di atas; bagian atas,,,Balai Bahasa Provinsi NTB (Kamus Terpadu Sasambo)
baoan,baoan,,Sasak Umum,lebih sejuk; agak sejuk,,,Balai Bahasa Provinsi NTB (Kamus Terpadu Sasambo)
baok,baok,,Sasak Umum,berewok,,,Balai Bahasa Provinsi NTB (Kamus Terpadu Sasambo)
baok rengkem,baok rengkem,,Sasak Umum,orang berewok lebat sampai ke pipi,,,Balai Bahasa Provinsi NTB (Kamus Terpadu Sasambo)
baok rerek,baok rerek,,Sasak Umum,berewok lebat sampai ke pipi,,,Balai Bahasa Provinsi NTB (Kamus Terpadu Sasambo)
baokan,baokan,,Sasak Umum,berewokan,,,Balai Bahasa Provinsi NTB (Kamus Terpadu Sasambo)
baoq,baoq,,Sasak Umum,ambil (jemuran) dan bawa ke tempat yg teduh,,,Balai Bahasa Provinsi NTB (Kamus Terpadu Sasambo)
"baoqa(n,g)",baoqa(n,,Sasak Umum,ambilkan (jemuran),,,Balai Bahasa Provinsi NTB (Kamus Terpadu Sasambo)
baos,baos,,Sasak Umum,membiru bekas pukulan,,,Balai Bahasa Provinsi NTB (Kamus Terpadu Sasambo)
baos (hls) = basâ (hls); uni (ksr),baos  = basâ,,Sasak Umum,kata,,,Balai Bahasa Provinsi NTB (Kamus Terpadu Sasambo)
"baosa(n,g)",baosa(n,,Sasak Umum,katakan,,,Balai Bahasa Provinsi NTB (Kamus Terpadu Sasambo)
bapaq,bapaq,,Sasak Umum,ayah untuk golongan bangsawan (yaitu golongan bapak),,,Balai Bahasa Provinsi NTB (Kamus Terpadu Sasambo)
bapâ; bâpâ,bapâ,,Sasak Umum,ayah; bapak (gelar/panggilan utk golongan yg tidak bangsawan),,,Balai Bahasa Provinsi NTB (Kamus Terpadu Sasambo)
baq,baq,,Sasak Umum,bengkak,,,Balai Bahasa Provinsi NTB (Kamus Terpadu Sasambo)
baqdin = badaq; baraq,baqdin = badaq,,Sasak Umum,beri tahu,,,Balai Bahasa Provinsi NTB (Kamus Terpadu Sasambo)
bara bawi,bara bawi,,Sasak Umum,kandang babi,,,Balai Bahasa Provinsi NTB (Kamus Terpadu Sasambo)
bara bebek,bara bebek,,Sasak Umum,kandang itik,,,Balai Bahasa Provinsi NTB (Kamus Terpadu Sasambo)
bara bembeq,bara bembeq,,Sasak Umum,kandang kambing,,,Balai Bahasa Provinsi NTB (Kamus Terpadu Sasambo)
bara jaran,bara jaran,,Sasak Umum,kandang kuda,,,Balai Bahasa Provinsi NTB (Kamus Terpadu Sasambo)
bara kebo,bara kebo,,Sasak Umum,kandang kerbau,,,Balai Bahasa Provinsi NTB (Kamus Terpadu Sasambo)
bara manuk,bara manuk,,Sasak Umum,kandang ayam,,,Balai Bahasa Provinsi NTB (Kamus Terpadu Sasambo)
bara sampi,bara sampi,,Sasak Umum,kandang sapi,,,Balai Bahasa Provinsi NTB (Kamus Terpadu Sasambo)
barak,barak,,Sasak Umum,bara api,,,Balai Bahasa Provinsi NTB (Kamus Terpadu Sasambo)
barang,barang,,Sasak Umum,barang,,,Balai Bahasa Provinsi NTB (Kamus Terpadu Sasambo)
baraq,baraq,,Sasak Umum,bengkak,,,Balai Bahasa Provinsi NTB (Kamus Terpadu Sasambo)
baraq bingur,baraq bingur,,Sasak Umum,habis bengkak-bengkak,,,Balai Bahasa Provinsi NTB (Kamus Terpadu Sasambo)
baraq geboh,baraq geboh,,Sasak Umum,"gemuk, gembrot",,,Balai Bahasa Provinsi NTB (Kamus Terpadu Sasambo)
"baraqa(n,g)",baraqa(n,,Sasak Umum,beritahukan; laporkan,,,Balai Bahasa Provinsi NTB (Kamus Terpadu Sasambo)
barat,barat,,Sasak Umum,keras,,,Balai Bahasa Provinsi NTB (Kamus Terpadu Sasambo)
bareng,bareng,,Sasak Umum,bersama; bareng,,,Balai Bahasa Provinsi NTB (Kamus Terpadu Sasambo)
bareng-bareng,bareng-bareng,,Sasak Umum,bersama-sama,,,Balai Bahasa Provinsi NTB (Kamus Terpadu Sasambo)
baret = dayâ; dâyâ,baret = dayâ,,Sasak Umum,utara,,,Balai Bahasa Provinsi NTB (Kamus Terpadu Sasambo)
baretan,baretan,,Sasak Umum,lebih utara,,,Balai Bahasa Provinsi NTB (Kamus Terpadu Sasambo)
bari = bansu; bènsu,bari = bansu,,Sasak Umum,basi,,,Balai Bahasa Provinsi NTB (Kamus Terpadu Sasambo)
baris,baris,,Sasak Umum,baris,,,Balai Bahasa Provinsi NTB (Kamus Terpadu Sasambo)
baris atas,baris atas,,Sasak Umum,fathah,,,Balai Bahasa Provinsi NTB (Kamus Terpadu Sasambo)
baris bawaq,baris bawaq,,Sasak Umum,kasrah,,,Balai Bahasa Provinsi NTB (Kamus Terpadu Sasambo)
baris dapan,baris dapan,,Sasak Umum,domah,,,Balai Bahasa Provinsi NTB (Kamus Terpadu Sasambo)
baris mate,baris mate,,Sasak Umum,baris sukun,,,Balai Bahasa Provinsi NTB (Kamus Terpadu Sasambo)
"barisa(n,g)",barisa(n,,Sasak Umum,bariskan,,,Balai Bahasa Provinsi NTB (Kamus Terpadu Sasambo)
"baro, bebaro",baro,,Sasak Umum,"berurai, rambut panjang berurai/terurai",,,Balai Bahasa Provinsi NTB (Kamus Terpadu Sasambo)
baru geres,baru geres,,Sasak Umum,sangat baru,,,Balai Bahasa Provinsi NTB (Kamus Terpadu Sasambo)
baru; bèru,baru,,Sasak Umum,baru,,,Balai Bahasa Provinsi NTB (Kamus Terpadu Sasambo)
"barua(n,g)",barua(n,,Sasak Umum,jadikan baru,,,Balai Bahasa Provinsi NTB (Kamus Terpadu Sasambo)
baruan,baruan,,Sasak Umum,lebih baru,,,Balai Bahasa Provinsi NTB (Kamus Terpadu Sasambo)
barung,barung,,Sasak Umum,kelompok penabuh,,,Balai Bahasa Provinsi NTB (Kamus Terpadu Sasambo)
barungan,barungan,,Sasak Umum,sekelompok penabuh,,,Balai Bahasa Provinsi NTB (Kamus Terpadu Sasambo)
baruq gati,baruq gati,,Sasak Umum,baru saja; barusan,,,Balai Bahasa Provinsi NTB (Kamus Terpadu Sasambo)
baruq sugul,baruq sugul,,Sasak Umum,baru keluar; baru lahir,,,Balai Bahasa Provinsi NTB (Kamus Terpadu Sasambo)
baruq tama,baruq tama,,Sasak Umum,baru masuk,,,Balai Bahasa Provinsi NTB (Kamus Terpadu Sasambo)
baruq; beruq,baruq,,Sasak Umum,tadi; baru saja,,,Balai Bahasa Provinsi NTB (Kamus Terpadu Sasambo)
barus,barus,,Sasak Umum,kapur barus,,,Balai Bahasa Provinsi NTB (Kamus Terpadu Sasambo)
"barâ, barâ-barâ",barâ,,Sasak Umum,tiba-tiba,,,Balai Bahasa Provinsi NTB (Kamus Terpadu Sasambo)
barâ; bârâ,barâ,,Sasak Umum,kandang,,,Balai Bahasa Provinsi NTB (Kamus Terpadu Sasambo)
"barâa(n,g)",barâa(n,,Sasak Umum,kandangkan,,,Balai Bahasa Provinsi NTB (Kamus Terpadu Sasambo)
baréh-baréh,baréh-baréh,,Sasak Umum,nanti-nanti,,,Balai Bahasa Provinsi NTB (Kamus Terpadu Sasambo)
baréh; barés,baréh,,Sasak Umum,nanti (waktunya tidak terlalu lama sejak diucapkan),,,Balai Bahasa Provinsi NTB (Kamus Terpadu Sasambo)
baréhan,baréhan,,Sasak Umum,lagi sebentar,,,Balai Bahasa Provinsi NTB (Kamus Terpadu Sasambo)
basa alus,basa alus,,Sasak Umum,bahasa halus,,,Balai Bahasa Provinsi NTB (Kamus Terpadu Sasambo)
basa amaq,basa amaq,,Sasak Umum,bahasa biasa,,,Balai Bahasa Provinsi NTB (Kamus Terpadu Sasambo)
basa kasar,basa kasar,,Sasak Umum,bahasa kasar,,,Balai Bahasa Provinsi NTB (Kamus Terpadu Sasambo)
basa kopang,basa kopang,,Sasak Umum,bahasa Sasak yang digunakan di Kopang,,,Balai Bahasa Provinsi NTB (Kamus Terpadu Sasambo)
basa mamiq,basa mamiq,,Sasak Umum,bahasa halus,,,Balai Bahasa Provinsi NTB (Kamus Terpadu Sasambo)
basa masbagiq,basa masbagiq,,Sasak Umum,bahasa Sasak yang digunakan di Masbagik,,,Balai Bahasa Provinsi NTB (Kamus Terpadu Sasambo)
basa praya,basa praya,,Sasak Umum,bahasa Sasak yang digunakan di Praya,,,Balai Bahasa Provinsi NTB (Kamus Terpadu Sasambo)
basa pujut,basa pujut,,Sasak Umum,bahasa Sasak yang digunakan di Pujut,,,Balai Bahasa Provinsi NTB (Kamus Terpadu Sasambo)
basa Suralaga,basa suralaga,,Sasak Umum,bahasa Sasak yang digunakan di Suralaga,,,Balai Bahasa Provinsi NTB (Kamus Terpadu Sasambo)
basaq,basaq,,Sasak Umum,basah,,,Balai Bahasa Provinsi NTB (Kamus Terpadu Sasambo)
basaq opek,basaq opek,,Sasak Umum,basah kuyup,,,Balai Bahasa Provinsi NTB (Kamus Terpadu Sasambo)
"basaqa(n,g)",basaqa(n,,Sasak Umum,basahkan,,,Balai Bahasa Provinsi NTB (Kamus Terpadu Sasambo)
basaqan,basaqan,,Sasak Umum,lebih basah,,,Balai Bahasa Provinsi NTB (Kamus Terpadu Sasambo)
basaqin,basaqin,,Sasak Umum,basahi,,,Balai Bahasa Provinsi NTB (Kamus Terpadu Sasambo)
basong,basong,,Sasak Umum,anjing,,,Balai Bahasa Provinsi NTB (Kamus Terpadu Sasambo)
basong = acong,basong = acong,,Sasak Umum,anjing,,,Balai Bahasa Provinsi NTB (Kamus Terpadu Sasambo)
basâ,basâ,,Sasak Umum,bahasa; dialek,,,Balai Bahasa Provinsi NTB (Kamus Terpadu Sasambo)
batah,batah,,Sasak Umum,penyakit hama,,,Balai Bahasa Provinsi NTB (Kamus Terpadu Sasambo)
batal,batal,,Sasak Umum,batal,,,Balai Bahasa Provinsi NTB (Kamus Terpadu Sasambo)
"batala(n,g)",batala(n,,Sasak Umum,batalkan,,,Balai Bahasa Provinsi NTB (Kamus Terpadu Sasambo)
batang,batang,,Sasak Umum,jasad; mayat; jenazah; tubuh,,,Balai Bahasa Provinsi NTB (Kamus Terpadu Sasambo)
batang = lolo,batang = lolo,,Sasak Umum,pohon,,,Balai Bahasa Provinsi NTB (Kamus Terpadu Sasambo)
batang galeng,batang galeng,,Sasak Umum,sarung bantal,,,Balai Bahasa Provinsi NTB (Kamus Terpadu Sasambo)
batang puntiq,batang puntiq,,Sasak Umum,pohon pisang,,,Balai Bahasa Provinsi NTB (Kamus Terpadu Sasambo)
batar,batar,,Sasak Umum,dasar bangunan rumah; lantai,,,Balai Bahasa Provinsi NTB (Kamus Terpadu Sasambo)
bataran,bataran,,Sasak Umum,dasar bangunan rumah,,,Balai Bahasa Provinsi NTB (Kamus Terpadu Sasambo)
batbat,batbat,,Sasak Umum,babat,,,Balai Bahasa Provinsi NTB (Kamus Terpadu Sasambo)
"batbata(n,g)",batbata(n,,Sasak Umum,babatkan,,,Balai Bahasa Provinsi NTB (Kamus Terpadu Sasambo)
batek awis,batek awis,,Sasak Umum,kampak sabit; arit,,,Balai Bahasa Provinsi NTB (Kamus Terpadu Sasambo)
bateq,bateq,,Sasak Umum,kampak,,,Balai Bahasa Provinsi NTB (Kamus Terpadu Sasambo)
bateq gaet,bateq gaet,,Sasak Umum,kampak yang ujungnya melengkung,,,Balai Bahasa Provinsi NTB (Kamus Terpadu Sasambo)
bates,bates,,Sasak Umum,batas,,,Balai Bahasa Provinsi NTB (Kamus Terpadu Sasambo)
batesin,batesin,,Sasak Umum,batasi,,,Balai Bahasa Provinsi NTB (Kamus Terpadu Sasambo)
bati beleq,bati beleq,,Sasak Umum,untung besar,,,Balai Bahasa Provinsi NTB (Kamus Terpadu Sasambo)
bati; bèti,bati,,Sasak Umum,untung; laba,,,Balai Bahasa Provinsi NTB (Kamus Terpadu Sasambo)
batiin,batiin,,Sasak Umum,berikan laba,,,Balai Bahasa Provinsi NTB (Kamus Terpadu Sasambo)
batu ampa,batu ampa,,Sasak Umum,batu cadas,,,Balai Bahasa Provinsi NTB (Kamus Terpadu Sasambo)
batu bata,batu bata,,Sasak Umum,batu merah,,,Balai Bahasa Provinsi NTB (Kamus Terpadu Sasambo)
batu beleq,batu beleq,,Sasak Umum,nama desa,,,Balai Bahasa Provinsi NTB (Kamus Terpadu Sasambo)
batu item,batu item,,Sasak Umum,batu kali,,,Balai Bahasa Provinsi NTB (Kamus Terpadu Sasambo)
batu jai,batu jai,,Sasak Umum,nama desa,,,Balai Bahasa Provinsi NTB (Kamus Terpadu Sasambo)
batu tulis,batu tulis,,Sasak Umum,papan batu tulis,,,Balai Bahasa Provinsi NTB (Kamus Terpadu Sasambo)
batu; bètu,batu,,Sasak Umum,batu,,,Balai Bahasa Provinsi NTB (Kamus Terpadu Sasambo)
batuk,batuk,,Sasak Umum,batuk,,,Balai Bahasa Provinsi NTB (Kamus Terpadu Sasambo)
batuk goro,batuk goro,,Sasak Umum,batuk kering,,,Balai Bahasa Provinsi NTB (Kamus Terpadu Sasambo)
batuk selema,batuk selema,,Sasak Umum,batuk pilek,,,Balai Bahasa Provinsi NTB (Kamus Terpadu Sasambo)
batuk-batukan,batuk-batukan,,Sasak Umum,agak sering batuk,,,Balai Bahasa Provinsi NTB (Kamus Terpadu Sasambo)
batur,batur,,Sasak Umum,sahabat; kawan; teman,,,Balai Bahasa Provinsi NTB (Kamus Terpadu Sasambo)
baturin,baturin,,Sasak Umum,temani; jadikan teman,,,Balai Bahasa Provinsi NTB (Kamus Terpadu Sasambo)
batèq,batèq,,Sasak Umum,kampak,,,Balai Bahasa Provinsi NTB (Kamus Terpadu Sasambo)
bau; bèu,bau,,Sasak Umum,petik,,,Balai Bahasa Provinsi NTB (Kamus Terpadu Sasambo)
baungang,baungang,,Sasak Umum,petikkan,,,Balai Bahasa Provinsi NTB (Kamus Terpadu Sasambo)
baur,baur,,Sasak Umum,campur,,,Balai Bahasa Provinsi NTB (Kamus Terpadu Sasambo)
baur baur,baur baur,,Sasak Umum,campur baur,,,Balai Bahasa Provinsi NTB (Kamus Terpadu Sasambo)
bawang,bawang,,Sasak Umum,bawang merah,,,Balai Bahasa Provinsi NTB (Kamus Terpadu Sasambo)
bawang suna,bawang suna,,Sasak Umum,bawang putih,,,Balai Bahasa Provinsi NTB (Kamus Terpadu Sasambo)
bawangin,bawangin,,Sasak Umum,campur dengan bawang merah,,,Balai Bahasa Provinsi NTB (Kamus Terpadu Sasambo)
bawaq,bawaq,,Sasak Umum,bawah; rendah,,,Balai Bahasa Provinsi NTB (Kamus Terpadu Sasambo)
bawaq atas,bawaq atas,,Sasak Umum,atas abawah,,,Balai Bahasa Provinsi NTB (Kamus Terpadu Sasambo)
bawaq baton,bawaq baton,,Sasak Umum,bawah tempat tidur,,,Balai Bahasa Provinsi NTB (Kamus Terpadu Sasambo)
bawaq galeng,bawaq galeng,,Sasak Umum,bawah bantal,,,Balai Bahasa Provinsi NTB (Kamus Terpadu Sasambo)
bawaqan,bawaqan,,Sasak Umum,lebih rendah; agak rendah,,,Balai Bahasa Provinsi NTB (Kamus Terpadu Sasambo)
bawi,bawi,,Sasak Umum,babi,,,Balai Bahasa Provinsi NTB (Kamus Terpadu Sasambo)
bawi anyaman,bawi anyaman,,Sasak Umum,babi peliharaan,,,Balai Bahasa Provinsi NTB (Kamus Terpadu Sasambo)
bawi gamang,bawi gamang,,Sasak Umum,babi liar,,,Balai Bahasa Provinsi NTB (Kamus Terpadu Sasambo)
bawi gawah,bawi gawah,,Sasak Umum,babi hutan,,,Balai Bahasa Provinsi NTB (Kamus Terpadu Sasambo)
bawi; bèwi,bawi,,Sasak Umum,babi,,,Balai Bahasa Provinsi NTB (Kamus Terpadu Sasambo)
bayah sesangi,bayah sesangi,,Sasak Umum,membayar nazar (kaul),,,Balai Bahasa Provinsi NTB (Kamus Terpadu Sasambo)
bayah; bayar; bajah,bayah,,Sasak Umum,pembayaran,,,Balai Bahasa Provinsi NTB (Kamus Terpadu Sasambo)
"bayaha(n,g)",bayaha(n,,Sasak Umum,bayarkan,,,Balai Bahasa Provinsi NTB (Kamus Terpadu Sasambo)
bayam jawa,bayam jawa,,Sasak Umum,bayam untuk sayur,,,Balai Bahasa Provinsi NTB (Kamus Terpadu Sasambo)
bayem = lembain,bayem = lembain,,Sasak Umum,bayam,,,Balai Bahasa Provinsi NTB (Kamus Terpadu Sasambo)
bayem duri,bayem duri,,Sasak Umum,bayam berduri bukan untuk sayur,,,Balai Bahasa Provinsi NTB (Kamus Terpadu Sasambo)
bayu = balung,bayu = balung,,Sasak Umum,tenaga,,,Balai Bahasa Provinsi NTB (Kamus Terpadu Sasambo)
baè,baè,,Sasak Umum,saja,,,Balai Bahasa Provinsi NTB (Kamus Terpadu Sasambo)
baéh; baréh; barés,baéh,,Sasak Umum,nanti,,,Balai Bahasa Provinsi NTB (Kamus Terpadu Sasambo)
be,be,,Sasak Umum,awalan yang sama dengan awalan ber- dalam bahasa Indonesia,,,Balai Bahasa Provinsi NTB (Kamus Terpadu Sasambo)
"be(r)adam-adama(n,g)",beadam-adama(n,,Sasak Umum,(ber-main) badut-badutan,,,Balai Bahasa Provinsi NTB (Kamus Terpadu Sasambo)
be(r)ajong,beajong,,Sasak Umum,berjalan dengan melambaikan lengan,,,Balai Bahasa Provinsi NTB (Kamus Terpadu Sasambo)
"be(r,l)ajah-(r,l)ajah",be(r,,Sasak Umum,belajarbelajar,,,Balai Bahasa Provinsi NTB (Kamus Terpadu Sasambo)
"be(r,l)ajar",be(r,,Sasak Umum,belajar,,,Balai Bahasa Provinsi NTB (Kamus Terpadu Sasambo)
beahli-ahlian,beahli-ahlian,,Sasak Umum,berahli-ahlian; pandai-pandaian,,,Balai Bahasa Provinsi NTB (Kamus Terpadu Sasambo)
beaksarâ,beaksarâ,,Sasak Umum,beraksara,,,Balai Bahasa Provinsi NTB (Kamus Terpadu Sasambo)
"beaksi-aksia(n,g)",beaksi-aksia(n,,Sasak Umum,bergaya-gayaan,,,Balai Bahasa Provinsi NTB (Kamus Terpadu Sasambo)
bealong-alongan,bealong-alongan,,Sasak Umum,habis-habisan,,,Balai Bahasa Provinsi NTB (Kamus Terpadu Sasambo)
bealu-alu,bealu-alu,,Sasak Umum,susul menyusul,,,Balai Bahasa Provinsi NTB (Kamus Terpadu Sasambo)
bealuh-aluhan,bealuh-aluhan,,Sasak Umum,pelan-pelanan (secara pelan-pelan),,,Balai Bahasa Provinsi NTB (Kamus Terpadu Sasambo)
"beamal-amala(n,g)",beamal-amala(n,,Sasak Umum,melaku-kan bacaan wirid,,,Balai Bahasa Provinsi NTB (Kamus Terpadu Sasambo)
"beambur-ambura(n,g)",beambur-ambura(n,,Sasak Umum,me-luap-luap (nyala api),,,Balai Bahasa Provinsi NTB (Kamus Terpadu Sasambo)
beampun-ampun,beampun-ampun,,Sasak Umum,mengucapkan ampun berulang-ulang,,,Balai Bahasa Provinsi NTB (Kamus Terpadu Sasambo)
beampét-ampét,beampét-ampét,,Sasak Umum,mengipas-ngipas badan dng suatu benda karena terasa kepanasan,,,Balai Bahasa Provinsi NTB (Kamus Terpadu Sasambo)
beanggar-anggar,beanggar-anggar,,Sasak Umum,berencana,,,Balai Bahasa Provinsi NTB (Kamus Terpadu Sasambo)
beaq odaq,beaq odaq,,Sasak Umum,merah muda,,,Balai Bahasa Provinsi NTB (Kamus Terpadu Sasambo)
beaq toaq,beaq toaq,,Sasak Umum,merah tua,,,Balai Bahasa Provinsi NTB (Kamus Terpadu Sasambo)
bearong-arong,bearong-arong,,Sasak Umum,berlomba,,,Balai Bahasa Provinsi NTB (Kamus Terpadu Sasambo)
bebabak,bebabak,,Sasak Umum,kulit pohon,,,Balai Bahasa Provinsi NTB (Kamus Terpadu Sasambo)
bebadaq,bebadaq,,Sasak Umum,memberitahukan,,,Balai Bahasa Provinsi NTB (Kamus Terpadu Sasambo)
bebadas,bebadas,,Sasak Umum,ikan air tawar yang kecil-kecil,,,Balai Bahasa Provinsi NTB (Kamus Terpadu Sasambo)
bebadoq,bebadoq,,Sasak Umum,memakai kain yang dililitkan di pinggang,,,Balai Bahasa Provinsi NTB (Kamus Terpadu Sasambo)
bebaduk,bebaduk,,Sasak Umum,isi perut; usus,,,Balai Bahasa Provinsi NTB (Kamus Terpadu Sasambo)
bebadéqan,bebadéqan,,Sasak Umum,saling duga; saling sangka,,,Balai Bahasa Provinsi NTB (Kamus Terpadu Sasambo)
bebagi,bebagi,,Sasak Umum,berbagi,,,Balai Bahasa Provinsi NTB (Kamus Terpadu Sasambo)
"bebagia(n,g)",bebagia(n,,Sasak Umum,mempunyai bagian,,,Balai Bahasa Provinsi NTB (Kamus Terpadu Sasambo)
bebai,bebai,,Sasak Umum,tuyul,,,Balai Bahasa Provinsi NTB (Kamus Terpadu Sasambo)
bebai batu,bebai batu,,Sasak Umum,batu kecil,,,Balai Bahasa Provinsi NTB (Kamus Terpadu Sasambo)
bebai; bebèi,bebai,,Sasak Umum,tuyul,,,Balai Bahasa Provinsi NTB (Kamus Terpadu Sasambo)
bebajangan,bebajangan,,Sasak Umum,para muda,,,Balai Bahasa Provinsi NTB (Kamus Terpadu Sasambo)
bebakatin,bebakatin,,Sasak Umum,saling melukai; terluka,,,Balai Bahasa Provinsi NTB (Kamus Terpadu Sasambo)
bebakti,bebakti,,Sasak Umum,berbakti,,,Balai Bahasa Provinsi NTB (Kamus Terpadu Sasambo)
bebalaq,bebalaq,,Sasak Umum,melarang,,,Balai Bahasa Provinsi NTB (Kamus Terpadu Sasambo)
bebalas,bebalas,,Sasak Umum,berbalas; membalas,,,Balai Bahasa Provinsi NTB (Kamus Terpadu Sasambo)
"bebalika(n,g)",bebalika(n,,Sasak Umum,rujuk,,,Balai Bahasa Provinsi NTB (Kamus Terpadu Sasambo)
bebaloq,bebaloq,,Sasak Umum,buaya,,,Balai Bahasa Provinsi NTB (Kamus Terpadu Sasambo)
bebalu,bebalu,,Sasak Umum,janda,,,Balai Bahasa Provinsi NTB (Kamus Terpadu Sasambo)
bebalu anakan saiq,bebalu anakan saiq,,Sasak Umum,janda beranak baru seorang,,,Balai Bahasa Provinsi NTB (Kamus Terpadu Sasambo)
bebalu odaq,bebalu odaq,,Sasak Umum,janda muda,,,Balai Bahasa Provinsi NTB (Kamus Terpadu Sasambo)
bebalu sarak mate,bebalu sarak mate,,Sasak Umum,janda karena ditinggal mati,,,Balai Bahasa Provinsi NTB (Kamus Terpadu Sasambo)
bebalu toaq,bebalu toaq,,Sasak Umum,janda tua,,,Balai Bahasa Provinsi NTB (Kamus Terpadu Sasambo)
bebalung,bebalung,,Sasak Umum,pekerja di dalam pesta,,,Balai Bahasa Provinsi NTB (Kamus Terpadu Sasambo)
bebandeng,bebandeng,,Sasak Umum,berbanding,,,Balai Bahasa Provinsi NTB (Kamus Terpadu Sasambo)
"bebandunga(n,g)",bebandunga(n,,Sasak Umum,"bertarung dalam hal bunyi (biasa gamelan, rudat, rebana)",,,Balai Bahasa Provinsi NTB (Kamus Terpadu Sasambo)
bebangkè,bebangkè,,Sasak Umum,bangkai,,,Balai Bahasa Provinsi NTB (Kamus Terpadu Sasambo)
bebangsâ,bebangsâ,,Sasak Umum,kaum bangsawan,,,Balai Bahasa Provinsi NTB (Kamus Terpadu Sasambo)
bebanjah,bebanjah,,Sasak Umum,berderet,,,Balai Bahasa Provinsi NTB (Kamus Terpadu Sasambo)
bebanjar,bebanjar,,Sasak Umum,berderet,,,Balai Bahasa Provinsi NTB (Kamus Terpadu Sasambo)
bebantelan,bebantelan,,Sasak Umum,saling bela,,,Balai Bahasa Provinsi NTB (Kamus Terpadu Sasambo)
bebantâ,bebantâ,,Sasak Umum,enak makan karena baru sembuh dari sakit,,,Balai Bahasa Provinsi NTB (Kamus Terpadu Sasambo)
bebao,bebao,,Sasak Umum,bernaung (menghindari panas atau hujan),,,Balai Bahasa Provinsi NTB (Kamus Terpadu Sasambo)
bebaos,bebaos,,Sasak Umum,berkata,,,Balai Bahasa Provinsi NTB (Kamus Terpadu Sasambo)
bebaraq,bebaraq,,Sasak Umum,memberi tahu,,,Balai Bahasa Provinsi NTB (Kamus Terpadu Sasambo)
bebarengan,bebarengan,,Sasak Umum,bersamaan,,,Balai Bahasa Provinsi NTB (Kamus Terpadu Sasambo)
bebaris,bebaris,,Sasak Umum,berbaris,,,Balai Bahasa Provinsi NTB (Kamus Terpadu Sasambo)
"bebaroa(n,g)",bebaroa(n,,Sasak Umum,berurai,,,Balai Bahasa Provinsi NTB (Kamus Terpadu Sasambo)
bebasaq,bebasaq,,Sasak Umum,kain khusus dipakai mandi,,,Balai Bahasa Provinsi NTB (Kamus Terpadu Sasambo)
bebasâ,bebasâ,,Sasak Umum,berkata,,,Balai Bahasa Provinsi NTB (Kamus Terpadu Sasambo)
bebatang,bebatang,,Sasak Umum,pohon(umum/tak tertentu); balok besar,,,Balai Bahasa Provinsi NTB (Kamus Terpadu Sasambo)
bebati,bebati,,Sasak Umum,memperoleh untung; memperoleh laba,,,Balai Bahasa Provinsi NTB (Kamus Terpadu Sasambo)
bebatu,bebatu,,Sasak Umum,batu pancing,,,Balai Bahasa Provinsi NTB (Kamus Terpadu Sasambo)
bebatukan,bebatukan,,Sasak Umum,agak sering batuk,,,Balai Bahasa Provinsi NTB (Kamus Terpadu Sasambo)
bebayah,bebayah,,Sasak Umum,membayar,,,Balai Bahasa Provinsi NTB (Kamus Terpadu Sasambo)
bebebet,bebebet,,Sasak Umum,berikat pinggang,,,Balai Bahasa Provinsi NTB (Kamus Terpadu Sasambo)
bebedil,bebedil,,Sasak Umum,menembak,,,Balai Bahasa Provinsi NTB (Kamus Terpadu Sasambo)
bebedus,bebedus,,Sasak Umum,kambing,,,Balai Bahasa Provinsi NTB (Kamus Terpadu Sasambo)
bebek bengkiwa,bebek bengkiwa,,Sasak Umum,bengkiwa,,,Balai Bahasa Provinsi NTB (Kamus Terpadu Sasambo)
bebek jamaq,bebek jamaq,,Sasak Umum,itik biasa,,,Balai Bahasa Provinsi NTB (Kamus Terpadu Sasambo)
bebek tau laeq,bebek tau laeq,,Sasak Umum,itik liar di danau,,,Balai Bahasa Provinsi NTB (Kamus Terpadu Sasambo)
bebel; beben,bebel,,Sasak Umum,bodoh,,,Balai Bahasa Provinsi NTB (Kamus Terpadu Sasambo)
bebelan,bebelan,,Sasak Umum,lebih bodoh; agak bodoh,,,Balai Bahasa Provinsi NTB (Kamus Terpadu Sasambo)
bebelanjâ,bebelanjâ,,Sasak Umum,berbelanja,,,Balai Bahasa Provinsi NTB (Kamus Terpadu Sasambo)
bebeleng,bebeleng,,Sasak Umum,tempat pembuangan (kubangan) air,,,Balai Bahasa Provinsi NTB (Kamus Terpadu Sasambo)
bebelian,bebelian,,Sasak Umum,barang yang dibeli,,,Balai Bahasa Provinsi NTB (Kamus Terpadu Sasambo)
bebelè,bebelè,,Sasak Umum,rerumputan yang daunnya dijadikan obat panas atau cacar,,,Balai Bahasa Provinsi NTB (Kamus Terpadu Sasambo)
beberes,beberes,,Sasak Umum,anjing,,,Balai Bahasa Provinsi NTB (Kamus Terpadu Sasambo)
beberoq,beberoq,,Sasak Umum,"sambal yang umumnya terbuat dari tomat, terasi, dan garam",,,Balai Bahasa Provinsi NTB (Kamus Terpadu Sasambo)
bebet,bebet,,Sasak Umum,kain pengikat pinggang,,,Balai Bahasa Provinsi NTB (Kamus Terpadu Sasambo)
bebet kombang,bebet kombang,,Sasak Umum,pengikat rambut yang ditenun sendiri,,,Balai Bahasa Provinsi NTB (Kamus Terpadu Sasambo)
"bebeta(n,g)",bebeta(n,,Sasak Umum,ikatkan di pinggang,,,Balai Bahasa Provinsi NTB (Kamus Terpadu Sasambo)
bebilaq,bebilaq,,Sasak Umum,potongan kayu bambu,,,Balai Bahasa Provinsi NTB (Kamus Terpadu Sasambo)
bebécang,bebécang,,Sasak Umum,berbelenggu,,,Balai Bahasa Provinsi NTB (Kamus Terpadu Sasambo)
bebétok,bebétok,,Sasak Umum,"masakan yg terbuat dari parutan kelapa dan belut, dibungkus daun talas lalu direbus",,,Balai Bahasa Provinsi NTB (Kamus Terpadu Sasambo)
becat,becat,,Sasak Umum,cepat,,,Balai Bahasa Provinsi NTB (Kamus Terpadu Sasambo)
"becata(n,g)",becata(n,,Sasak Umum,cepatkan,,,Balai Bahasa Provinsi NTB (Kamus Terpadu Sasambo)
becatan,becatan,,Sasak Umum,lebih cepat; agak cepat,,,Balai Bahasa Provinsi NTB (Kamus Terpadu Sasambo)
becik; beciq; becip,becik,,Sasak Umum,kecil,,,Balai Bahasa Provinsi NTB (Kamus Terpadu Sasambo)
becikan,becikan,,Sasak Umum,lebih kecil; agak kecil,,,Balai Bahasa Provinsi NTB (Kamus Terpadu Sasambo)
bedah,bedah,,Sasak Umum,lubangi,,,Balai Bahasa Provinsi NTB (Kamus Terpadu Sasambo)
bedak,bedak,,Sasak Umum,haus,,,Balai Bahasa Provinsi NTB (Kamus Terpadu Sasambo)
bedakan,bedakan,,Sasak Umum,lebih haus; agak haus,,,Balai Bahasa Provinsi NTB (Kamus Terpadu Sasambo)
bedeng jenget,bedeng jenget,,Sasak Umum,sangat hitam,,,Balai Bahasa Provinsi NTB (Kamus Terpadu Sasambo)
bedeng kelutut,bedeng kelutut,,Sasak Umum,sangat hitam,,,Balai Bahasa Provinsi NTB (Kamus Terpadu Sasambo)
bedeng leteng,bedeng leteng,,Sasak Umum,hitam legam,,,Balai Bahasa Provinsi NTB (Kamus Terpadu Sasambo)
bedeng lutung,bedeng lutung,,Sasak Umum,hitam jelek,,,Balai Bahasa Provinsi NTB (Kamus Terpadu Sasambo)
bedil; bedin,bedil,,Sasak Umum,senapan api,,,Balai Bahasa Provinsi NTB (Kamus Terpadu Sasambo)
bedok,bedok,,Sasak Umum,gondok,,,Balai Bahasa Provinsi NTB (Kamus Terpadu Sasambo)
bedok belong,bedok belong,,Sasak Umum,gondok di leher,,,Balai Bahasa Provinsi NTB (Kamus Terpadu Sasambo)
bedok telinga,bedok telinga,,Sasak Umum,gondok di pangkal telinga,,,Balai Bahasa Provinsi NTB (Kamus Terpadu Sasambo)
bedu,bedu,,Sasak Umum,lamban,,,Balai Bahasa Provinsi NTB (Kamus Terpadu Sasambo)
beduan,beduan,,Sasak Umum,lebih lamban,,,Balai Bahasa Provinsi NTB (Kamus Terpadu Sasambo)
beduk,beduk,,Sasak Umum,beduk,,,Balai Bahasa Provinsi NTB (Kamus Terpadu Sasambo)
beduk asar,beduk asar,,Sasak Umum,bunyi beduk tanda waktu solat asar,,,Balai Bahasa Provinsi NTB (Kamus Terpadu Sasambo)
beduk dengan mate,beduk dengan mate,,Sasak Umum,bunyi beduk tanda ada orang meninggal dunia,,,Balai Bahasa Provinsi NTB (Kamus Terpadu Sasambo)
beduk subuh,beduk subuh,,Sasak Umum,bunyi beduk tanda sholat subuh,,,Balai Bahasa Provinsi NTB (Kamus Terpadu Sasambo)
bedus,bedus,,Sasak Umum,biri-biri; kambing,,,Balai Bahasa Provinsi NTB (Kamus Terpadu Sasambo)
bedék,bedék,,Sasak Umum,anyaman bambu; pagar,,,Balai Bahasa Provinsi NTB (Kamus Terpadu Sasambo)
bedékang,bedékang,,Sasak Umum,pasangkan pagar,,,Balai Bahasa Provinsi NTB (Kamus Terpadu Sasambo)
begamâ,begamâ,,Sasak Umum,beragama; masuk agama,,,Balai Bahasa Provinsi NTB (Kamus Terpadu Sasambo)
"begamâ-gamâa(n,g)",begamâ-gamâa(n,,Sasak Umum,(tidak jelas kepercayaan/agamanya); agama abangan,,,Balai Bahasa Provinsi NTB (Kamus Terpadu Sasambo)
begang,begang,,Sasak Umum,tikus,,,Balai Bahasa Provinsi NTB (Kamus Terpadu Sasambo)
begang beras,begang beras,,Sasak Umum,tikus yang kecil-kecil,,,Balai Bahasa Provinsi NTB (Kamus Terpadu Sasambo)
begang muling,begang muling,,Sasak Umum,nama tikus badannya kecil,,,Balai Bahasa Provinsi NTB (Kamus Terpadu Sasambo)
begang perara,begang perara,,Sasak Umum,nama tikus di sawah; tikus sawah,,,Balai Bahasa Provinsi NTB (Kamus Terpadu Sasambo)
begik,begik,,Sasak Umum,nama penyakit ilmu hitam; membuat penyakit ilmu hitam,,,Balai Bahasa Provinsi NTB (Kamus Terpadu Sasambo)
"begika(n,g)",begika(n,,Sasak Umum,pasangkan penyakit ilmu hitam,,,Balai Bahasa Provinsi NTB (Kamus Terpadu Sasambo)
begâ,begâ,,Sasak Umum,bodoh,,,Balai Bahasa Provinsi NTB (Kamus Terpadu Sasambo)
begâan,begâan,,Sasak Umum,lebih bodoh; agak bodoh,,,Balai Bahasa Provinsi NTB (Kamus Terpadu Sasambo)
bejat,bejat,,Sasak Umum,setengah masak/matang (untuk ubi rebus),,,Balai Bahasa Provinsi NTB (Kamus Terpadu Sasambo)
bejek,bejek,,Sasak Umum,remas; lumatkan,,,Balai Bahasa Provinsi NTB (Kamus Terpadu Sasambo)
"bejeka(n,g)",bejeka(n,,Sasak Umum,remaskan; lumatkan,,,Balai Bahasa Provinsi NTB (Kamus Terpadu Sasambo)
bekalialah,bekalialah,,Sasak Umum,berpelangi,,,Balai Bahasa Provinsi NTB (Kamus Terpadu Sasambo)
bekaq,bekaq,,Sasak Umum,mengangga; terbuka; terbelah,,,Balai Bahasa Provinsi NTB (Kamus Terpadu Sasambo)
bekas,bekas,,Sasak Umum,sudah pernah dipakai,,,Balai Bahasa Provinsi NTB (Kamus Terpadu Sasambo)
bekeh toaq,bekeh toaq,,Sasak Umum,terlalu keras kepala,,,Balai Bahasa Provinsi NTB (Kamus Terpadu Sasambo)
bekejames,bekejames,,Sasak Umum,mencuci (rambut),,,Balai Bahasa Provinsi NTB (Kamus Terpadu Sasambo)
bekel,bekel,,Sasak Umum,bekal,,,Balai Bahasa Provinsi NTB (Kamus Terpadu Sasambo)
bekel; pemekel,bekel,,Sasak Umum,kepala kampung,,,Balai Bahasa Provinsi NTB (Kamus Terpadu Sasambo)
beket,beket,,Sasak Umum,sesak; erat; ketat; kekecilan,,,Balai Bahasa Provinsi NTB (Kamus Terpadu Sasambo)
"beketa(n,g)",beketa(n,,Sasak Umum,ketatkan,,,Balai Bahasa Provinsi NTB (Kamus Terpadu Sasambo)
beketan,beketan,,Sasak Umum,lebih ketat; lebih serat; kekecilan; agak ketat,,,Balai Bahasa Provinsi NTB (Kamus Terpadu Sasambo)
beketin,beketin,,Sasak Umum,ketati,,,Balai Bahasa Provinsi NTB (Kamus Terpadu Sasambo)
"bekol, bebekol, kebekol, tebekol",bekol,,Sasak Umum,kupu-kupu,,,Balai Bahasa Provinsi NTB (Kamus Terpadu Sasambo)
bekâ,bekâ,,Sasak Umum,saja,,,Balai Bahasa Provinsi NTB (Kamus Terpadu Sasambo)
bekéh,bekéh,,Sasak Umum,keras kepala,,,Balai Bahasa Provinsi NTB (Kamus Terpadu Sasambo)
bel,bel,,Sasak Umum,bentuk variasi awalan: be-,,,Balai Bahasa Provinsi NTB (Kamus Terpadu Sasambo)
bela bantel,bela bantel,,Sasak Umum,bela mati-matian,,,Balai Bahasa Provinsi NTB (Kamus Terpadu Sasambo)
belabur,belabur,,Sasak Umum,banjir,,,Balai Bahasa Provinsi NTB (Kamus Terpadu Sasambo)
belah,belah,,Sasak Umum,pecah,,,Balai Bahasa Provinsi NTB (Kamus Terpadu Sasambo)
"belah, karo belah",belah,,Sasak Umum,seratus lima puluh,,,Balai Bahasa Provinsi NTB (Kamus Terpadu Sasambo)
belakas,belakas,,Sasak Umum,kampak,,,Balai Bahasa Provinsi NTB (Kamus Terpadu Sasambo)
belakbak,belakbak,,Sasak Umum,belenggu,,,Balai Bahasa Provinsi NTB (Kamus Terpadu Sasambo)
belakong,belakong,,Sasak Umum,kulit pohon pisang,,,Balai Bahasa Provinsi NTB (Kamus Terpadu Sasambo)
belamban,belamban,,Sasak Umum,kulit bagian dalam bambu,,,Balai Bahasa Provinsi NTB (Kamus Terpadu Sasambo)
belandar,belandar,,Sasak Umum,istilah dalam permainan karet yang berarti orang yang menjadi bandar dalam permainan itu,,,Balai Bahasa Provinsi NTB (Kamus Terpadu Sasambo)
belandâ,belandâ,,Sasak Umum,orang Eropa,,,Balai Bahasa Provinsi NTB (Kamus Terpadu Sasambo)
belang,belang,,Sasak Umum,belang,,,Balai Bahasa Provinsi NTB (Kamus Terpadu Sasambo)
belang ate,belang ate,,Sasak Umum,tidak jujur,,,Balai Bahasa Provinsi NTB (Kamus Terpadu Sasambo)
belang bembeqan,belang bembeqan,,Sasak Umum,tidak teratur,,,Balai Bahasa Provinsi NTB (Kamus Terpadu Sasambo)
belang kataq,belang kataq,,Sasak Umum,belang putih; nama belang kuda,,,Balai Bahasa Provinsi NTB (Kamus Terpadu Sasambo)
belang pelangka,belang pelangka,,Sasak Umum,nama belang pada kuda,,,Balai Bahasa Provinsi NTB (Kamus Terpadu Sasambo)
belang petak,belang petak,,Sasak Umum,nama belang kuda,,,Balai Bahasa Provinsi NTB (Kamus Terpadu Sasambo)
belangsir,belangsir,,Sasak Umum,buah nangka yang masih kecil dan rasanya masih kelat,,,Balai Bahasa Provinsi NTB (Kamus Terpadu Sasambo)
belanjâ,belanjâ,,Sasak Umum,belanja,,,Balai Bahasa Provinsi NTB (Kamus Terpadu Sasambo)
"belanjâa(n,g)",belanjâa(n,,Sasak Umum,belanjakan,,,Balai Bahasa Provinsi NTB (Kamus Terpadu Sasambo)
belanjâan,belanjâan,,Sasak Umum,barang belanjaan,,,Balai Bahasa Provinsi NTB (Kamus Terpadu Sasambo)
belanjâin,belanjâin,,Sasak Umum,belanja di; belanja pada,,,Balai Bahasa Provinsi NTB (Kamus Terpadu Sasambo)
belanting,belanting,,Sasak Umum,nama desa,,,Balai Bahasa Provinsi NTB (Kamus Terpadu Sasambo)
belantuk,belantuk,,Sasak Umum,burung belantuk,,,Balai Bahasa Provinsi NTB (Kamus Terpadu Sasambo)
belaq,belaq,,Sasak Umum,pecah,,,Balai Bahasa Provinsi NTB (Kamus Terpadu Sasambo)
"belaqa(n,g)",belaqa(n,,Sasak Umum,pecahkan,,,Balai Bahasa Provinsi NTB (Kamus Terpadu Sasambo)
belar,belar,,Sasak Umum,luka bekas cambukan,,,Balai Bahasa Provinsi NTB (Kamus Terpadu Sasambo)
belas,belas,,Sasak Umum,pisah,,,Balai Bahasa Provinsi NTB (Kamus Terpadu Sasambo)
belat,belat,,Sasak Umum,selaput buah yang melapisi isi nangka,,,Balai Bahasa Provinsi NTB (Kamus Terpadu Sasambo)
belata tunjuk,belata tunjuk,,Sasak Umum,nama sejenis makhluk halus yg hidungnya panjang,,,Balai Bahasa Provinsi NTB (Kamus Terpadu Sasambo)
belatin,belatin,,Sasak Umum,lewati,,,Balai Bahasa Provinsi NTB (Kamus Terpadu Sasambo)
belatung,belatung,,Sasak Umum,nama sejenis pohon yang daunnya berduri,,,Balai Bahasa Provinsi NTB (Kamus Terpadu Sasambo)
belatâ,belatâ,,Sasak Umum,nama sejenis makhluk halus,,,Balai Bahasa Provinsi NTB (Kamus Terpadu Sasambo)
belatân,belatân,,Sasak Umum,dihuni oleh makhluk halus (belata),,,Balai Bahasa Provinsi NTB (Kamus Terpadu Sasambo)
beledok; peledok(an),beledok,,Sasak Umum,"sumpitan dibuat dari batang bambu tali, untuk mainan anak-anak pengganti bedil",,,Balai Bahasa Provinsi NTB (Kamus Terpadu Sasambo)
belek,belek,,Sasak Umum,persis; sama,,,Balai Bahasa Provinsi NTB (Kamus Terpadu Sasambo)
belek raos,belek raos,,Sasak Umum,banyak bicara,,,Balai Bahasa Provinsi NTB (Kamus Terpadu Sasambo)
belenggu,belenggu,,Sasak Umum,belenggu,,,Balai Bahasa Provinsi NTB (Kamus Terpadu Sasambo)
beleq ate,beleq ate,,Sasak Umum,keras kemauan,,,Balai Bahasa Provinsi NTB (Kamus Terpadu Sasambo)
beleq belaq,beleq belaq,,Sasak Umum,para pembesar,,,Balai Bahasa Provinsi NTB (Kamus Terpadu Sasambo)
beleq betek,beleq betek,,Sasak Umum,kuat,,,Balai Bahasa Provinsi NTB (Kamus Terpadu Sasambo)
beleq dendeq,beleq dendeq,,Sasak Umum,besar pendek,,,Balai Bahasa Provinsi NTB (Kamus Terpadu Sasambo)
beleq ganggas,beleq ganggas,,Sasak Umum,besar tinggi,,,Balai Bahasa Provinsi NTB (Kamus Terpadu Sasambo)
beleq ulu,beleq ulu,,Sasak Umum,besar kepala,,,Balai Bahasa Provinsi NTB (Kamus Terpadu Sasambo)
beler,beler,,Sasak Umum,pandang; lihat,,,Balai Bahasa Provinsi NTB (Kamus Terpadu Sasambo)
belet,belet,,Sasak Umum,enggan; merasa berat;,,,Balai Bahasa Provinsi NTB (Kamus Terpadu Sasambo)
beli,beli,,Sasak Umum,beli,,,Balai Bahasa Provinsi NTB (Kamus Terpadu Sasambo)
belian,belian,,Sasak Umum,dukun,,,Balai Bahasa Provinsi NTB (Kamus Terpadu Sasambo)
belian nganak,belian nganak,,Sasak Umum,dukun beranak,,,Balai Bahasa Provinsi NTB (Kamus Terpadu Sasambo)
belian sakit,belian sakit,,Sasak Umum,dukun penyakit,,,Balai Bahasa Provinsi NTB (Kamus Terpadu Sasambo)
belidâ,belidâ,,Sasak Umum,nama alat tenun,,,Balai Bahasa Provinsi NTB (Kamus Terpadu Sasambo)
belikat,belikat,,Sasak Umum,belikat,,,Balai Bahasa Provinsi NTB (Kamus Terpadu Sasambo)
belimbing,belimbing,,Sasak Umum,belimbing,,,Balai Bahasa Provinsi NTB (Kamus Terpadu Sasambo)
belimbing biloq,belimbing biloq,,Sasak Umum,belimbing yang buahnya bulat panjang kecil,,,Balai Bahasa Provinsi NTB (Kamus Terpadu Sasambo)
belimbing pedis,belimbing pedis,,Sasak Umum,belimbing masam,,,Balai Bahasa Provinsi NTB (Kamus Terpadu Sasambo)
belimbing tawaq,belimbing tawaq,,Sasak Umum,belimbing manis,,,Balai Bahasa Provinsi NTB (Kamus Terpadu Sasambo)
belinggi,belinggi,,Sasak Umum,kecoak,,,Balai Bahasa Provinsi NTB (Kamus Terpadu Sasambo)
belinjo = bagu; bègu,belinjo = bagu,,Sasak Umum,belinjo,,,Balai Bahasa Provinsi NTB (Kamus Terpadu Sasambo)
belis Ar,belis ar,,Sasak Umum,iblis,,,Balai Bahasa Provinsi NTB (Kamus Terpadu Sasambo)
belis lanat,belis lanat,,Sasak Umum,iblis laknat,,,Balai Bahasa Provinsi NTB (Kamus Terpadu Sasambo)
beliung = sembelahan,beliung = sembelahan,,Sasak Umum,beliung,,,Balai Bahasa Provinsi NTB (Kamus Terpadu Sasambo)
belo angen,belo angen,,Sasak Umum,sabar,,,Balai Bahasa Provinsi NTB (Kamus Terpadu Sasambo)
belo ima,belo ima,,Sasak Umum,panjang tangan,,,Balai Bahasa Provinsi NTB (Kamus Terpadu Sasambo)
belo raos,belo raos,,Sasak Umum,panjang bicara,,,Balai Bahasa Provinsi NTB (Kamus Terpadu Sasambo)
beloh,beloh,,Sasak Umum,besar (bola mata),,,Balai Bahasa Provinsi NTB (Kamus Terpadu Sasambo)
belohan,belohan,,Sasak Umum,lebih besar/agak besar (bola mata),,,Balai Bahasa Provinsi NTB (Kamus Terpadu Sasambo)
belok,belok,,Sasak Umum,orang yg dapat diperbodoh karena senang disanjung,,,Balai Bahasa Provinsi NTB (Kamus Terpadu Sasambo)
belong,belong,,Sasak Umum,leher,,,Balai Bahasa Provinsi NTB (Kamus Terpadu Sasambo)
belong kelambi,belong kelambi,,Sasak Umum,kerah baju,,,Balai Bahasa Provinsi NTB (Kamus Terpadu Sasambo)
belong kocor,belong kocor,,Sasak Umum,leher kendi,,,Balai Bahasa Provinsi NTB (Kamus Terpadu Sasambo)
belot,belot,,Sasak Umum,telan,,,Balai Bahasa Provinsi NTB (Kamus Terpadu Sasambo)
belot bontol,belot bontol,,Sasak Umum,telan bulat-bulat,,,Balai Bahasa Provinsi NTB (Kamus Terpadu Sasambo)
"belubuk, belukbuk",belubuk,,Sasak Umum,bakar,,,Balai Bahasa Provinsi NTB (Kamus Terpadu Sasambo)
belèkâ,belèkâ,,Sasak Umum,nama desa di Kecamatan Praya Timur Lombok Tengah,,,Balai Bahasa Provinsi NTB (Kamus Terpadu Sasambo)
belèlèng,belèlèng,,Sasak Umum,sejenis gandum,,,Balai Bahasa Provinsi NTB (Kamus Terpadu Sasambo)
belèncek; belincek,belèncek,,Sasak Umum,"cecak: bakatku si pénéq , aku kena oleh kencing cecak",,,Balai Bahasa Provinsi NTB (Kamus Terpadu Sasambo)
belèq,belèq,,Sasak Umum,lebar,,,Balai Bahasa Provinsi NTB (Kamus Terpadu Sasambo)
"belèqa(n,g)",belèqa(n,,Sasak Umum,besarkan,,,Balai Bahasa Provinsi NTB (Kamus Terpadu Sasambo)
belèqan,belèqan,,Sasak Umum,lebih besar,,,Balai Bahasa Provinsi NTB (Kamus Terpadu Sasambo)
belék; belik,belék,,Sasak Umum,kaleng,,,Balai Bahasa Provinsi NTB (Kamus Terpadu Sasambo)
beléncang,beléncang,,Sasak Umum,belenggu,,,Balai Bahasa Provinsi NTB (Kamus Terpadu Sasambo)
belér,belér,,Sasak Umum,genit; binal; lincah; mata kerancang; hidung belang,,,Balai Bahasa Provinsi NTB (Kamus Terpadu Sasambo)
beléran,beléran,,Sasak Umum,lebih genit,,,Balai Bahasa Provinsi NTB (Kamus Terpadu Sasambo)
bemamiq,bemamiq,,Sasak Umum,berayah; memanggil mamiq,,,Balai Bahasa Provinsi NTB (Kamus Terpadu Sasambo)
benang,benang,,Sasak Umum,tali yg terbuat dari benang,,,Balai Bahasa Provinsi NTB (Kamus Terpadu Sasambo)
benda,benda,,Sasak Umum,harta benda,,,Balai Bahasa Provinsi NTB (Kamus Terpadu Sasambo)
bengaq,bengaq,,Sasak Umum,heran; takjub,,,Balai Bahasa Provinsi NTB (Kamus Terpadu Sasambo)
berabah,berabah,,Sasak Umum,mempunyai abah,,,Balai Bahasa Provinsi NTB (Kamus Terpadu Sasambo)
"beradal, beradal-adal",beradal,,Sasak Umum,ber-embun,,,Balai Bahasa Provinsi NTB (Kamus Terpadu Sasambo)
beradap,beradap,,Sasak Umum,beradab; mempunyai sopan santun,,,Balai Bahasa Provinsi NTB (Kamus Terpadu Sasambo)
beradas,beradas,,Sasak Umum,bumbu/obat yang dicampur adas,,,Balai Bahasa Provinsi NTB (Kamus Terpadu Sasambo)
beradat,beradat,,Sasak Umum,beradab,,,Balai Bahasa Provinsi NTB (Kamus Terpadu Sasambo)
beradiq,beradiq,,Sasak Umum,mempunyai adik,,,Balai Bahasa Provinsi NTB (Kamus Terpadu Sasambo)
berado-ado,berado-ado,,Sasak Umum,mengucapkan kata ado sewaktu berkata-kata,,,Balai Bahasa Provinsi NTB (Kamus Terpadu Sasambo)
beradu,beradu,,Sasak Umum,berlaga,,,Balai Bahasa Provinsi NTB (Kamus Terpadu Sasambo)
beradéng-adéng,beradéng-adéng,,Sasak Umum,berlambat-lambat,,,Balai Bahasa Provinsi NTB (Kamus Terpadu Sasambo)
beragol,beragol,,Sasak Umum,berlagu,,,Balai Bahasa Provinsi NTB (Kamus Terpadu Sasambo)
berahat,berahat,,Sasak Umum,berhari Ahad; pergi ke pasaran hari Ahad,,,Balai Bahasa Provinsi NTB (Kamus Terpadu Sasambo)
beraip,beraip,,Sasak Umum,mempunyai cela,,,Balai Bahasa Provinsi NTB (Kamus Terpadu Sasambo)
beraiq,beraiq,,Sasak Umum,berair,,,Balai Bahasa Provinsi NTB (Kamus Terpadu Sasambo)
"berajah, belajah",berajah,,Sasak Umum,belajar,,,Balai Bahasa Provinsi NTB (Kamus Terpadu Sasambo)
berajak-ajak,berajak-ajak,,Sasak Umum,bergerak selangkah maju-mundur untuk memancing lawan,,,Balai Bahasa Provinsi NTB (Kamus Terpadu Sasambo)
berajat,berajat,,Sasak Umum,berhajat,,,Balai Bahasa Provinsi NTB (Kamus Terpadu Sasambo)
berakah,berakah,,Sasak Umum,berakar; punya akar,,,Balai Bahasa Provinsi NTB (Kamus Terpadu Sasambo)
berakal,berakal,,Sasak Umum,berakal; nakal,,,Balai Bahasa Provinsi NTB (Kamus Terpadu Sasambo)
berakat,berakat,,Sasak Umum,berakad,,,Balai Bahasa Provinsi NTB (Kamus Terpadu Sasambo)
beralamat,beralamat,,Sasak Umum,beralamat,,,Balai Bahasa Provinsi NTB (Kamus Terpadu Sasambo)
beralasan,beralasan,,Sasak Umum,dng alasan; beralasan,,,Balai Bahasa Provinsi NTB (Kamus Terpadu Sasambo)
beralet,beralet,,Sasak Umum,menggunakan alet,,,Balai Bahasa Provinsi NTB (Kamus Terpadu Sasambo)
berali-ali,berali-ali,,Sasak Umum,memakai cincin,,,Balai Bahasa Provinsi NTB (Kamus Terpadu Sasambo)
beralis,beralis,,Sasak Umum,membuat alis (dr potlot alis),,,Balai Bahasa Provinsi NTB (Kamus Terpadu Sasambo)
beraluat,beraluat,,Sasak Umum,bertafakur,,,Balai Bahasa Provinsi NTB (Kamus Terpadu Sasambo)
beramal,beramal,,Sasak Umum,beramal,,,Balai Bahasa Provinsi NTB (Kamus Terpadu Sasambo)
beramaq,beramaq,,Sasak Umum,berayah; memanggil ayah,,,Balai Bahasa Provinsi NTB (Kamus Terpadu Sasambo)
berambisan,berambisan,,Sasak Umum,gak mirip,,,Balai Bahasa Provinsi NTB (Kamus Terpadu Sasambo)
berambè,berambè,,Sasak Umum,mengucapkan kata 'ambe' (amin),,,Balai Bahasa Provinsi NTB (Kamus Terpadu Sasambo)
beramet,beramet,,Sasak Umum,berbanyak-banyak (berusaha atau berihtiar),,,Balai Bahasa Provinsi NTB (Kamus Terpadu Sasambo)
beramin,beramin,,Sasak Umum,mengucapkan kata 'amin'; beramin,,,Balai Bahasa Provinsi NTB (Kamus Terpadu Sasambo)
berampes,berampes,,Sasak Umum,berantam,,,Balai Bahasa Provinsi NTB (Kamus Terpadu Sasambo)
"berampesa(n,g)",berampesa(n,,Sasak Umum,saling hantam; saling tabrak,,,Balai Bahasa Provinsi NTB (Kamus Terpadu Sasambo)
berampik,berampik,,Sasak Umum,mempunyai teras,,,Balai Bahasa Provinsi NTB (Kamus Terpadu Sasambo)
berampét,berampét,,Sasak Umum,berkipas,,,Balai Bahasa Provinsi NTB (Kamus Terpadu Sasambo)
beranak,beranak,,Sasak Umum,mempunyai anak,,,Balai Bahasa Provinsi NTB (Kamus Terpadu Sasambo)
berancak,berancak,,Sasak Umum,menggunakan ancak,,,Balai Bahasa Provinsi NTB (Kamus Terpadu Sasambo)
"berandanga(n,g)",berandanga(n,,Sasak Umum,berhadapan,,,Balai Bahasa Provinsi NTB (Kamus Terpadu Sasambo)
berandong,berandong,,Sasak Umum,naik dokar,,,Balai Bahasa Provinsi NTB (Kamus Terpadu Sasambo)
"berandosa(n,g)",berandosa(n,,Sasak Umum,saling serempet; bersentuhan,,,Balai Bahasa Provinsi NTB (Kamus Terpadu Sasambo)
beranduk,beranduk,,Sasak Umum,berhanduk,,,Balai Bahasa Provinsi NTB (Kamus Terpadu Sasambo)
berandè-andè,berandè-andè,,Sasak Umum,berandai-andai,,,Balai Bahasa Provinsi NTB (Kamus Terpadu Sasambo)
berangen,berangen,,Sasak Umum,cinta; sayang,,,Balai Bahasa Provinsi NTB (Kamus Terpadu Sasambo)
beranget,beranget,,Sasak Umum,berhangat,,,Balai Bahasa Provinsi NTB (Kamus Terpadu Sasambo)
beranggar,beranggar,,Sasak Umum,berencana,,,Balai Bahasa Provinsi NTB (Kamus Terpadu Sasambo)
"beranggepa(n,g)",beranggepa(n,,Sasak Umum,beranggapan,,,Balai Bahasa Provinsi NTB (Kamus Terpadu Sasambo)
berangsel,berangsel,,Sasak Umum,bernapas,,,Balai Bahasa Provinsi NTB (Kamus Terpadu Sasambo)
berangsuh,berangsuh,,Sasak Umum,mencicil,,,Balai Bahasa Provinsi NTB (Kamus Terpadu Sasambo)
beranjah,beranjah,,Sasak Umum,bertangga; memakai tangga,,,Balai Bahasa Provinsi NTB (Kamus Terpadu Sasambo)
beranjah-anjah,beranjah-anjah,,Sasak Umum,bertangga-tangga,,,Balai Bahasa Provinsi NTB (Kamus Terpadu Sasambo)
berantem,berantem,,Sasak Umum,berhantam,,,Balai Bahasa Provinsi NTB (Kamus Terpadu Sasambo)
"berantem-antema(n,g)",berantem-antema(n,,Sasak Umum,ber-hantam-hantaman,,,Balai Bahasa Provinsi NTB (Kamus Terpadu Sasambo)
berantep-antep,berantep-antep,,Sasak Umum,dikipas-kipasi,,,Balai Bahasa Provinsi NTB (Kamus Terpadu Sasambo)
beranting-anting,beranting-anting,,Sasak Umum,beranting-anting,,,Balai Bahasa Provinsi NTB (Kamus Terpadu Sasambo)
"berantiqa(n,g)",berantiqa(n,,Sasak Umum,berpegangan,,,Balai Bahasa Provinsi NTB (Kamus Terpadu Sasambo)
"berantuq-antuqa(n,g)",berantuq-antuqa(n,,Sasak Umum,saling tarik menarik,,,Balai Bahasa Provinsi NTB (Kamus Terpadu Sasambo)
"berantuqa(n,g)",berantuqa(n,,Sasak Umum,saling tarik,,,Balai Bahasa Provinsi NTB (Kamus Terpadu Sasambo)
berantâ-antâ,berantâ-antâ,,Sasak Umum,berulang-ulang mengatakan ”antâ”,,,Balai Bahasa Provinsi NTB (Kamus Terpadu Sasambo)
berapak-apak,berapak-apak,,Sasak Umum,menghentak-hentakkan kaki di tanah,,,Balai Bahasa Provinsi NTB (Kamus Terpadu Sasambo)
berapi,berapi,,Sasak Umum,berapi,,,Balai Bahasa Provinsi NTB (Kamus Terpadu Sasambo)
berapus,berapus,,Sasak Umum,berboreh,,,Balai Bahasa Provinsi NTB (Kamus Terpadu Sasambo)
berapèq-apèq,berapèq-apèq,,Sasak Umum,rapi-rapikan,,,Balai Bahasa Provinsi NTB (Kamus Terpadu Sasambo)
beraro-aro,beraro-aro,,Sasak Umum,beraduh-aduh,,,Balai Bahasa Provinsi NTB (Kamus Terpadu Sasambo)
berasil,berasil,,Sasak Umum,berhasil,,,Balai Bahasa Provinsi NTB (Kamus Terpadu Sasambo)
berasèq-asèq,berasèq-asèq,,Sasak Umum,meminta dengan penuh harap,,,Balai Bahasa Provinsi NTB (Kamus Terpadu Sasambo)
beratas,beratas,,Sasak Umum,menuju atas,,,Balai Bahasa Provinsi NTB (Kamus Terpadu Sasambo)
beratep,beratep,,Sasak Umum,beratap,,,Balai Bahasa Provinsi NTB (Kamus Terpadu Sasambo)
beratong,beratong,,Sasak Umum,mengantar,,,Balai Bahasa Provinsi NTB (Kamus Terpadu Sasambo)
beratur,beratur,,Sasak Umum,mengatur,,,Balai Bahasa Provinsi NTB (Kamus Terpadu Sasambo)
beratè,beratè,,Sasak Umum,berhati,,,Balai Bahasa Provinsi NTB (Kamus Terpadu Sasambo)
berawas,berawas,,Sasak Umum,mengawasi,,,Balai Bahasa Provinsi NTB (Kamus Terpadu Sasambo)
berawékan,berawékan,,Sasak Umum,bertarikan; saling tarik,,,Balai Bahasa Provinsi NTB (Kamus Terpadu Sasambo)
berugaq,berugaq,,Sasak Umum,(By) balai-balai agung untuk upacara adat yang bertiang enam,,,Balai Bahasa Provinsi NTB (Kamus Terpadu Sasambo)
"besambila(n,g)",besambila(n,,Sasak Umum,menyambil-kan,,,Balai Bahasa Provinsi NTB (Kamus Terpadu Sasambo)
besemamâ,besemamâ,,Sasak Umum,bersuami,,,Balai Bahasa Provinsi NTB (Kamus Terpadu Sasambo)
"besemamâ-mamâa(n,g)",besemamâ-mamâa(n,,Sasak Umum,ber-suami-suamian (kumpul kebo),,,Balai Bahasa Provinsi NTB (Kamus Terpadu Sasambo)
"betampet, nampet",betampet,,Sasak Umum,meng-gunakan baju tampet,,,Balai Bahasa Provinsi NTB (Kamus Terpadu Sasambo)
bideng,bideng,,Sasak Umum,hitam manis,,,Balai Bahasa Provinsi NTB (Kamus Terpadu Sasambo)
bideng asin,bideng asin,,Sasak Umum,hitam manis,,,Balai Bahasa Provinsi NTB (Kamus Terpadu Sasambo)
bis,bis,,Sasak Umum,kehabisan akal,,,Balai Bahasa Provinsi NTB (Kamus Terpadu Sasambo)
bong,bong,,Sasak Umum,gentong yang berpancuran (biasanya tempat berwuduk),,,Balai Bahasa Provinsi NTB (Kamus Terpadu Sasambo)
buaq,buaq,,Sasak Umum,buah ara,,,Balai Bahasa Provinsi NTB (Kamus Terpadu Sasambo)
bukaq,bukaq,,Sasak Umum,membuka aib,,,Balai Bahasa Provinsi NTB (Kamus Terpadu Sasambo)
bulan bubur,bulan bubur,,Sasak Umum,bulan bubur merah,,,Balai Bahasa Provinsi NTB (Kamus Terpadu Sasambo)
buluan,buluan,,Sasak Umum,rambutan acih,,,Balai Bahasa Provinsi NTB (Kamus Terpadu Sasambo)
bâ,bâ,,Sasak Umum,sebuah kata seru,,,Balai Bahasa Provinsi NTB (Kamus Terpadu Sasambo)
bâ Ar,bâ ar,,Sasak Umum,nama huruf dalam abjad Arab (?),,,Balai Bahasa Provinsi NTB (Kamus Terpadu Sasambo)
bè,bè,,Sasak Umum,kata seru; wahai; merupakan kata panggilan,,,Balai Bahasa Provinsi NTB (Kamus Terpadu Sasambo)
bèdâ,bèdâ,,Sasak Umum,beda,,,Balai Bahasa Provinsi NTB (Kamus Terpadu Sasambo)
"bèdâa(n,g)",bèdâa(n,,Sasak Umum,bedakan,,,Balai Bahasa Provinsi NTB (Kamus Terpadu Sasambo)
bèkèq,bèkèq,,Sasak Umum,dan,,,Balai Bahasa Provinsi NTB (Kamus Terpadu Sasambo)
bèlo = lantan,bèlo = lantan,,Sasak Umum,panjang; lama,,,Balai Bahasa Provinsi NTB (Kamus Terpadu Sasambo)
"bèloa(n,g)",bèloa(n,,Sasak Umum,panjangkan,,,Balai Bahasa Provinsi NTB (Kamus Terpadu Sasambo)
bèloan,bèloan,,Sasak Umum,lebih panjang; agak panjang,,,Balai Bahasa Provinsi NTB (Kamus Terpadu Sasambo)
bèlâ,bèlâ,,Sasak Umum,bela,,,Balai Bahasa Provinsi NTB (Kamus Terpadu Sasambo)
bèwèn,bèwèn,,Sasak Umum,cabang banten,,,Balai Bahasa Provinsi NTB (Kamus Terpadu Sasambo)
bèâ,bèâ,,Sasak Umum,biaya; tanggung,,,Balai Bahasa Provinsi NTB (Kamus Terpadu Sasambo)
béang,béang,,Sasak Umum,pirang; merah (rambut),,,Balai Bahasa Provinsi NTB (Kamus Terpadu Sasambo)
béaq,béaq,,Sasak Umum,merah,,,Balai Bahasa Provinsi NTB (Kamus Terpadu Sasambo)
"béaq, bebéaq",béaq,,Sasak Umum,"anak-anak; anak mamâ, anak laki-laki; ninâ, anak perempuan",,,Balai Bahasa Provinsi NTB (Kamus Terpadu Sasambo)
bébas,bébas,,Sasak Umum,bebas,,,Balai Bahasa Provinsi NTB (Kamus Terpadu Sasambo)
"bébasa(n,g)",bébasa(n,,Sasak Umum,bebaskan,,,Balai Bahasa Provinsi NTB (Kamus Terpadu Sasambo)
bébasan,bébasan,,Sasak Umum,lebih bebas; agak bebas,,,Balai Bahasa Provinsi NTB (Kamus Terpadu Sasambo)
bébék,bébék,,Sasak Umum,panas; sumuk,,,Balai Bahasa Provinsi NTB (Kamus Terpadu Sasambo)
bébék; bébik,bébék,,Sasak Umum,itik,,,Balai Bahasa Provinsi NTB (Kamus Terpadu Sasambo)
bébékan,bébékan,,Sasak Umum,kesumukan; kepanasan,,,Balai Bahasa Provinsi NTB (Kamus Terpadu Sasambo)
bébér,bébér,,Sasak Umum,beber,,,Balai Bahasa Provinsi NTB (Kamus Terpadu Sasambo)
"bébéra(n,g)",bébéra(n,,Sasak Umum,beberkan,,,Balai Bahasa Provinsi NTB (Kamus Terpadu Sasambo)
bécang,bécang,,Sasak Umum,belenggu,,,Balai Bahasa Provinsi NTB (Kamus Terpadu Sasambo)
bédeng; bideng; bireng,bédeng,,Sasak Umum,hitam,,,Balai Bahasa Provinsi NTB (Kamus Terpadu Sasambo)
"bédenga(n,g)",bédenga(n,,Sasak Umum,hitamkan,,,Balai Bahasa Provinsi NTB (Kamus Terpadu Sasambo)
bédengan,bédengan,,Sasak Umum,lebih hitam; agak hitam,,,Balai Bahasa Provinsi NTB (Kamus Terpadu Sasambo)
bédengin,bédengin,,Sasak Umum,hitami,,,Balai Bahasa Provinsi NTB (Kamus Terpadu Sasambo)
bégal; bégalan; bebégalan,bégal,,Sasak Umum,perampok,,,Balai Bahasa Provinsi NTB (Kamus Terpadu Sasambo)
bégaq = luèq; loèq,bégaq = luèq,,Sasak Umum,banyak,,,Balai Bahasa Provinsi NTB (Kamus Terpadu Sasambo)
"bégaqa(n,g)",bégaqa(n,,Sasak Umum,banyakkan,,,Balai Bahasa Provinsi NTB (Kamus Terpadu Sasambo)
bégaqan,bégaqan,,Sasak Umum,agak/lebih banyak,,,Balai Bahasa Provinsi NTB (Kamus Terpadu Sasambo)
békot,békot,,Sasak Umum,tipu,,,Balai Bahasa Provinsi NTB (Kamus Terpadu Sasambo)
bél,bél,,Sasak Umum,bel,,,Balai Bahasa Provinsi NTB (Kamus Terpadu Sasambo)
"béla(n,g)",béla(n,,Sasak Umum,belkan,,,Balai Bahasa Provinsi NTB (Kamus Terpadu Sasambo)
bélang; belér,bélang,,Sasak Umum,genit; binal; lincah; mata kerancang; hidung belang,,,Balai Bahasa Provinsi NTB (Kamus Terpadu Sasambo)
bélangan,bélangan,,Sasak Umum,lebih binal; agak binal,,,Balai Bahasa Provinsi NTB (Kamus Terpadu Sasambo)
bélot,bélot,,Sasak Umum,cair,,,Balai Bahasa Provinsi NTB (Kamus Terpadu Sasambo)
bélotan,bélotan,,Sasak Umum,lebih cair; lebih lemah,,,Balai Bahasa Provinsi NTB (Kamus Terpadu Sasambo)
bélék; bélik,bélék,,Sasak Umum,becek; lunak; lemas,,,Balai Bahasa Provinsi NTB (Kamus Terpadu Sasambo)
bélékan,bélékan,,Sasak Umum,lebih becek/lunak/lemas; agak becek/lunak/lemas,,,Balai Bahasa Provinsi NTB (Kamus Terpadu Sasambo)
cicik,cicik,,Sasak Umum,jajan dari ubi iris,,,Balai Bahasa Provinsi NTB (Kamus Terpadu Sasambo)
cucuk,cucuk,,Sasak Umum,mulut babi,,,Balai Bahasa Provinsi NTB (Kamus Terpadu Sasambo)
dadang,dadang,,Sasak Umum,nama penyakit perempuan yang baru melahirkan,,,Balai Bahasa Provinsi NTB (Kamus Terpadu Sasambo)
dasan,dasan,,Sasak Umum,nama desa di kecamatan Ma-taram,,,Balai Bahasa Provinsi NTB (Kamus Terpadu Sasambo)
dateng,dateng,,Sasak Umum,datang ajal,,,Balai Bahasa Provinsi NTB (Kamus Terpadu Sasambo)
datu,datu,,Sasak Umum,pemerintah Belanda,,,Balai Bahasa Provinsi NTB (Kamus Terpadu Sasambo)
daun,daun,,Sasak Umum,daun ara,,,Balai Bahasa Provinsi NTB (Kamus Terpadu Sasambo)
dengan,dengan,,Sasak Umum,orang Bali,,,Balai Bahasa Provinsi NTB (Kamus Terpadu Sasambo)
dewek; kaji; tiang,dewek,,Sasak Umum,(hls) aku,,,Balai Bahasa Provinsi NTB (Kamus Terpadu Sasambo)
"dewâ, ratu",dewâ,,Sasak Umum,gelar Anak Agung; panggilan penghormatan,,,Balai Bahasa Provinsi NTB (Kamus Terpadu Sasambo)
doè,doè,,Sasak Umum,harta kekayaan,,,Balai Bahasa Provinsi NTB (Kamus Terpadu Sasambo)
durin,durin,,Sasak Umum,duri belatung,,,Balai Bahasa Provinsi NTB (Kamus Terpadu Sasambo)
"duâ , domas",duâ,,Sasak Umum,delapan ratus,,,Balai Bahasa Provinsi NTB (Kamus Terpadu Sasambo)
dèâ,dèâ,,Sasak Umum,sejenis capung besar,,,Balai Bahasa Provinsi NTB (Kamus Terpadu Sasambo)
emas,emas,,Sasak Umum,cincin emas,,,Balai Bahasa Provinsi NTB (Kamus Terpadu Sasambo)
empaq,empaq,,Sasak Umum,ikan bandeng,,,Balai Bahasa Provinsi NTB (Kamus Terpadu Sasambo)
endaraq,endaraq,,Sasak Umum,tidak ada harapan,,,Balai Bahasa Provinsi NTB (Kamus Terpadu Sasambo)
endèq,endèq,,Sasak Umum,tidak ingat; lupa,,,Balai Bahasa Provinsi NTB (Kamus Terpadu Sasambo)
endèq diriq,endèq diriq,,Sasak Umum,tidak ingat diri; pingsan,,,Balai Bahasa Provinsi NTB (Kamus Terpadu Sasambo)
endèqnâ kurang,endèqnâ kurang,,Sasak Umum,"tidak kekurangan terasi (maksudnya: terlalu banyak aksi, tidak sesuai dengan kemampuan)",,,Balai Bahasa Provinsi NTB (Kamus Terpadu Sasambo)
enggih,enggih,,Sasak Umum,(hls) ya; jawaban panggilan,,,Balai Bahasa Provinsi NTB (Kamus Terpadu Sasambo)
epi,epi,,Sasak Umum,api,,,Balai Bahasa Provinsi NTB (Kamus Terpadu Sasambo)
epi neraka,epi neraka,,Sasak Umum,api neraka,,,Balai Bahasa Provinsi NTB (Kamus Terpadu Sasambo)
"galih, galin",galih,,Sasak Umum,kayu asam yang benar-benar sudah tua,,,Balai Bahasa Provinsi NTB (Kamus Terpadu Sasambo)
gerik,gerik,,Sasak Umum,omelan yang diucapkan terus menerus,,,Balai Bahasa Provinsi NTB (Kamus Terpadu Sasambo)
gigih,gigih,,Sasak Umum,anak tangga,,,Balai Bahasa Provinsi NTB (Kamus Terpadu Sasambo)
"gorong, korong",gorong,,Sasak Umum,alat untuk memikul jenazah ke kuburan,,,Balai Bahasa Provinsi NTB (Kamus Terpadu Sasambo)
gédéng,gédéng,,Sasak Umum,daun banten,,,Balai Bahasa Provinsi NTB (Kamus Terpadu Sasambo)
haji,haji,,Sasak Umum,haji yg pelaksanaan wukufnya bertepatan dng hari Jumat,,,Balai Bahasa Provinsi NTB (Kamus Terpadu Sasambo)
idup matè,idup matè,,Sasak Umum,hidup atau mati,,,Balai Bahasa Provinsi NTB (Kamus Terpadu Sasambo)
ilmu,ilmu,,Sasak Umum,ilmu alam,,,Balai Bahasa Provinsi NTB (Kamus Terpadu Sasambo)
inan,inan,,Sasak Umum,tokoh/ahli membuat penyakit ilmu hitam,,,Balai Bahasa Provinsi NTB (Kamus Terpadu Sasambo)
inaq,inaq,,Sasak Umum,ibu bapak,,,Balai Bahasa Provinsi NTB (Kamus Terpadu Sasambo)
inaq akon,inaq akon,,Sasak Umum,ibu angkat,,,Balai Bahasa Provinsi NTB (Kamus Terpadu Sasambo)
ineman,ineman,,Sasak Umum,minuman anggur,,,Balai Bahasa Provinsi NTB (Kamus Terpadu Sasambo)
inget,inget,,Sasak Umum,lupa sama sekali,,,Balai Bahasa Provinsi NTB (Kamus Terpadu Sasambo)
iroq,iroq,,Sasak Umum,sedih sekali; pilu,,,Balai Bahasa Provinsi NTB (Kamus Terpadu Sasambo)
isin,isin,,Sasak Umum,penghuni hutan,,,Balai Bahasa Provinsi NTB (Kamus Terpadu Sasambo)
jangan,jangan,,Sasak Umum,sayur ares,,,Balai Bahasa Provinsi NTB (Kamus Terpadu Sasambo)
jangan bawi,jangan bawi,,Sasak Umum,daging babi,,,Balai Bahasa Provinsi NTB (Kamus Terpadu Sasambo)
jangan kelaq,jangan kelaq,,Sasak Umum,sayur basi,,,Balai Bahasa Provinsi NTB (Kamus Terpadu Sasambo)
jelo,jelo,,Sasak Umum,(Slp) hari,,,Balai Bahasa Provinsi NTB (Kamus Terpadu Sasambo)
jelo hat,jelo hat,,Sasak Umum,hari ahad,,,Balai Bahasa Provinsi NTB (Kamus Terpadu Sasambo)
jero,jero,,Sasak Umum,wakil keliang dinas yang bertugas antara lain menyampaikan pengumuman kepada warga kampung (desa),,,Balai Bahasa Provinsi NTB (Kamus Terpadu Sasambo)
jol,jol,,Sasak Umum,mual,,,Balai Bahasa Provinsi NTB (Kamus Terpadu Sasambo)
jual,jual,,Sasak Umum,menyewakan sawah hanya satu musim kemarau (6 bulan),,,Balai Bahasa Provinsi NTB (Kamus Terpadu Sasambo)
juaq,juaq,,Sasak Umum,saja,barang siapa; sembarang orang,,Balai Bahasa Provinsi NTB (Kamus Terpadu Sasambo)
julu,julu,,Sasak Umum,ke depan,,,Balai Bahasa Provinsi NTB (Kamus Terpadu Sasambo)
jumadil,jumadil,,Sasak Umum,bulan keenam dalam kalender Islam,,,Balai Bahasa Provinsi NTB (Kamus Terpadu Sasambo)
k(e)abot,kabot,,Sasak Umum,sangat malas,,,Balai Bahasa Provinsi NTB (Kamus Terpadu Sasambo)
k(e)adéng,kadéng,,Sasak Umum,sangat lambat,,,Balai Bahasa Provinsi NTB (Kamus Terpadu Sasambo)
k(e)aget,kaget,,Sasak Umum,sangat untung,,,Balai Bahasa Provinsi NTB (Kamus Terpadu Sasambo)
k(e)aman,kaman,,Sasak Umum,sangat aman,,,Balai Bahasa Provinsi NTB (Kamus Terpadu Sasambo)
k(e)angker,kangker,,Sasak Umum,sangat angker,,,Balai Bahasa Provinsi NTB (Kamus Terpadu Sasambo)
k(e)anyir,kanyir,,Sasak Umum,sangat bosan,,,Balai Bahasa Provinsi NTB (Kamus Terpadu Sasambo)
k(e)apik,kapik,,Sasak Umum,sangat hati-hati; sangat teliti; sangat cermat,,,Balai Bahasa Provinsi NTB (Kamus Terpadu Sasambo)
k(e)asinan,kasinan,,Sasak Umum,terlalu asin,,,Balai Bahasa Provinsi NTB (Kamus Terpadu Sasambo)
kadaq,kadaq,,Sasak Umum,buang air (berak atau kencing),,,Balai Bahasa Provinsi NTB (Kamus Terpadu Sasambo)
kajum-kajuman,kajum-kajuman,,Sasak Umum,agak senang disanjung,,,Balai Bahasa Provinsi NTB (Kamus Terpadu Sasambo)
kajuman,kajuman,,Sasak Umum,senang disanjung,,,Balai Bahasa Provinsi NTB (Kamus Terpadu Sasambo)
kajumin,kajumin,,Sasak Umum,sanjungi,,,Balai Bahasa Provinsi NTB (Kamus Terpadu Sasambo)
kakoq,kakoq,,Sasak Umum,gigit,,,Balai Bahasa Provinsi NTB (Kamus Terpadu Sasambo)
kali,kali,,Sasak Umum,pelangi (di langit bila hujan mau turun,,,Balai Bahasa Provinsi NTB (Kamus Terpadu Sasambo)
kalungin,kalungin,,Sasak Umum,ternaung (sehingga tidak kena sinar),,,Balai Bahasa Provinsi NTB (Kamus Terpadu Sasambo)
kanak,kanak,,Sasak Umum,anak muda,,,Balai Bahasa Provinsi NTB (Kamus Terpadu Sasambo)
kandoq kelaq,kandoq kelaq,,Sasak Umum,sayur bening kacang panjang,,,Balai Bahasa Provinsi NTB (Kamus Terpadu Sasambo)
kangen,kangen,,Sasak Umum,kangeni; sayangi,,,Balai Bahasa Provinsi NTB (Kamus Terpadu Sasambo)
kaniayaq,kaniayaq,,Sasak Umum,dianiaya,,,Balai Bahasa Provinsi NTB (Kamus Terpadu Sasambo)
karang,karang,,Sasak Umum,nama kampung di kota Mataram,,,Balai Bahasa Provinsi NTB (Kamus Terpadu Sasambo)
"karepa(n,g)",karepa(n,,Sasak Umum,maju; ke muka,,,Balai Bahasa Provinsi NTB (Kamus Terpadu Sasambo)
keagungan,keagungan,,Sasak Umum,kebesaran,,,Balai Bahasa Provinsi NTB (Kamus Terpadu Sasambo)
kealiman,kealiman,,Sasak Umum,kealiman,,,Balai Bahasa Provinsi NTB (Kamus Terpadu Sasambo)
keamanan,keamanan,,Sasak Umum,keamanan,,,Balai Bahasa Provinsi NTB (Kamus Terpadu Sasambo)
"keamel, kamel",keamel,,Sasak Umum,gigit lumat,,,Balai Bahasa Provinsi NTB (Kamus Terpadu Sasambo)
kebabas,kebabas,,Sasak Umum,terimbas; terserempet,,,Balai Bahasa Provinsi NTB (Kamus Terpadu Sasambo)
kebagus,kebagus,,Sasak Umum,sangat bagus,,,Balai Bahasa Provinsi NTB (Kamus Terpadu Sasambo)
kebais,kebais,,Sasak Umum,sangat busuk,,,Balai Bahasa Provinsi NTB (Kamus Terpadu Sasambo)
kebalik,kebalik,,Sasak Umum,terbalik,,,Balai Bahasa Provinsi NTB (Kamus Terpadu Sasambo)
"kebalika(n,g)",kebalika(n,,Sasak Umum,balikkan,,,Balai Bahasa Provinsi NTB (Kamus Terpadu Sasambo)
kebandel,kebandel,,Sasak Umum,sangat bandel,,,Balai Bahasa Provinsi NTB (Kamus Terpadu Sasambo)
kebangaq,kebangaq,,Sasak Umum,sangat dungu,,,Balai Bahasa Provinsi NTB (Kamus Terpadu Sasambo)
kebanyaq a,kebanyaq a,,Sasak Umum,sangat banyak,,,Balai Bahasa Provinsi NTB (Kamus Terpadu Sasambo)
kebao,kebao,,Sasak Umum,sangat sejuk,,,Balai Bahasa Provinsi NTB (Kamus Terpadu Sasambo)
"kebawaqa(n,g)",kebawaqa(n,,Sasak Umum,turunkan,,,Balai Bahasa Provinsi NTB (Kamus Terpadu Sasambo)
kebebel,kebebel,,Sasak Umum,sangat bodoh,,,Balai Bahasa Provinsi NTB (Kamus Terpadu Sasambo)
kebecat,kebecat,,Sasak Umum,sangat cepat,,,Balai Bahasa Provinsi NTB (Kamus Terpadu Sasambo)
kebecik,kebecik,,Sasak Umum,sangat kecil,,,Balai Bahasa Provinsi NTB (Kamus Terpadu Sasambo)
kebedah,kebedah,,Sasak Umum,kemasukan pencuri,,,Balai Bahasa Provinsi NTB (Kamus Terpadu Sasambo)
kebedak,kebedak,,Sasak Umum,sangat haus,,,Balai Bahasa Provinsi NTB (Kamus Terpadu Sasambo)
kebedu,kebedu,,Sasak Umum,sangat lamban,,,Balai Bahasa Provinsi NTB (Kamus Terpadu Sasambo)
kebegâ,kebegâ,,Sasak Umum,sangat bodoh,,,Balai Bahasa Provinsi NTB (Kamus Terpadu Sasambo)
kebeket,kebeket,,Sasak Umum,sangat ketat,,,Balai Bahasa Provinsi NTB (Kamus Terpadu Sasambo)
kebelet,kebelet,,Sasak Umum,keberatan; tidak ikhlas,,,Balai Bahasa Provinsi NTB (Kamus Terpadu Sasambo)
"kebelet, kembelet",kebelet,,Sasak Umum,tersendat di kerongkongan; sulit menelan,,,Balai Bahasa Provinsi NTB (Kamus Terpadu Sasambo)
kebeloh,kebeloh,,Sasak Umum,sangat besar (bola mata),,,Balai Bahasa Provinsi NTB (Kamus Terpadu Sasambo)
kebelèq,kebelèq,,Sasak Umum,sangat besar,,,Balai Bahasa Provinsi NTB (Kamus Terpadu Sasambo)
kebelér,kebelér,,Sasak Umum,sangat genit,,,Balai Bahasa Provinsi NTB (Kamus Terpadu Sasambo)
kebèlo,kebèlo,,Sasak Umum,sangat panjang; sangat lama,,,Balai Bahasa Provinsi NTB (Kamus Terpadu Sasambo)
kebébas,kebébas,,Sasak Umum,sangat bebas,,,Balai Bahasa Provinsi NTB (Kamus Terpadu Sasambo)
kebédeng,kebédeng,,Sasak Umum,sangat hitam,,,Balai Bahasa Provinsi NTB (Kamus Terpadu Sasambo)
kebégal,kebégal,,Sasak Umum,terampok,,,Balai Bahasa Provinsi NTB (Kamus Terpadu Sasambo)
"kebégala(n,g)",kebégala(n,,Sasak Umum,kerampokan,,,Balai Bahasa Provinsi NTB (Kamus Terpadu Sasambo)
kebégaq,kebégaq,,Sasak Umum,sangat banyak,,,Balai Bahasa Provinsi NTB (Kamus Terpadu Sasambo)
kebélang,kebélang,,Sasak Umum,sangat binal,,,Balai Bahasa Provinsi NTB (Kamus Terpadu Sasambo)
kebélot,kebélot,,Sasak Umum,sangat cair/lemah,,,Balai Bahasa Provinsi NTB (Kamus Terpadu Sasambo)
kebélék,kebélék,,Sasak Umum,sangat becek/lunak/lemas,,,Balai Bahasa Provinsi NTB (Kamus Terpadu Sasambo)
kejames,kejames,,Sasak Umum,mencuci rambut (kepala) dng santan,,,Balai Bahasa Provinsi NTB (Kamus Terpadu Sasambo)
"kejamesa(n,g)",kejamesa(n,,Sasak Umum,cucikan (rambut),,,Balai Bahasa Provinsi NTB (Kamus Terpadu Sasambo)
kemadèqan,kemadèqan,,Sasak Umum,ketinggalan; tertinggal,,,Balai Bahasa Provinsi NTB (Kamus Terpadu Sasambo)
kemaréqan,kemaréqan,,Sasak Umum,ketinggalan; tertinggal,,,Balai Bahasa Provinsi NTB (Kamus Terpadu Sasambo)
kembalikan,kembalikan,,Sasak Umum,kambuh; kumat,,,Balai Bahasa Provinsi NTB (Kamus Terpadu Sasambo)
kenyamboqan,kenyamboqan,,Sasak Umum,senang menambah,,,Balai Bahasa Provinsi NTB (Kamus Terpadu Sasambo)
kenyampoq,kenyampoq,,Sasak Umum,mau lagi; ingin lagi; masih ingin,,,Balai Bahasa Provinsi NTB (Kamus Terpadu Sasambo)
kenyampoqan,kenyampoqan,,Sasak Umum,mau lagi (terus menerus),,,Balai Bahasa Provinsi NTB (Kamus Terpadu Sasambo)
keradéngang,keradéngang,,Sasak Umum,telat; terlambat,,,Balai Bahasa Provinsi NTB (Kamus Terpadu Sasambo)
keragkat,keragkat,,Sasak Umum,terangkat,,,Balai Bahasa Provinsi NTB (Kamus Terpadu Sasambo)
kerakuan,kerakuan,,Sasak Umum,teraku (sbg milik),,,Balai Bahasa Provinsi NTB (Kamus Terpadu Sasambo)
"kerakuqa(n,g)",kerakuqa(n,,Sasak Umum,terakui (tidak disengaja),,,Balai Bahasa Provinsi NTB (Kamus Terpadu Sasambo)
kerangkatan,kerangkatan,,Sasak Umum,terangkatkan,,,Balai Bahasa Provinsi NTB (Kamus Terpadu Sasambo)
keras,keras,,Sasak Umum,keras kemauan; keras hati,,,Balai Bahasa Provinsi NTB (Kamus Terpadu Sasambo)
kertâ,kertâ,,Sasak Umum,"nama istilah dalam tata bahasa Sasak yang membicarakan tentang pemakaian bahasa itu menurut situasi, tempat, suasana, tingkatan, dan waktunya",,,Balai Bahasa Provinsi NTB (Kamus Terpadu Sasambo)
kerupuk,kerupuk,,Sasak Umum,kerupuk belinjo,,,Balai Bahasa Provinsi NTB (Kamus Terpadu Sasambo)
kerépéq,kerépéq,,Sasak Umum,kerepek dari ubi goreng yg diiris-iris,,,Balai Bahasa Provinsi NTB (Kamus Terpadu Sasambo)
kete,kete,,Sasak Umum,ke sini,,,Balai Bahasa Provinsi NTB (Kamus Terpadu Sasambo)
kitap,kitap,,Sasak Umum,buku Arab,,,Balai Bahasa Provinsi NTB (Kamus Terpadu Sasambo)
kitap ba ta,kitap ba ta,,Sasak Umum,kitab permulaan membaca AlQuran,,,Balai Bahasa Provinsi NTB (Kamus Terpadu Sasambo)
kojor,kojor,,Sasak Umum,keras kepala,,,Balai Bahasa Provinsi NTB (Kamus Terpadu Sasambo)
kontéq,kontéq,,Sasak Umum,pendek leher,,,Balai Bahasa Provinsi NTB (Kamus Terpadu Sasambo)
kulup,kulup,,Sasak Umum,ubi yg dimasak bulat-bulat dng kulitnya,,,Balai Bahasa Provinsi NTB (Kamus Terpadu Sasambo)
kupi,kupi,,Sasak Umum,kopi Bali,,,Balai Bahasa Provinsi NTB (Kamus Terpadu Sasambo)
kurang,kurang,,Sasak Umum,kurang ajar,,,Balai Bahasa Provinsi NTB (Kamus Terpadu Sasambo)
kurmâ,kurmâ,,Sasak Umum,kurma dari Arab,,,Balai Bahasa Provinsi NTB (Kamus Terpadu Sasambo)
képéng,képéng,,Sasak Umum,uang belanja,,,Balai Bahasa Provinsi NTB (Kamus Terpadu Sasambo)
lakar kelambi,lakar kelambi,,Sasak Umum,bakal baju,,,Balai Bahasa Provinsi NTB (Kamus Terpadu Sasambo)
lakar selana,lakar selana,,Sasak Umum,bakal celana,,,Balai Bahasa Provinsi NTB (Kamus Terpadu Sasambo)
lambah,lambah,,Sasak Umum,pagar yg terbuat dr anyaman bambu,,,Balai Bahasa Provinsi NTB (Kamus Terpadu Sasambo)
lampak,lampak,,Sasak Umum,telapak kaki atau telapak tangan,,,Balai Bahasa Provinsi NTB (Kamus Terpadu Sasambo)
lamun ngeno,lamun ngeno,,Sasak Umum,kalau begitu,,,Balai Bahasa Provinsi NTB (Kamus Terpadu Sasambo)
langan aget,langan aget,,Sasak Umum,(Pring) jalan yang baik,,,Balai Bahasa Provinsi NTB (Kamus Terpadu Sasambo)
lempok,lempok,,Sasak Umum,jajan dari ubi,,,Balai Bahasa Provinsi NTB (Kamus Terpadu Sasambo)
lisung geneng,lisung geneng,,Sasak Umum,lesung berdiri yg terbuat dr pangkal pohon kayu,,,Balai Bahasa Provinsi NTB (Kamus Terpadu Sasambo)
lokeng; loking,lokeng,,Sasak Umum,"kulit; pemalut biji (buah, kayu, telur)",,,Balai Bahasa Provinsi NTB (Kamus Terpadu Sasambo)
lolon,lolon,,Sasak Umum,pohon ara,,,Balai Bahasa Provinsi NTB (Kamus Terpadu Sasambo)
lolon/buaq,lolon/buaq,,Sasak Umum,pohon/buah anggur,,,Balai Bahasa Provinsi NTB (Kamus Terpadu Sasambo)
lomar,lomar,,Sasak Umum,bawang muda,,,Balai Bahasa Provinsi NTB (Kamus Terpadu Sasambo)
luèq,luèq,,Sasak Umum,banyak akal,,,Balai Bahasa Provinsi NTB (Kamus Terpadu Sasambo)
lèq,lèq,,Sasak Umum,di atas,,,Balai Bahasa Provinsi NTB (Kamus Terpadu Sasambo)
lékan,lékan,,Sasak Umum,dari bawah,,,Balai Bahasa Provinsi NTB (Kamus Terpadu Sasambo)
léman,léman,,Sasak Umum,dari atas,,,Balai Bahasa Provinsi NTB (Kamus Terpadu Sasambo)
lémaq,lémaq,,Sasak Umum,besok pagi,,,Balai Bahasa Provinsi NTB (Kamus Terpadu Sasambo)
macâ,macâ,,Sasak Umum,membaca,,,Balai Bahasa Provinsi NTB (Kamus Terpadu Sasambo)
madu-aduq,madu-aduq,,Sasak Umum,mengadu domba,,,Balai Bahasa Provinsi NTB (Kamus Terpadu Sasambo)
madèq,madèq,,Sasak Umum,menginap,,,Balai Bahasa Provinsi NTB (Kamus Terpadu Sasambo)
"mait, mbait",mait,,Sasak Umum,mengambil,,,Balai Bahasa Provinsi NTB (Kamus Terpadu Sasambo)
majah,majah,,Sasak Umum,membayar,,,Balai Bahasa Provinsi NTB (Kamus Terpadu Sasambo)
malem,malem,,Sasak Umum,malam minggu,,,Balai Bahasa Provinsi NTB (Kamus Terpadu Sasambo)
"malesa(n,g)",malesa(n,,Sasak Umum,membalas,,,Balai Bahasa Provinsi NTB (Kamus Terpadu Sasambo)
malik,malik,,Sasak Umum,membalik,,,Balai Bahasa Provinsi NTB (Kamus Terpadu Sasambo)
mambis,mambis,,Sasak Umum,benar-benar mirip,,,Balai Bahasa Provinsi NTB (Kamus Terpadu Sasambo)
"mambu, berambu",mambu,,Sasak Umum,ber-bau; punya bau (busuk),,,Balai Bahasa Provinsi NTB (Kamus Terpadu Sasambo)
mambuq,mambuq,,Sasak Umum,berbau,,,Balai Bahasa Provinsi NTB (Kamus Terpadu Sasambo)
mampoh,mampoh,,Sasak Umum,mampu; berpunya; kaya,,,Balai Bahasa Provinsi NTB (Kamus Terpadu Sasambo)
mampér,mampér,,Sasak Umum,mendekat,,,Balai Bahasa Provinsi NTB (Kamus Terpadu Sasambo)
mamâ,mamâ,,Sasak Umum,laki-laki,,,Balai Bahasa Provinsi NTB (Kamus Terpadu Sasambo)
manisan,manisan,,Sasak Umum,madu,,,Balai Bahasa Provinsi NTB (Kamus Terpadu Sasambo)
mantot,mantot,,Sasak Umum,memotong pucuk tanaman,,,Balai Bahasa Provinsi NTB (Kamus Terpadu Sasambo)
manuk,manuk,,Sasak Umum,"sejenis ayam yang besar, jenggernya sedikit; ayam bangkok",,,Balai Bahasa Provinsi NTB (Kamus Terpadu Sasambo)
maréq,maréq,,Sasak Umum,tinggal; menginap,,,Balai Bahasa Provinsi NTB (Kamus Terpadu Sasambo)
matarin,matarin,,Sasak Umum,membuat dasar bangunan rumah,,,Balai Bahasa Provinsi NTB (Kamus Terpadu Sasambo)
mau,mau,,Sasak Umum,memetik,,,Balai Bahasa Provinsi NTB (Kamus Terpadu Sasambo)
mayah,mayah,,Sasak Umum,membayar,,,Balai Bahasa Provinsi NTB (Kamus Terpadu Sasambo)
mbabar,mbabar,,Sasak Umum,memasang babar; dipasangi babar,,,Balai Bahasa Provinsi NTB (Kamus Terpadu Sasambo)
mbabarin,mbabarin,,Sasak Umum,memasangi babar; dipasangi babar,,,Balai Bahasa Provinsi NTB (Kamus Terpadu Sasambo)
mbadèq,mbadèq,,Sasak Umum,menduga; menyangka,,,Balai Bahasa Provinsi NTB (Kamus Terpadu Sasambo)
mbagi,mbagi,,Sasak Umum,membagi,,,Balai Bahasa Provinsi NTB (Kamus Terpadu Sasambo)
"mbagusa(n,g)",mbagusa(n,,Sasak Umum,menjadikan bagus,,,Balai Bahasa Provinsi NTB (Kamus Terpadu Sasambo)
mbagusin,mbagusin,,Sasak Umum,membagusi,,,Balai Bahasa Provinsi NTB (Kamus Terpadu Sasambo)
mbagèqin,mbagèqin,,Sasak Umum,mengasami,,,Balai Bahasa Provinsi NTB (Kamus Terpadu Sasambo)
"mbaita(n,g)",mbaita(n,,Sasak Umum,mengambilkan,,,Balai Bahasa Provinsi NTB (Kamus Terpadu Sasambo)
mbaitin,mbaitin,,Sasak Umum,diambili,,,Balai Bahasa Provinsi NTB (Kamus Terpadu Sasambo)
mbakatin,mbakatin,,Sasak Umum,melukai; dilukai,,,Balai Bahasa Provinsi NTB (Kamus Terpadu Sasambo)
mbalaq,mbalaq,,Sasak Umum,melarang; dilarang,,,Balai Bahasa Provinsi NTB (Kamus Terpadu Sasambo)
"mbalaqa(n,g)",mbalaqa(n,,Sasak Umum,melarang,,,Balai Bahasa Provinsi NTB (Kamus Terpadu Sasambo)
mbales,mbales,,Sasak Umum,membalas; dibalas,,,Balai Bahasa Provinsi NTB (Kamus Terpadu Sasambo)
mbalik,mbalik,,Sasak Umum,membalik; dibalik,,,Balai Bahasa Provinsi NTB (Kamus Terpadu Sasambo)
mbalikin,mbalikin,,Sasak Umum,melawan,,,Balai Bahasa Provinsi NTB (Kamus Terpadu Sasambo)
"mbaluqa(n,g)",mbaluqa(n,,Sasak Umum,menjadikan delapan,,,Balai Bahasa Provinsi NTB (Kamus Terpadu Sasambo)
mbandâ,mbandâ,,Sasak Umum,memuat; menanggung; memikul,,,Balai Bahasa Provinsi NTB (Kamus Terpadu Sasambo)
"mbanggâa(n,g)",mbanggâa(n,,Sasak Umum,membang-gakan,,,Balai Bahasa Provinsi NTB (Kamus Terpadu Sasambo)
"mbangkala(n,g)",mbangkala(n,,Sasak Umum,mendidihkan; dididihkan,,,Balai Bahasa Provinsi NTB (Kamus Terpadu Sasambo)
"mbangkela(n,g)",mbangkela(n,,Sasak Umum,membanting; dibantingkan,,,Balai Bahasa Provinsi NTB (Kamus Terpadu Sasambo)
mbangun,mbangun,,Sasak Umum,membangun,,,Balai Bahasa Provinsi NTB (Kamus Terpadu Sasambo)
mbanjarang,mbanjarang,,Sasak Umum,dileretkan; menderetkan,,,Balai Bahasa Provinsi NTB (Kamus Terpadu Sasambo)
"mbantara(n,g)",mbantara(n,,Sasak Umum,menderetkan; meleretkan,,,Balai Bahasa Provinsi NTB (Kamus Terpadu Sasambo)
mbantel,mbantel,,Sasak Umum,membela; dibela,,,Balai Bahasa Provinsi NTB (Kamus Terpadu Sasambo)
mbantot,mbantot,,Sasak Umum,memotong pucuknya; memecah tulang kemaluan,,,Balai Bahasa Provinsi NTB (Kamus Terpadu Sasambo)
"mbantota(n,g)",mbantota(n,,Sasak Umum,memootongkan pucuknya; memecahkan tulang kemaluan,,,Balai Bahasa Provinsi NTB (Kamus Terpadu Sasambo)
mbantotin,mbantotin,,Sasak Umum,dipotongi pucuk-nya; dipecahi tulang kemaluan,,,Balai Bahasa Provinsi NTB (Kamus Terpadu Sasambo)
mbantu,mbantu,,Sasak Umum,membantu; dibantu,,,Balai Bahasa Provinsi NTB (Kamus Terpadu Sasambo)
"mbaoa(n,g)",mbaoa(n,,Sasak Umum,menaungkan,,,Balai Bahasa Provinsi NTB (Kamus Terpadu Sasambo)
mbaoin,mbaoin,,Sasak Umum,menaungi,,,Balai Bahasa Provinsi NTB (Kamus Terpadu Sasambo)
mbaos,mbaos,,Sasak Umum,berkata,,,Balai Bahasa Provinsi NTB (Kamus Terpadu Sasambo)
mbaqdin,mbaqdin,,Sasak Umum,memberi tahu,,,Balai Bahasa Provinsi NTB (Kamus Terpadu Sasambo)
"mbarenga(n,g)",mbarenga(n,,Sasak Umum,mencampur,,,Balai Bahasa Provinsi NTB (Kamus Terpadu Sasambo)
mbarengin,mbarengin,,Sasak Umum,menemani,,,Balai Bahasa Provinsi NTB (Kamus Terpadu Sasambo)
"mbareta(n,g)",mbareta(n,,Sasak Umum,mengutarakan; memindahkan ke utara,,,Balai Bahasa Provinsi NTB (Kamus Terpadu Sasambo)
"mbarua(n,g)",mbarua(n,,Sasak Umum,menjadikan baru,,,Balai Bahasa Provinsi NTB (Kamus Terpadu Sasambo)
"mbarâa(n,g)",mbarâa(n,,Sasak Umum,kandangkan,,,Balai Bahasa Provinsi NTB (Kamus Terpadu Sasambo)
"mbaréha(n,g)",mbaréha(n,,Sasak Umum,menyuruh menunggu,,,Balai Bahasa Provinsi NTB (Kamus Terpadu Sasambo)
mbasaqin,mbasaqin,,Sasak Umum,membasahi,,,Balai Bahasa Provinsi NTB (Kamus Terpadu Sasambo)
"mbatala(n,g)",mbatala(n,,Sasak Umum,membatalkan,,,Balai Bahasa Provinsi NTB (Kamus Terpadu Sasambo)
mbatesin,mbatesin,,Sasak Umum,membatasi; dibatasi,,,Balai Bahasa Provinsi NTB (Kamus Terpadu Sasambo)
mbatinin,mbatinin,,Sasak Umum,memberikan laba,,,Balai Bahasa Provinsi NTB (Kamus Terpadu Sasambo)
mbaturin,mbaturin,,Sasak Umum,berteman,,,Balai Bahasa Provinsi NTB (Kamus Terpadu Sasambo)
mbatèqin,mbatèqin,,Sasak Umum,dikampak,,,Balai Bahasa Provinsi NTB (Kamus Terpadu Sasambo)
mbau,mbau,,Sasak Umum,memetik; dipetik,,,Balai Bahasa Provinsi NTB (Kamus Terpadu Sasambo)
mbauin,mbauin,,Sasak Umum,memetiki,,,Balai Bahasa Provinsi NTB (Kamus Terpadu Sasambo)
mbaungang,mbaungang,,Sasak Umum,memetikkan,,,Balai Bahasa Provinsi NTB (Kamus Terpadu Sasambo)
mbaur,mbaur,,Sasak Umum,mencampur,,,Balai Bahasa Provinsi NTB (Kamus Terpadu Sasambo)
"mbaura(n,g)",mbaura(n,,Sasak Umum,mencampurkan,,,Balai Bahasa Provinsi NTB (Kamus Terpadu Sasambo)
mbawangin,mbawangin,,Sasak Umum,mencampur dengan bawang merah,,,Balai Bahasa Provinsi NTB (Kamus Terpadu Sasambo)
"mbawaqa(n,g)",mbawaqa(n,,Sasak Umum,direndahkan,,,Balai Bahasa Provinsi NTB (Kamus Terpadu Sasambo)
"mbebeta(n,g)",mbebeta(n,,Sasak Umum,mengikatkan di pinggang,,,Balai Bahasa Provinsi NTB (Kamus Terpadu Sasambo)
mbecatang,mbecatang,,Sasak Umum,mempercepat,,,Balai Bahasa Provinsi NTB (Kamus Terpadu Sasambo)
mbedah,mbedah,,Sasak Umum,dioperasi,,,Balai Bahasa Provinsi NTB (Kamus Terpadu Sasambo)
mbedel,mbedel,,Sasak Umum,dioperasi,,,Balai Bahasa Provinsi NTB (Kamus Terpadu Sasambo)
mbedil,mbedil,,Sasak Umum,ditembak,,,Balai Bahasa Provinsi NTB (Kamus Terpadu Sasambo)
mbegik,mbegik,,Sasak Umum,memasang penyakit ilmu hitam,,,Balai Bahasa Provinsi NTB (Kamus Terpadu Sasambo)
"mbegika(n,g)",mbegika(n,,Sasak Umum,memasangkan ilmu hitam,,,Balai Bahasa Provinsi NTB (Kamus Terpadu Sasambo)
mbejek,mbejek,,Sasak Umum,diremes; dilumat,,,Balai Bahasa Provinsi NTB (Kamus Terpadu Sasambo)
"mbejeka(n,g)",mbejeka(n,,Sasak Umum,diremaskan; dilumatkan,,,Balai Bahasa Provinsi NTB (Kamus Terpadu Sasambo)
"mbeketa(n,g)",mbeketa(n,,Sasak Umum,mengetatkan; menge-ratkan,,,Balai Bahasa Provinsi NTB (Kamus Terpadu Sasambo)
mbelah,mbelah,,Sasak Umum,memecah,,,Balai Bahasa Provinsi NTB (Kamus Terpadu Sasambo)
mbelakbak,mbelakbak,,Sasak Umum,membelenggu; dibe-lenggu,,,Balai Bahasa Provinsi NTB (Kamus Terpadu Sasambo)
"mbelanjâa(n,g)",mbelanjâa(n,,Sasak Umum,membelanja-kan,,,Balai Bahasa Provinsi NTB (Kamus Terpadu Sasambo)
mbelaq,mbelaq,,Sasak Umum,dipecah,,,Balai Bahasa Provinsi NTB (Kamus Terpadu Sasambo)
mbelat,mbelat,,Sasak Umum,dilewati,,,Balai Bahasa Provinsi NTB (Kamus Terpadu Sasambo)
mbelenggu,mbelenggu,,Sasak Umum,membelenggu,,,Balai Bahasa Provinsi NTB (Kamus Terpadu Sasambo)
mbeli,mbeli,,Sasak Umum,membeli; dibeli,,,Balai Bahasa Provinsi NTB (Kamus Terpadu Sasambo)
mbelot,mbelot,,Sasak Umum,ditelan,,,Balai Bahasa Provinsi NTB (Kamus Terpadu Sasambo)
mbelubuk,mbelubuk,,Sasak Umum,membakar; dibakar,,,Balai Bahasa Provinsi NTB (Kamus Terpadu Sasambo)
"mbelèqa(n,g)",mbelèqa(n,,Sasak Umum,membesarkan; dibesarkan,,,Balai Bahasa Provinsi NTB (Kamus Terpadu Sasambo)
mbèkèq,mbèkèq,,Sasak Umum,membawa serta; dibawa serta,,,Balai Bahasa Provinsi NTB (Kamus Terpadu Sasambo)
mbèlâ,mbèlâ,,Sasak Umum,membela; dibela,,,Balai Bahasa Provinsi NTB (Kamus Terpadu Sasambo)
mbèâ,mbèâ,,Sasak Umum,membiayai; menanggung,,,Balai Bahasa Provinsi NTB (Kamus Terpadu Sasambo)
"mbébasa(n,g)",mbébasa(n,,Sasak Umum,membebaskan; dibebaskan,,,Balai Bahasa Provinsi NTB (Kamus Terpadu Sasambo)
"mbébéra(n,g)",mbébéra(n,,Sasak Umum,membeberkan; dibeberkan,,,Balai Bahasa Provinsi NTB (Kamus Terpadu Sasambo)
"mbédenga(n,g)",mbédenga(n,,Sasak Umum,menghitam-kan; dihitamkan,,,Balai Bahasa Provinsi NTB (Kamus Terpadu Sasambo)
mbédengin,mbédengin,,Sasak Umum,menghitami; dihitami,,,Balai Bahasa Provinsi NTB (Kamus Terpadu Sasambo)
mbégal,mbégal,,Sasak Umum,dirampok,,,Balai Bahasa Provinsi NTB (Kamus Terpadu Sasambo)
medil,medil,,Sasak Umum,menembak,,,Balai Bahasa Provinsi NTB (Kamus Terpadu Sasambo)
mejek,mejek,,Sasak Umum,meremas; melumatkan,,,Balai Bahasa Provinsi NTB (Kamus Terpadu Sasambo)
"mekambâ-ambâ, ngambâ-ambâ, nekambâ",mekambâ-ambâ,,Sasak Umum,menjurai-jurai,,,Balai Bahasa Provinsi NTB (Kamus Terpadu Sasambo)
melakbak,melakbak,,Sasak Umum,membelenggu,,,Balai Bahasa Provinsi NTB (Kamus Terpadu Sasambo)
melaq,melaq,,Sasak Umum,memecah,,,Balai Bahasa Provinsi NTB (Kamus Terpadu Sasambo)
"melaqa(n,g)",melaqa(n,,Sasak Umum,memecahkan,,,Balai Bahasa Provinsi NTB (Kamus Terpadu Sasambo)
meler,meler,,Sasak Umum,memandang; melotot,,,Balai Bahasa Provinsi NTB (Kamus Terpadu Sasambo)
meli,meli,,Sasak Umum,membeli,,,Balai Bahasa Provinsi NTB (Kamus Terpadu Sasambo)
"melia(n,g)",melia(n,,Sasak Umum,membelikan,,,Balai Bahasa Provinsi NTB (Kamus Terpadu Sasambo)
memalik,memalik,,Sasak Umum,membalik,,,Balai Bahasa Provinsi NTB (Kamus Terpadu Sasambo)
memayah,memayah,,Sasak Umum,membayar,,,Balai Bahasa Provinsi NTB (Kamus Terpadu Sasambo)
memedah,memedah,,Sasak Umum,membongkar/ memasuki rumah dengan jalan melubangi tembok,,,Balai Bahasa Provinsi NTB (Kamus Terpadu Sasambo)
memedil,memedil,,Sasak Umum,menembak,,,Balai Bahasa Provinsi NTB (Kamus Terpadu Sasambo)
memeler,memeler,,Sasak Umum,memandang,,,Balai Bahasa Provinsi NTB (Kamus Terpadu Sasambo)
memeli,memeli,,Sasak Umum,membeli,,,Balai Bahasa Provinsi NTB (Kamus Terpadu Sasambo)
"memelota(n,g)",memelota(n,,Sasak Umum,menelan,,,Balai Bahasa Provinsi NTB (Kamus Terpadu Sasambo)
mengamâ,mengamâ,,Sasak Umum,bersifat (menu-runkan sifat) ayah,,,Balai Bahasa Provinsi NTB (Kamus Terpadu Sasambo)
meraduq-aduq,meraduq-aduq,,Sasak Umum,mengadu-ngadu; (sering) mengadu,,,Balai Bahasa Provinsi NTB (Kamus Terpadu Sasambo)
"meraiq, meraiqa(n,g)",meraiq,,Sasak Umum,mengairi,,,Balai Bahasa Provinsi NTB (Kamus Terpadu Sasambo)
"merakona(n,g)",merakona(n,,Sasak Umum,menyerahkan anak kpd orang lain untuk menjadi anak angkat orang itu,,,Balai Bahasa Provinsi NTB (Kamus Terpadu Sasambo)
meramaqin,meramaqin,,Sasak Umum,berlaku sbg ayah/suami (bukan sungguhan),,,Balai Bahasa Provinsi NTB (Kamus Terpadu Sasambo)
meramâin,meramâin,,Sasak Umum,menjantani,,,Balai Bahasa Provinsi NTB (Kamus Terpadu Sasambo)
mèjâ,mèjâ,,Sasak Umum,meja berat (berat untuk diangkat),,,Balai Bahasa Provinsi NTB (Kamus Terpadu Sasambo)
mètâ,mètâ,,Sasak Umum,mencari penyakit ilmu hitam,,,Balai Bahasa Provinsi NTB (Kamus Terpadu Sasambo)
"mébasa(n,g)",mébasa(n,,Sasak Umum,membebaskan,,,Balai Bahasa Provinsi NTB (Kamus Terpadu Sasambo)
"mébéra(n,g)",mébéra(n,,Sasak Umum,membeberkan,,,Balai Bahasa Provinsi NTB (Kamus Terpadu Sasambo)
mégal,mégal,,Sasak Umum,merampok,,,Balai Bahasa Provinsi NTB (Kamus Terpadu Sasambo)
nabas,nabas,,Sasak Umum,memipihkan dengan halus (kayu),,,Balai Bahasa Provinsi NTB (Kamus Terpadu Sasambo)
"nampat, tampat",nampat,,Sasak Umum,mendangkal,,,Balai Bahasa Provinsi NTB (Kamus Terpadu Sasambo)
nampet,nampet,,Sasak Umum,menutup (dng pasir atau tanah),,,Balai Bahasa Provinsi NTB (Kamus Terpadu Sasambo)
nampetin,nampetin,,Sasak Umum,menutupi (dng tanah),,,Balai Bahasa Provinsi NTB (Kamus Terpadu Sasambo)
nanggor,nanggor,,Sasak Umum,memanggil,,,Balai Bahasa Provinsi NTB (Kamus Terpadu Sasambo)
nasiq,nasiq,,Sasak Umum,nasi basi,,,Balai Bahasa Provinsi NTB (Kamus Terpadu Sasambo)
ndaiq,ndaiq,,Sasak Umum,mengambil air,,,Balai Bahasa Provinsi NTB (Kamus Terpadu Sasambo)
ngaban,ngaban,,Sasak Umum,(tempat) paling muka,,,Balai Bahasa Provinsi NTB (Kamus Terpadu Sasambo)
ngabek,ngabek,,Sasak Umum,menarik (sesuatu benda),,,Balai Bahasa Provinsi NTB (Kamus Terpadu Sasambo)
ngaben,ngaben,,Sasak Umum,melempar,,,Balai Bahasa Provinsi NTB (Kamus Terpadu Sasambo)
"ngabena(n,g)",ngabena(n,,Sasak Umum,melemparkan,,,Balai Bahasa Provinsi NTB (Kamus Terpadu Sasambo)
ngabih,ngabih,,Sasak Umum,mendampingi; mengawal,,,Balai Bahasa Provinsi NTB (Kamus Terpadu Sasambo)
ngabut,ngabut,,Sasak Umum,mencabut,,,Balai Bahasa Provinsi NTB (Kamus Terpadu Sasambo)
ngaci-aci,ngaci-aci,,Sasak Umum,melakukan upacara pengambilan air suci ke tempat mata air,,,Balai Bahasa Provinsi NTB (Kamus Terpadu Sasambo)
"ngadala(n,g)",ngadala(n,,Sasak Umum,mengembunkan,,,Balai Bahasa Provinsi NTB (Kamus Terpadu Sasambo)
ngadalin,ngadalin,,Sasak Umum,mengembuni,,,Balai Bahasa Provinsi NTB (Kamus Terpadu Sasambo)
ngadang,ngadang,,Sasak Umum,menghadang,,,Balai Bahasa Provinsi NTB (Kamus Terpadu Sasambo)
ngadas,ngadas,,Sasak Umum,mengadas ternak orang lain,,,Balai Bahasa Provinsi NTB (Kamus Terpadu Sasambo)
"ngadasa(n,g)",ngadasa(n,,Sasak Umum,memberi orang lain ngadas; mengadaskan,,,Balai Bahasa Provinsi NTB (Kamus Terpadu Sasambo)
ngadilin,ngadilin,,Sasak Umum,mengadili,,,Balai Bahasa Provinsi NTB (Kamus Terpadu Sasambo)
"ngadok, ngadoka(n,g)",ngadok,,Sasak Umum,me-ngadukan,,,Balai Bahasa Provinsi NTB (Kamus Terpadu Sasambo)
"ngadoka(n,g)",ngadoka(n,,Sasak Umum,memperagakan,,,Balai Bahasa Provinsi NTB (Kamus Terpadu Sasambo)
ngadon,ngadon,,Sasak Umum,memelihara dan mengatur,,,Balai Bahasa Provinsi NTB (Kamus Terpadu Sasambo)
"ngadona(n,g)",ngadona(n,,Sasak Umum,mengerjakan,,,Balai Bahasa Provinsi NTB (Kamus Terpadu Sasambo)
"ngadua(n,g)",ngadua(n,,Sasak Umum,mengadukan,,,Balai Bahasa Provinsi NTB (Kamus Terpadu Sasambo)
ngaduk,ngaduk,,Sasak Umum,mengaduk,,,Balai Bahasa Provinsi NTB (Kamus Terpadu Sasambo)
"ngadénga(n,g)",ngadénga(n,,Sasak Umum,melambat; semakin lambat,,,Balai Bahasa Provinsi NTB (Kamus Terpadu Sasambo)
ngagiq,ngagiq,,Sasak Umum,menyendok,,,Balai Bahasa Provinsi NTB (Kamus Terpadu Sasambo)
"ngagiqa(n,g)",ngagiqa(n,,Sasak Umum,menyendokkan,,,Balai Bahasa Provinsi NTB (Kamus Terpadu Sasambo)
"ngagola(n,g)",ngagola(n,,Sasak Umum,melagukan,,,Balai Bahasa Provinsi NTB (Kamus Terpadu Sasambo)
ngagum,ngagum,,Sasak Umum,mengkelaim sbg pemilik sesuatu,,,Balai Bahasa Provinsi NTB (Kamus Terpadu Sasambo)
ngagun,ngagun,,Sasak Umum,menyewa,,,Balai Bahasa Provinsi NTB (Kamus Terpadu Sasambo)
ngajah,ngajah,,Sasak Umum,mengajar,,,Balai Bahasa Provinsi NTB (Kamus Terpadu Sasambo)
"ngajaha(n,g)",ngajaha(n,,Sasak Umum,mengajar; memberi pengajaran,,,Balai Bahasa Provinsi NTB (Kamus Terpadu Sasambo)
ngajak-ngajakin,ngajak-ngajakin,,Sasak Umum,memancing lawan dgn melangkah maju-mundur,,,Balai Bahasa Provinsi NTB (Kamus Terpadu Sasambo)
"ngajaq-ngajaqa(n,g)",ngajaq-ngajaqa(n,,Sasak Umum,mem-bohongi,,,Balai Bahasa Provinsi NTB (Kamus Terpadu Sasambo)
"ngajaqa(n,g), ngajaq-ngajaqa(n,g)",ngajaqa(n,,Sasak Umum,berbohong,,,Balai Bahasa Provinsi NTB (Kamus Terpadu Sasambo)
ngajar,ngajar,,Sasak Umum,menjadikan tali kail tegang,,,Balai Bahasa Provinsi NTB (Kamus Terpadu Sasambo)
"ngajara(n,g)",ngajara(n,,Sasak Umum,menegangkan/ mengendalikan (ikan yang terkena mata kail),,,Balai Bahasa Provinsi NTB (Kamus Terpadu Sasambo)
ngaji,ngaji,,Sasak Umum,membaca Alquran,,,Balai Bahasa Provinsi NTB (Kamus Terpadu Sasambo)
"ngajong, ngajonga(n,g)",ngajong,,Sasak Umum,me-megang suatu benda dengan berajong,,,Balai Bahasa Provinsi NTB (Kamus Terpadu Sasambo)
ngajum,ngajum,,Sasak Umum,menyanjung,,,Balai Bahasa Provinsi NTB (Kamus Terpadu Sasambo)
"ngajur, nganjura(n,g)",ngajur,,Sasak Umum,menganjurkan; mendorong,,,Balai Bahasa Provinsi NTB (Kamus Terpadu Sasambo)
"ngakal-akala(n,g)",ngakal-akala(n,,Sasak Umum,mengakal-akalkan,,,Balai Bahasa Provinsi NTB (Kamus Terpadu Sasambo)
"ngakala(n,g)",ngakala(n,,Sasak Umum,mengakalkan,,,Balai Bahasa Provinsi NTB (Kamus Terpadu Sasambo)
ngakalin,ngakalin,,Sasak Umum,mengakali,,,Balai Bahasa Provinsi NTB (Kamus Terpadu Sasambo)
"ngakata(n,g)",ngakata(n,,Sasak Umum,mengakadkan,,,Balai Bahasa Provinsi NTB (Kamus Terpadu Sasambo)
ngakon,ngakon,,Sasak Umum,"mengangkat orang lain sbg anak, saudara, ayah, ibu, nenek atau kakek sendiri",,,Balai Bahasa Provinsi NTB (Kamus Terpadu Sasambo)
"ngakora(n,g)",ngakora(n,,Sasak Umum,mengakurkan,,,Balai Bahasa Provinsi NTB (Kamus Terpadu Sasambo)
ngaksi,ngaksi,,Sasak Umum,beraksi,,,Balai Bahasa Provinsi NTB (Kamus Terpadu Sasambo)
ngaku,ngaku,,Sasak Umum,mengaku (pernah berbuat sesuatu),,,Balai Bahasa Provinsi NTB (Kamus Terpadu Sasambo)
ngakuq,ngakuq,,Sasak Umum,mengkelaim barang orang lain sbg miliknya,,,Balai Bahasa Provinsi NTB (Kamus Terpadu Sasambo)
"ngalala(n,g)",ngalala(n,,Sasak Umum,menghalalkan,,,Balai Bahasa Provinsi NTB (Kamus Terpadu Sasambo)
ngalangin,ngalangin,,Sasak Umum,menghalangi,,,Balai Bahasa Provinsi NTB (Kamus Terpadu Sasambo)
ngalap,ngalap,,Sasak Umum,nama tenunan,,,Balai Bahasa Provinsi NTB (Kamus Terpadu Sasambo)
ngalar,ngalar,,Sasak Umum,membaca tanpa mengeja,,,Balai Bahasa Provinsi NTB (Kamus Terpadu Sasambo)
ngaleh-alehang,ngaleh-alehang,,Sasak Umum,"mencari-cari hal (supaya orang jengkel, marah, dll)",,,Balai Bahasa Provinsi NTB (Kamus Terpadu Sasambo)
"ngalema(n,g)",ngalema(n,,Sasak Umum,mencurigakan,,,Balai Bahasa Provinsi NTB (Kamus Terpadu Sasambo)
ngalesan,ngalesan,,Sasak Umum,agak lentur,,,Balai Bahasa Provinsi NTB (Kamus Terpadu Sasambo)
ngalialahin,ngalialahin,,Sasak Umum,menimbulkan gambar seperti pelangi,,,Balai Bahasa Provinsi NTB (Kamus Terpadu Sasambo)
"ngaling-alinga(n,g)",ngaling-alinga(n,,Sasak Umum,mengering-ngeringkan,,,Balai Bahasa Provinsi NTB (Kamus Terpadu Sasambo)
"ngaloka(n,g)",ngaloka(n,,Sasak Umum,menganjurkan,,,Balai Bahasa Provinsi NTB (Kamus Terpadu Sasambo)
"ngalona(n,g)",ngalona(n,,Sasak Umum,melambankan,,,Balai Bahasa Provinsi NTB (Kamus Terpadu Sasambo)
ngalongin,ngalongin,,Sasak Umum,mengurangi,,,Balai Bahasa Provinsi NTB (Kamus Terpadu Sasambo)
ngalu,ngalu,,Sasak Umum,menyongsong; menjemput,,,Balai Bahasa Provinsi NTB (Kamus Terpadu Sasambo)
ngalu (By),ngalu,,Sasak Umum,"upacara menyongsong air suci untuk upacara atau ritual adat hitanan, potong rambut, dan lain-lain ke tempat mata air yang dianggap suci",,,Balai Bahasa Provinsi NTB (Kamus Terpadu Sasambo)
"ngaluha(n,g)",ngaluha(n,,Sasak Umum,memperlahan-kan,,,Balai Bahasa Provinsi NTB (Kamus Terpadu Sasambo)
ngalung,ngalung,,Sasak Umum,menjurai (menjadikan sesuatu menjadi teduh),,,Balai Bahasa Provinsi NTB (Kamus Terpadu Sasambo)
ngalungin,ngalungin,,Sasak Umum,menaungi,,,Balai Bahasa Provinsi NTB (Kamus Terpadu Sasambo)
"ngalura(n,g)",ngalura(n,,Sasak Umum,membiarkan,,,Balai Bahasa Provinsi NTB (Kamus Terpadu Sasambo)
"ngalusa(n,g)",ngalusa(n,,Sasak Umum,memperhalus,,,Balai Bahasa Provinsi NTB (Kamus Terpadu Sasambo)
ngaléh,ngaléh,,Sasak Umum,pindah,,,Balai Bahasa Provinsi NTB (Kamus Terpadu Sasambo)
ngaléh-aléh,ngaléh-aléh,,Sasak Umum,memindah-mindahkan,,,Balai Bahasa Provinsi NTB (Kamus Terpadu Sasambo)
ngamah,ngamah,,Sasak Umum,memakan,,,Balai Bahasa Provinsi NTB (Kamus Terpadu Sasambo)
"ngamala(n,g)",ngamala(n,,Sasak Umum,mengamalkan,,,Balai Bahasa Provinsi NTB (Kamus Terpadu Sasambo)
"ngamana(n,g)",ngamana(n,,Sasak Umum,mengamankan,,,Balai Bahasa Provinsi NTB (Kamus Terpadu Sasambo)
"ngamanata(n,g)",ngamanata(n,,Sasak Umum,meng-amanatkan,,,Balai Bahasa Provinsi NTB (Kamus Terpadu Sasambo)
ngamarin,ngamarin,,Sasak Umum,pergi mengamari (orang lain),,,Balai Bahasa Provinsi NTB (Kamus Terpadu Sasambo)
ngamasin,ngamasin,,Sasak Umum,membela,,,Balai Bahasa Provinsi NTB (Kamus Terpadu Sasambo)
ngambal,ngambal,,Sasak Umum,memberondong dng bergandengan tangan,,,Balai Bahasa Provinsi NTB (Kamus Terpadu Sasambo)
ngambar,ngambar,,Sasak Umum,bebas; mengembara,,,Balai Bahasa Provinsi NTB (Kamus Terpadu Sasambo)
ngambel,ngambel,,Sasak Umum,mengikat (padi),,,Balai Bahasa Provinsi NTB (Kamus Terpadu Sasambo)
ngamben,ngamben,,Sasak Umum,memberondong (dng tali),,,Balai Bahasa Provinsi NTB (Kamus Terpadu Sasambo)
ngambeng,ngambeng,,Sasak Umum,memborong,,,Balai Bahasa Provinsi NTB (Kamus Terpadu Sasambo)
"ngambilang, nyambila(n,g)",ngambilang,,Sasak Umum,menyambilkan (bekerja sam-pingan),,,Balai Bahasa Provinsi NTB (Kamus Terpadu Sasambo)
ngambisin,ngambisin,,Sasak Umum,membersihkan (pematang sawah) dng pacul pd sisinya,,,Balai Bahasa Provinsi NTB (Kamus Terpadu Sasambo)
ngambongin,ngambongin,,Sasak Umum,menyerati kulit atau daun dng cara menumbuk pakai kayu atau kayu,,,Balai Bahasa Provinsi NTB (Kamus Terpadu Sasambo)
ngambul,ngambul,,Sasak Umum,memberikan; mengizinkan (dng marah tanpa keikhlasan),,,Balai Bahasa Provinsi NTB (Kamus Terpadu Sasambo)
ngambuq,ngambuq,,Sasak Umum,mencium (bau),,,Balai Bahasa Provinsi NTB (Kamus Terpadu Sasambo)
"ngambur, ngambur-ambur",ngambur,,Sasak Umum,meluap-luap (nyala api),,,Balai Bahasa Provinsi NTB (Kamus Terpadu Sasambo)
"ngambura(n,g)",ngambura(n,,Sasak Umum,mengham-burkan,,,Balai Bahasa Provinsi NTB (Kamus Terpadu Sasambo)
ngambè,ngambè,,Sasak Umum,mengaminkan,,,Balai Bahasa Provinsi NTB (Kamus Terpadu Sasambo)
ngambés,ngambés,,Sasak Umum,menyerempet,,,Balai Bahasa Provinsi NTB (Kamus Terpadu Sasambo)
ngameng-ameng,ngameng-ameng,,Sasak Umum,memakan lumat; melumatkan,,,Balai Bahasa Provinsi NTB (Kamus Terpadu Sasambo)
ngamer,ngamer,,Sasak Umum,menghantam,,,Balai Bahasa Provinsi NTB (Kamus Terpadu Sasambo)
"ngamera(n,g)",ngamera(n,,Sasak Umum,menghantamkan,,,Balai Bahasa Provinsi NTB (Kamus Terpadu Sasambo)
ngames,ngames,,Sasak Umum,meremas; membuat santan,,,Balai Bahasa Provinsi NTB (Kamus Terpadu Sasambo)
"ngamesa(n,g)",ngamesa(n,,Sasak Umum,meremaskan,,,Balai Bahasa Provinsi NTB (Kamus Terpadu Sasambo)
ngamet,ngamet,,Sasak Umum,melempar,,,Balai Bahasa Provinsi NTB (Kamus Terpadu Sasambo)
ngamil,ngamil,,Sasak Umum,(bertindak sebagai) panitia (pengumpul dan pembagi zakat),,,Balai Bahasa Provinsi NTB (Kamus Terpadu Sasambo)
ngamin,ngamin,,Sasak Umum,mengucapkan amin; mengamin,,,Balai Bahasa Provinsi NTB (Kamus Terpadu Sasambo)
"ngamina(n,g)",ngamina(n,,Sasak Umum,mengaminkan,,,Balai Bahasa Provinsi NTB (Kamus Terpadu Sasambo)
ngamok,ngamok,,Sasak Umum,meremas,,,Balai Bahasa Provinsi NTB (Kamus Terpadu Sasambo)
ngamong,ngamong,,Sasak Umum,memelihara,,,Balai Bahasa Provinsi NTB (Kamus Terpadu Sasambo)
ngamongin,ngamongin,,Sasak Umum,memelihara,,,Balai Bahasa Provinsi NTB (Kamus Terpadu Sasambo)
ngampah-ampah,ngampah-ampah,,Sasak Umum,tidak menghormati,,,Balai Bahasa Provinsi NTB (Kamus Terpadu Sasambo)
"ngampaha(n,g)",ngampaha(n,,Sasak Umum,meremehkan: bertindak kurang waspada,,,Balai Bahasa Provinsi NTB (Kamus Terpadu Sasambo)
ngampak,ngampak,,Sasak Umum,menginjakkan kaki,,,Balai Bahasa Provinsi NTB (Kamus Terpadu Sasambo)
ngampar,ngampar,,Sasak Umum,menyebarkan bibit pada persemaian,,,Balai Bahasa Provinsi NTB (Kamus Terpadu Sasambo)
ngampes,ngampes,,Sasak Umum,menghantam,,,Balai Bahasa Provinsi NTB (Kamus Terpadu Sasambo)
"ngampesa(n,g)",ngampesa(n,,Sasak Umum,melampiaskan,,,Balai Bahasa Provinsi NTB (Kamus Terpadu Sasambo)
ngampet,ngampet,,Sasak Umum,menutup,,,Balai Bahasa Provinsi NTB (Kamus Terpadu Sasambo)
ngampetin,ngampetin,,Sasak Umum,menutupi,,,Balai Bahasa Provinsi NTB (Kamus Terpadu Sasambo)
"ngampia(n,g)",ngampia(n,,Sasak Umum,menyisihkan,,,Balai Bahasa Provinsi NTB (Kamus Terpadu Sasambo)
ngampik,ngampik,,Sasak Umum,membuat teras,,,Balai Bahasa Provinsi NTB (Kamus Terpadu Sasambo)
ngampikin,ngampikin,,Sasak Umum,membuatkan teras,,,Balai Bahasa Provinsi NTB (Kamus Terpadu Sasambo)
ngampil,ngampil,,Sasak Umum,membuat gulungan sirih,,,Balai Bahasa Provinsi NTB (Kamus Terpadu Sasambo)
ngampir,ngampir,,Sasak Umum,mendekat,,,Balai Bahasa Provinsi NTB (Kamus Terpadu Sasambo)
ngampokin,ngampokin,,Sasak Umum,menggemboki; mengunci,,,Balai Bahasa Provinsi NTB (Kamus Terpadu Sasambo)
ngampukin,ngampukin,,Sasak Umum,membubuhi warna violet,,,Balai Bahasa Provinsi NTB (Kamus Terpadu Sasambo)
"ngampuna(n,g)",ngampuna(n,,Sasak Umum,memberikan maaf,,,Balai Bahasa Provinsi NTB (Kamus Terpadu Sasambo)
ngampung-ampung,ngampung-ampung,,Sasak Umum,meng-gantung,,,Balai Bahasa Provinsi NTB (Kamus Terpadu Sasambo)
ngampurâ,ngampurâ,,Sasak Umum,"menyampaikan permohonan ampun, dilakukan oleh penganten kepada orang tuanya waktu acara adat nyongkolan perkawinan suku Sasak",,,Balai Bahasa Provinsi NTB (Kamus Terpadu Sasambo)
ngampét,ngampét,,Sasak Umum,mengipas(i),,,Balai Bahasa Provinsi NTB (Kamus Terpadu Sasambo)
"ngampéta(n,g)",ngampéta(n,,Sasak Umum,mengipaskan,,,Balai Bahasa Provinsi NTB (Kamus Terpadu Sasambo)
ngamuk,ngamuk,,Sasak Umum,mengamuk,,,Balai Bahasa Provinsi NTB (Kamus Terpadu Sasambo)
nganak,nganak,,Sasak Umum,melahirkan,,,Balai Bahasa Provinsi NTB (Kamus Terpadu Sasambo)
ngancot,ngancot,,Sasak Umum,bersenggama,,,Balai Bahasa Provinsi NTB (Kamus Terpadu Sasambo)
ngandang,ngandang,,Sasak Umum,menghadap ke makanan dng posisi duduk bersila,,,Balai Bahasa Provinsi NTB (Kamus Terpadu Sasambo)
ngandangin,ngandangin,,Sasak Umum,menghadap ke,,,Balai Bahasa Provinsi NTB (Kamus Terpadu Sasambo)
ngandar,ngandar,,Sasak Umum,mengarah ke,,,Balai Bahasa Provinsi NTB (Kamus Terpadu Sasambo)
ngandek,ngandek,,Sasak Umum,menahan,,,Balai Bahasa Provinsi NTB (Kamus Terpadu Sasambo)
"ngandeka(n,g)",ngandeka(n,,Sasak Umum,menahankan,,,Balai Bahasa Provinsi NTB (Kamus Terpadu Sasambo)
"ngandela(n,g)",ngandela(n,,Sasak Umum,mengandalkan; mengharapkan,,,Balai Bahasa Provinsi NTB (Kamus Terpadu Sasambo)
ngandikâ,ngandikâ,,Sasak Umum,berkata,,,Balai Bahasa Provinsi NTB (Kamus Terpadu Sasambo)
"ngandikâa(n,g)",ngandikâa(n,,Sasak Umum,mengatakan,,,Balai Bahasa Provinsi NTB (Kamus Terpadu Sasambo)
"ngandonga(n,g)",ngandonga(n,,Sasak Umum,membawa dng dokar,,,Balai Bahasa Provinsi NTB (Kamus Terpadu Sasambo)
ngandongan,ngandongan,,Sasak Umum,"mengadakan upacara taun alip setiap sewindu yaitu pada taun alip, upacara dipusatkan di kampung Bayan Agung di Bayan Timuq Orong dng dipimpin oleh Pemangku Bayan Agung",,,Balai Bahasa Provinsi NTB (Kamus Terpadu Sasambo)
ngandos,ngandos,,Sasak Umum,menyerempet; menyentuh,,,Balai Bahasa Provinsi NTB (Kamus Terpadu Sasambo)
ngandukin,ngandukin,,Sasak Umum,menghanduki,,,Balai Bahasa Provinsi NTB (Kamus Terpadu Sasambo)
"ngandèa(n,g)",ngandèa(n,,Sasak Umum,mengandaikan,,,Balai Bahasa Provinsi NTB (Kamus Terpadu Sasambo)
ngangas,ngangas,,Sasak Umum,menengadah,,,Balai Bahasa Provinsi NTB (Kamus Terpadu Sasambo)
"ngangasa(n,g)",ngangasa(n,,Sasak Umum,lebih mene-ngadah,,,Balai Bahasa Provinsi NTB (Kamus Terpadu Sasambo)
ngangen,ngangen,,Sasak Umum,mencintai; menyayangi,,,Balai Bahasa Provinsi NTB (Kamus Terpadu Sasambo)
"ngangena(n,g)",ngangena(n,,Sasak Umum,menyayangi,,,Balai Bahasa Provinsi NTB (Kamus Terpadu Sasambo)
ngangetin,ngangetin,,Sasak Umum,menghangati,,,Balai Bahasa Provinsi NTB (Kamus Terpadu Sasambo)
"nganggara(n,g)",nganggara(n,,Sasak Umum,merencana-kan,,,Balai Bahasa Provinsi NTB (Kamus Terpadu Sasambo)
nganggep,nganggep,,Sasak Umum,menganggap,,,Balai Bahasa Provinsi NTB (Kamus Terpadu Sasambo)
"nganggopa(n,g)",nganggopa(n,,Sasak Umum,membuat orang menjadi kalah hawa,,,Balai Bahasa Provinsi NTB (Kamus Terpadu Sasambo)
nganggoq,nganggoq,,Sasak Umum,mengangguk,,,Balai Bahasa Provinsi NTB (Kamus Terpadu Sasambo)
"nganggoqa(n,g)",nganggoqa(n,,Sasak Umum,menganggukkan,,,Balai Bahasa Provinsi NTB (Kamus Terpadu Sasambo)
ngangguq,ngangguq,,Sasak Umum,mengangguk (tanda setuju),,,Balai Bahasa Provinsi NTB (Kamus Terpadu Sasambo)
nganggur,nganggur,,Sasak Umum,tidak bekerja; tidak ada kegiatan; menganggur,,,Balai Bahasa Provinsi NTB (Kamus Terpadu Sasambo)
ngangkang,ngangkang,,Sasak Umum,membuka lebar kaki saat berdiri (duduk),,,Balai Bahasa Provinsi NTB (Kamus Terpadu Sasambo)
ngangkat,ngangkat,,Sasak Umum,mengangkat,,,Balai Bahasa Provinsi NTB (Kamus Terpadu Sasambo)
"ngangkata(n,g)",ngangkata(n,,Sasak Umum,"mengangkat-kan (utang barang, dll)",,,Balai Bahasa Provinsi NTB (Kamus Terpadu Sasambo)
ngangkon,ngangkon,,Sasak Umum,mengangkat anak,,,Balai Bahasa Provinsi NTB (Kamus Terpadu Sasambo)
"ngangkos-angkos, ngengkos-engkos",ngangkos-angkos,,Sasak Umum,bernafas terengah-engah karena kelelahan,,,Balai Bahasa Provinsi NTB (Kamus Terpadu Sasambo)
ngangkot,ngangkot,,Sasak Umum,megap-megap (nafas),,,Balai Bahasa Provinsi NTB (Kamus Terpadu Sasambo)
ngangkot-angkot,ngangkot-angkot,,Sasak Umum,terengah-engah nafasnya,,,Balai Bahasa Provinsi NTB (Kamus Terpadu Sasambo)
ngangkus,ngangkus,,Sasak Umum,membaui dengan suara hidung ”us-us”,,,Balai Bahasa Provinsi NTB (Kamus Terpadu Sasambo)
ngangkut,ngangkut,,Sasak Umum,mengangkut; mengangkat,,,Balai Bahasa Provinsi NTB (Kamus Terpadu Sasambo)
"ngangsela(n,g)",ngangsela(n,,Sasak Umum,menarik napas,,,Balai Bahasa Provinsi NTB (Kamus Terpadu Sasambo)
ngangsuh,ngangsuh,,Sasak Umum,mengangsur; mencicil,,,Balai Bahasa Provinsi NTB (Kamus Terpadu Sasambo)
ngangsul,ngangsul,,Sasak Umum,menyusuk,,,Balai Bahasa Provinsi NTB (Kamus Terpadu Sasambo)
ngangét,ngangét,,Sasak Umum,mengunyah,,,Balai Bahasa Provinsi NTB (Kamus Terpadu Sasambo)
"ngangéta(n,g)",ngangéta(n,,Sasak Umum,mengunyahkan,,,Balai Bahasa Provinsi NTB (Kamus Terpadu Sasambo)
nganiayaq,nganiayaq,,Sasak Umum,menganiaya,,,Balai Bahasa Provinsi NTB (Kamus Terpadu Sasambo)
nganjar,nganjar,,Sasak Umum,menebar; menyebar,,,Balai Bahasa Provinsi NTB (Kamus Terpadu Sasambo)
"nganjara(n,g)",nganjara(n,,Sasak Umum,menebarkan; menyebarkan,,,Balai Bahasa Provinsi NTB (Kamus Terpadu Sasambo)
"nganjeka(n,g)",nganjeka(n,,Sasak Umum,menegakkan; menancapkan; mendorong,,,Balai Bahasa Provinsi NTB (Kamus Terpadu Sasambo)
nganjeng,nganjeng,,Sasak Umum,berdiri,,,Balai Bahasa Provinsi NTB (Kamus Terpadu Sasambo)
nganjeng maraq,nganjeng maraq,,Sasak Umum,berdiri seperti huruf alif (maksudnya berdiri tegak tanpa bergerak krn malu sbg suatu hukuman),,,Balai Bahasa Provinsi NTB (Kamus Terpadu Sasambo)
"nganjenga(n,g)",nganjenga(n,,Sasak Umum,mendirikan; menegakkan,,,Balai Bahasa Provinsi NTB (Kamus Terpadu Sasambo)
"nganjoka(n,g)",nganjoka(n,,Sasak Umum,memberi dorongan,,,Balai Bahasa Provinsi NTB (Kamus Terpadu Sasambo)
"nganjur-anjura(n,g)",nganjur-anjura(n,,Sasak Umum,meng-anjur-anjurkan,,,Balai Bahasa Provinsi NTB (Kamus Terpadu Sasambo)
"nganjura(n,g)",nganjura(n,,Sasak Umum,menganjurkan,,,Balai Bahasa Provinsi NTB (Kamus Terpadu Sasambo)
ngano; sengano,ngano,,Sasak Umum,sehari,,,Balai Bahasa Provinsi NTB (Kamus Terpadu Sasambo)
ngansuh,ngansuh,,Sasak Umum,mengangkut,,,Balai Bahasa Provinsi NTB (Kamus Terpadu Sasambo)
"ngansuha(n,g)",ngansuha(n,,Sasak Umum,mengangkut-kan,,,Balai Bahasa Provinsi NTB (Kamus Terpadu Sasambo)
ngantaang,ngantaang,,Sasak Umum,mengamukan,,,Balai Bahasa Provinsi NTB (Kamus Terpadu Sasambo)
ngantep,ngantep,,Sasak Umum,mengipas,,,Balai Bahasa Provinsi NTB (Kamus Terpadu Sasambo)
ngantepin,ngantepin,,Sasak Umum,mengipasi,,,Balai Bahasa Provinsi NTB (Kamus Terpadu Sasambo)
ngantih,ngantih,,Sasak Umum,menunggu,,,Balai Bahasa Provinsi NTB (Kamus Terpadu Sasambo)
nganting-antingin,nganting-antingin,,Sasak Umum,meng-anting-antingi,,,Balai Bahasa Provinsi NTB (Kamus Terpadu Sasambo)
"ngantiqa(n,g)",ngantiqa(n,,Sasak Umum,membawakan,,,Balai Bahasa Provinsi NTB (Kamus Terpadu Sasambo)
nganton,nganton,,Sasak Umum,menarik (dari atas),,,Balai Bahasa Provinsi NTB (Kamus Terpadu Sasambo)
ngantos,ngantos,,Sasak Umum,menunggu,,,Balai Bahasa Provinsi NTB (Kamus Terpadu Sasambo)
ngantuk,ngantuk,,Sasak Umum,mengangguk,,,Balai Bahasa Provinsi NTB (Kamus Terpadu Sasambo)
"ngantuka(n,g)",ngantuka(n,,Sasak Umum,menganggukkan,,,Balai Bahasa Provinsi NTB (Kamus Terpadu Sasambo)
ngantuq,ngantuq,,Sasak Umum,menarik,,,Balai Bahasa Provinsi NTB (Kamus Terpadu Sasambo)
"ngantuqa(n,g)",ngantuqa(n,,Sasak Umum,menarikkan,,,Balai Bahasa Provinsi NTB (Kamus Terpadu Sasambo)
"ngantâa(n,g)",ngantâa(n,,Sasak Umum,mengamukan,,,Balai Bahasa Provinsi NTB (Kamus Terpadu Sasambo)
nganuq,nganuq,,Sasak Umum,"memukul, mengganggu, dsb sesuai dng konteks",,,Balai Bahasa Provinsi NTB (Kamus Terpadu Sasambo)
"nganuqa(n,g)",nganuqa(n,,Sasak Umum,"memukulkan, membuatkan, dsb sesuai konteks",,,Balai Bahasa Provinsi NTB (Kamus Terpadu Sasambo)
ngapah,ngapah,,Sasak Umum,memberi alas,,,Balai Bahasa Provinsi NTB (Kamus Terpadu Sasambo)
"ngapaha(n,g)",ngapaha(n,,Sasak Umum,memberikan alas,,,Balai Bahasa Provinsi NTB (Kamus Terpadu Sasambo)
ngapal,ngapal,,Sasak Umum,menghapal,,,Balai Bahasa Provinsi NTB (Kamus Terpadu Sasambo)
"ngapala(n,g)",ngapala(n,,Sasak Umum,menghapalkan,,,Balai Bahasa Provinsi NTB (Kamus Terpadu Sasambo)
"ngapika(n,g)",ngapika(n,,Sasak Umum,memperlakukan dengan hati-hati,,,Balai Bahasa Provinsi NTB (Kamus Terpadu Sasambo)
ngapit,ngapit,,Sasak Umum,mengapit,,,Balai Bahasa Provinsi NTB (Kamus Terpadu Sasambo)
"ngapita(n,g)",ngapita(n,,Sasak Umum,mengapitkan,,,Balai Bahasa Provinsi NTB (Kamus Terpadu Sasambo)
ngapuh,ngapuh,,Sasak Umum,mengapuri,,,Balai Bahasa Provinsi NTB (Kamus Terpadu Sasambo)
ngapurin,ngapurin,,Sasak Umum,mengapuri,,,Balai Bahasa Provinsi NTB (Kamus Terpadu Sasambo)
ngapus,ngapus,,Sasak Umum,menghapus,,,Balai Bahasa Provinsi NTB (Kamus Terpadu Sasambo)
"ngapusa(n,g)",ngapusa(n,,Sasak Umum,menghapuskan,,,Balai Bahasa Provinsi NTB (Kamus Terpadu Sasambo)
ngapusin,ngapusin,,Sasak Umum,memborehi,,,Balai Bahasa Provinsi NTB (Kamus Terpadu Sasambo)
ngapèq,ngapèq,,Sasak Umum,merapikan,,,Balai Bahasa Provinsi NTB (Kamus Terpadu Sasambo)
ngarah,ngarah,,Sasak Umum,mengajak,,,Balai Bahasa Provinsi NTB (Kamus Terpadu Sasambo)
ngaranin,ngaranin,,Sasak Umum,menamai,,,Balai Bahasa Provinsi NTB (Kamus Terpadu Sasambo)
"ngaraqa(n,g)",ngaraqa(n,,Sasak Umum,mengadakan,,,Balai Bahasa Provinsi NTB (Kamus Terpadu Sasambo)
ngarat,ngarat,,Sasak Umum,menggembala,,,Balai Bahasa Provinsi NTB (Kamus Terpadu Sasambo)
ngarem,ngarem,,Sasak Umum,mengeram,,,Balai Bahasa Provinsi NTB (Kamus Terpadu Sasambo)
ngaremin,ngaremin,,Sasak Umum,mengerami,,,Balai Bahasa Provinsi NTB (Kamus Terpadu Sasambo)
ngarep,ngarep,,Sasak Umum,mengharap,,,Balai Bahasa Provinsi NTB (Kamus Terpadu Sasambo)
ngarep-arep,ngarep-arep,,Sasak Umum,berharap-harap,,,Balai Bahasa Provinsi NTB (Kamus Terpadu Sasambo)
"ngarepa(n,g)",ngarepa(n,,Sasak Umum,mengharapkan,,,Balai Bahasa Provinsi NTB (Kamus Terpadu Sasambo)
ngaro,ngaro,,Sasak Umum,mengaduh,,,Balai Bahasa Provinsi NTB (Kamus Terpadu Sasambo)
ngarot,ngarot,,Sasak Umum,menggigit,,,Balai Bahasa Provinsi NTB (Kamus Terpadu Sasambo)
ngarti-artiang,ngarti-artiang,,Sasak Umum,mengarti-artikan,,,Balai Bahasa Provinsi NTB (Kamus Terpadu Sasambo)
"ngartia(n,g)",ngartia(n,,Sasak Umum,mengartikan; menterjemahkan,,,Balai Bahasa Provinsi NTB (Kamus Terpadu Sasambo)
"ngarusa(n,g)",ngarusa(n,,Sasak Umum,mengharuskan,,,Balai Bahasa Provinsi NTB (Kamus Terpadu Sasambo)
ngaréq,ngaréq,,Sasak Umum,memanggil,,,Balai Bahasa Provinsi NTB (Kamus Terpadu Sasambo)
"ngaréqa(n,g)",ngaréqa(n,,Sasak Umum,memanggil(kan),,,Balai Bahasa Provinsi NTB (Kamus Terpadu Sasambo)
"ngasaha(n,g)",ngasaha(n,,Sasak Umum,meratakan,,,Balai Bahasa Provinsi NTB (Kamus Terpadu Sasambo)
ngasaq,ngasaq,,Sasak Umum,mengasah,,,Balai Bahasa Provinsi NTB (Kamus Terpadu Sasambo)
ngasar,ngasar,,Sasak Umum,melakukan salat asar,,,Balai Bahasa Provinsi NTB (Kamus Terpadu Sasambo)
ngaser,ngaser,,Sasak Umum,melagukan ayat-ayat suci AlQuran,,,Balai Bahasa Provinsi NTB (Kamus Terpadu Sasambo)
"ngasila(n,g)",ngasila(n,,Sasak Umum,menghasilkan,,,Balai Bahasa Provinsi NTB (Kamus Terpadu Sasambo)
ngasâ,ngasâ,,Sasak Umum,bangun,,,Balai Bahasa Provinsi NTB (Kamus Terpadu Sasambo)
ngasâ-ngasâ,ngasâ-ngasâ,,Sasak Umum,merasa cukup,,,Balai Bahasa Provinsi NTB (Kamus Terpadu Sasambo)
"ngatasa(n,g)",ngatasa(n,,Sasak Umum,menjadikan atas,,,Balai Bahasa Provinsi NTB (Kamus Terpadu Sasambo)
ngater,ngater,,Sasak Umum,mengantar (makanan),,,Balai Bahasa Provinsi NTB (Kamus Terpadu Sasambo)
"ngatera(n,g)",ngatera(n,,Sasak Umum,mengantarkan (makanan),,,Balai Bahasa Provinsi NTB (Kamus Terpadu Sasambo)
ngatong,ngatong,,Sasak Umum,mengantar; mengembalikan,,,Balai Bahasa Provinsi NTB (Kamus Terpadu Sasambo)
"ngatonga(n,g)",ngatonga(n,,Sasak Umum,mengantarkan; mengembalikan,,,Balai Bahasa Provinsi NTB (Kamus Terpadu Sasambo)
ngatuh,ngatuh,,Sasak Umum,melempar,,,Balai Bahasa Provinsi NTB (Kamus Terpadu Sasambo)
"ngatuha(n,g)",ngatuha(n,,Sasak Umum,melemparkan,,,Balai Bahasa Provinsi NTB (Kamus Terpadu Sasambo)
ngatur,ngatur,,Sasak Umum,mengatur,,,Balai Bahasa Provinsi NTB (Kamus Terpadu Sasambo)
"ngatura(n,g)",ngatura(n,,Sasak Umum,mengaturkan,,,Balai Bahasa Provinsi NTB (Kamus Terpadu Sasambo)
ngaturin,ngaturin,,Sasak Umum,memberikan; menyuguhi,,,Balai Bahasa Provinsi NTB (Kamus Terpadu Sasambo)
"ngatèa(n,g)",ngatèa(n,,Sasak Umum,mengingat,,,Balai Bahasa Provinsi NTB (Kamus Terpadu Sasambo)
ngaut,ngaut,,Sasak Umum,menarik,,,Balai Bahasa Provinsi NTB (Kamus Terpadu Sasambo)
"ngauta(n,g)",ngauta(n,,Sasak Umum,menarikkan,,,Balai Bahasa Provinsi NTB (Kamus Terpadu Sasambo)
ngawang-ngawang,ngawang-ngawang,,Sasak Umum,membum-bung tinggi di angkasa,,,Balai Bahasa Provinsi NTB (Kamus Terpadu Sasambo)
ngawas-ngawasin,ngawas-ngawasin,,Sasak Umum,mengawas-awasi,,,Balai Bahasa Provinsi NTB (Kamus Terpadu Sasambo)
ngawasin,ngawasin,,Sasak Umum,mengawasi; meng-ancam,,,Balai Bahasa Provinsi NTB (Kamus Terpadu Sasambo)
ngawis,ngawis,,Sasak Umum,menyabit,,,Balai Bahasa Provinsi NTB (Kamus Terpadu Sasambo)
"ngawisa(n,g)",ngawisa(n,,Sasak Umum,menyabitkan,,,Balai Bahasa Provinsi NTB (Kamus Terpadu Sasambo)
ngawon-awon,ngawon-awon,,Sasak Umum,membawa sisa makanan yg disuguhkan,,,Balai Bahasa Provinsi NTB (Kamus Terpadu Sasambo)
ngawor,ngawor,,Sasak Umum,mencampur,,,Balai Bahasa Provinsi NTB (Kamus Terpadu Sasambo)
"ngawora(n,g)",ngawora(n,,Sasak Umum,mencampurkan,,,Balai Bahasa Provinsi NTB (Kamus Terpadu Sasambo)
ngawék,ngawék,,Sasak Umum,menarik,,,Balai Bahasa Provinsi NTB (Kamus Terpadu Sasambo)
"ngawéka(n,g)",ngawéka(n,,Sasak Umum,menarikkan,,,Balai Bahasa Provinsi NTB (Kamus Terpadu Sasambo)
"ngawéta(n,g)",ngawéta(n,,Sasak Umum,mengawètkan,,,Balai Bahasa Provinsi NTB (Kamus Terpadu Sasambo)
ngayah,ngayah,,Sasak Umum,terkena penyakit ayah,,,Balai Bahasa Provinsi NTB (Kamus Terpadu Sasambo)
ngayaq,ngayaq,,Sasak Umum,menapis,,,Balai Bahasa Provinsi NTB (Kamus Terpadu Sasambo)
"ngayaqa(n,g)",ngayaqa(n,,Sasak Umum,menapiskan,,,Balai Bahasa Provinsi NTB (Kamus Terpadu Sasambo)
ngebang,ngebang,,Sasak Umum,menyuarakan azan,,,Balai Bahasa Provinsi NTB (Kamus Terpadu Sasambo)
ngebawaq,ngebawaq,,Sasak Umum,menurunkan,,,Balai Bahasa Provinsi NTB (Kamus Terpadu Sasambo)
"ngebeleta(n,g)",ngebeleta(n,,Sasak Umum,mempersulit,,,Balai Bahasa Provinsi NTB (Kamus Terpadu Sasambo)
ngebeletin,ngebeletin,,Sasak Umum,mempersulit,,,Balai Bahasa Provinsi NTB (Kamus Terpadu Sasambo)
ngebél,ngebél,,Sasak Umum,mengebel,,,Balai Bahasa Provinsi NTB (Kamus Terpadu Sasambo)
"ngebéla(n,g)",ngebéla(n,,Sasak Umum,mengebelkan,,,Balai Bahasa Provinsi NTB (Kamus Terpadu Sasambo)
ngelaq,ngelaq,,Sasak Umum,membuat sayur ares,,,Balai Bahasa Provinsi NTB (Kamus Terpadu Sasambo)
nunggal,nunggal,,Sasak Umum,anak tunggal,,,Balai Bahasa Provinsi NTB (Kamus Terpadu Sasambo)
nyalâ,nyalâ,,Sasak Umum,nyala api,,,Balai Bahasa Provinsi NTB (Kamus Terpadu Sasambo)
"nyamasa(n,g)",nyamasa(n,,Sasak Umum,menjadikan empat ratus,,,Balai Bahasa Provinsi NTB (Kamus Terpadu Sasambo)
"nyamboq, kenyamboq",nyamboq,,Sasak Umum,mau tambah lagi,,,Balai Bahasa Provinsi NTB (Kamus Terpadu Sasambo)
nyambuq,nyambuq,,Sasak Umum,jambu air,,,Balai Bahasa Provinsi NTB (Kamus Terpadu Sasambo)
nyatus,nyatus,,Sasak Umum,merayakan hari kematian yang ke seratus,,,Balai Bahasa Provinsi NTB (Kamus Terpadu Sasambo)
"nyatusa(n,g)",nyatusa(n,,Sasak Umum,menggenapkan jadi seratus,,,Balai Bahasa Provinsi NTB (Kamus Terpadu Sasambo)
nyet gero,nyet gero,,Sasak Umum,musim dingin bersamaan dengan musim asam berbuah kering,,,Balai Bahasa Provinsi NTB (Kamus Terpadu Sasambo)
olo-olo,olo-olo,,Sasak Umum,anak kodok,,,Balai Bahasa Provinsi NTB (Kamus Terpadu Sasambo)
onyaq,onyaq,,Sasak Umum,perlahan; lamban,,,Balai Bahasa Provinsi NTB (Kamus Terpadu Sasambo)
otak ki,otak ki,,Sasak Umum,kepala air; banjir besar,,,Balai Bahasa Provinsi NTB (Kamus Terpadu Sasambo)
otak kokoq,otak kokoq,,Sasak Umum,tempat sumber air yang dapat jadi obat di desa Montong Betok Lombok Timur,,,Balai Bahasa Provinsi NTB (Kamus Terpadu Sasambo)
p(er)adu-aduq,padu-aduq,,Sasak Umum,memperadu domba,,,Balai Bahasa Provinsi NTB (Kamus Terpadu Sasambo)
"padu, pepadu",padu,,Sasak Umum,"jagoan, orang yang senang berlaga",,,Balai Bahasa Provinsi NTB (Kamus Terpadu Sasambo)
pambur-ambur,pambur-ambur,,Sasak Umum,menjadikan meluap (nyala api),,,Balai Bahasa Provinsi NTB (Kamus Terpadu Sasambo)
papuq,papuq,,Sasak Umum,kakek/nenek angkat,,,Balai Bahasa Provinsi NTB (Kamus Terpadu Sasambo)
paran,paran,,Sasak Umum,memberi nama,,,Balai Bahasa Provinsi NTB (Kamus Terpadu Sasambo)
pardu,pardu,,Sasak Umum,"wajib; kalau dikerjakan mendapat pahala, kalau ditinggalkan mendapat dosa",,,Balai Bahasa Provinsi NTB (Kamus Terpadu Sasambo)
payung,payung,,Sasak Umum,"(By) payung kebesaran untuk upacara adat, seperti dalam upacara adat merariq ketika acara nyongkolan",,,Balai Bahasa Provinsi NTB (Kamus Terpadu Sasambo)
pe,pe,,Sasak Umum,si Badar,,,Balai Bahasa Provinsi NTB (Kamus Terpadu Sasambo)
"pe(r,l)ajahan",pe(r,,Sasak Umum,pelajaran,,,Balai Bahasa Provinsi NTB (Kamus Terpadu Sasambo)
pealong,pealong,,Sasak Umum,berkurang (air) dl wadah tertentu karena bocor atau diambil,,,Balai Bahasa Provinsi NTB (Kamus Terpadu Sasambo)
pebawaq,pebawaq,,Sasak Umum,rendahkan; perendah,,,Balai Bahasa Provinsi NTB (Kamus Terpadu Sasambo)
pebelèq,pebelèq,,Sasak Umum,perlebar,,,Balai Bahasa Provinsi NTB (Kamus Terpadu Sasambo)
pebèloq,pebèloq,,Sasak Umum,perpanjang,,,Balai Bahasa Provinsi NTB (Kamus Terpadu Sasambo)
pebégaq,pebégaq,,Sasak Umum,perbanyak,,,Balai Bahasa Provinsi NTB (Kamus Terpadu Sasambo)
pekok,pekok,,Sasak Umum,memegang leher dengan dua tangan; sifat orang yang malas,,,Balai Bahasa Provinsi NTB (Kamus Terpadu Sasambo)
pelajar,pelajar,,Sasak Umum,pelajar,,,Balai Bahasa Provinsi NTB (Kamus Terpadu Sasambo)
pelajaran,pelajaran,,Sasak Umum,pelajaran; nasihat,,,Balai Bahasa Provinsi NTB (Kamus Terpadu Sasambo)
pemangku (By),pemangku,,Sasak Umum,pengurus/penguasa mata air,,,Balai Bahasa Provinsi NTB (Kamus Terpadu Sasambo)
pemaréq,pemaréq,,Sasak Umum,orang yg suka menginap,,,Balai Bahasa Provinsi NTB (Kamus Terpadu Sasambo)
pembadaq,pembadaq,,Sasak Umum,pemberitahu,,,Balai Bahasa Provinsi NTB (Kamus Terpadu Sasambo)
pembadèq,pembadèq,,Sasak Umum,persangkaan; perkiraan; dugaan,,,Balai Bahasa Provinsi NTB (Kamus Terpadu Sasambo)
pembaraq,pembaraq,,Sasak Umum,pemberi tahu; pelapor,,,Balai Bahasa Provinsi NTB (Kamus Terpadu Sasambo)
pembates,pembates,,Sasak Umum,pembatas,,,Balai Bahasa Provinsi NTB (Kamus Terpadu Sasambo)
pembelanjâ,pembelanjâ,,Sasak Umum,yg suka berbelanja,,,Balai Bahasa Provinsi NTB (Kamus Terpadu Sasambo)
pembelèq,pembelèq,,Sasak Umum,pembesar,,,Balai Bahasa Provinsi NTB (Kamus Terpadu Sasambo)
pemeler,pemeler,,Sasak Umum,penglihatan,,,Balai Bahasa Provinsi NTB (Kamus Terpadu Sasambo)
"pendaiq (Pjt), (Slp)",pendaiq,,Sasak Umum,periuk air (yang besar),,,Balai Bahasa Provinsi NTB (Kamus Terpadu Sasambo)
pendet,pendet,,Sasak Umum,asap api,,,Balai Bahasa Provinsi NTB (Kamus Terpadu Sasambo)
pengabih,pengabih,,Sasak Umum,pendamping; pengawal,,,Balai Bahasa Provinsi NTB (Kamus Terpadu Sasambo)
pengabot,pengabot,,Sasak Umum,pemalas,,,Balai Bahasa Provinsi NTB (Kamus Terpadu Sasambo)
pengabut,pengabut,,Sasak Umum,penarik,,,Balai Bahasa Provinsi NTB (Kamus Terpadu Sasambo)
pengacan,pengacan,,Sasak Umum,yg suka terasi,,,Balai Bahasa Provinsi NTB (Kamus Terpadu Sasambo)
pengadang,pengadang,,Sasak Umum,nama desa tradisional di Kecamatan Aikmel Lombok Timur; nama desa di Kecamatan Praya Tengah Lombok Tengah,,,Balai Bahasa Provinsi NTB (Kamus Terpadu Sasambo)
pengadangan,pengadangan,,Sasak Umum,tempat untuk menghadang atau untuk melakukan penghadangan,,,Balai Bahasa Provinsi NTB (Kamus Terpadu Sasambo)
pengadas,pengadas,,Sasak Umum,orang yang ngadas,,,Balai Bahasa Provinsi NTB (Kamus Terpadu Sasambo)
pengadilan,pengadilan,,Sasak Umum,pengadilan,,,Balai Bahasa Provinsi NTB (Kamus Terpadu Sasambo)
pengadok,pengadok,,Sasak Umum,tukang adu,,,Balai Bahasa Provinsi NTB (Kamus Terpadu Sasambo)
pengaduk,pengaduk,,Sasak Umum,alat mengaduk,,,Balai Bahasa Provinsi NTB (Kamus Terpadu Sasambo)
pengadèq; pengadèq-adèq,pengadèq,,Sasak Umum,(barang) peninggalan; warisan,,,Balai Bahasa Provinsi NTB (Kamus Terpadu Sasambo)
pengadèqang,pengadèqang,,Sasak Umum,peninggalan,,,Balai Bahasa Provinsi NTB (Kamus Terpadu Sasambo)
pengagum,pengagum,,Sasak Umum,pengkelaim sesuatu,,,Balai Bahasa Provinsi NTB (Kamus Terpadu Sasambo)
pengajahan,pengajahan,,Sasak Umum,pengajaran; nasihat,,,Balai Bahasa Provinsi NTB (Kamus Terpadu Sasambo)
pengajian,pengajian,,Sasak Umum,pengajaran (dakwah) agama,,,Balai Bahasa Provinsi NTB (Kamus Terpadu Sasambo)
pengajiq,pengajiq,,Sasak Umum,suka membaca Alquran,,,Balai Bahasa Provinsi NTB (Kamus Terpadu Sasambo)
pengaksamâ,pengaksamâ,,Sasak Umum,kata-kata pembukaan; mukadimah (mukadi-mah dl lontar-lontar atau pembicaraan adat),,,Balai Bahasa Provinsi NTB (Kamus Terpadu Sasambo)
pengakuq,pengakuq,,Sasak Umum,pengakuan; pengkelaiman,,,Balai Bahasa Provinsi NTB (Kamus Terpadu Sasambo)
pengalaman,pengalaman,,Sasak Umum,yg pernah dialami; pengalaman,,,Balai Bahasa Provinsi NTB (Kamus Terpadu Sasambo)
pengalir,pengalir,,Sasak Umum,pembawa masuk (barang); importer,,,Balai Bahasa Provinsi NTB (Kamus Terpadu Sasambo)
pengalok,pengalok,,Sasak Umum,penganjur; pendorong,,,Balai Bahasa Provinsi NTB (Kamus Terpadu Sasambo)
pengalu,pengalu,,Sasak Umum,penjemput; penyong-song,,,Balai Bahasa Provinsi NTB (Kamus Terpadu Sasambo)
pengaléh,pengaléh,,Sasak Umum,orang yg memindahkan barang,,,Balai Bahasa Provinsi NTB (Kamus Terpadu Sasambo)
pengamanan,pengamanan,,Sasak Umum,pengamanan,,,Balai Bahasa Provinsi NTB (Kamus Terpadu Sasambo)
pengamaq,pengamaq,,Sasak Umum,nama setelah menjadi ayah,,,Balai Bahasa Provinsi NTB (Kamus Terpadu Sasambo)
pengamar,pengamar,,Sasak Umum,orang yg mengamar; pendakwah,,,Balai Bahasa Provinsi NTB (Kamus Terpadu Sasambo)
pengambar,pengambar,,Sasak Umum,pengembara; petualang,,,Balai Bahasa Provinsi NTB (Kamus Terpadu Sasambo)
pengambuq,pengambuq,,Sasak Umum,penciuman (bau),,,Balai Bahasa Provinsi NTB (Kamus Terpadu Sasambo)
pengambuqan,pengambuqan,,Sasak Umum,yg suka mencium (bau),,,Balai Bahasa Provinsi NTB (Kamus Terpadu Sasambo)
pengambés,pengambés,,Sasak Umum,persentuhan,,,Balai Bahasa Provinsi NTB (Kamus Terpadu Sasambo)
pengamer,pengamer,,Sasak Umum,alat menghantam,,,Balai Bahasa Provinsi NTB (Kamus Terpadu Sasambo)
pengamet,pengamet,,Sasak Umum,pelempar,,,Balai Bahasa Provinsi NTB (Kamus Terpadu Sasambo)
pengamong,pengamong,,Sasak Umum,pemelihara,,,Balai Bahasa Provinsi NTB (Kamus Terpadu Sasambo)
pengamparan,pengamparan,,Sasak Umum,lahan persemaian bibit padi,,,Balai Bahasa Provinsi NTB (Kamus Terpadu Sasambo)
pengampes,pengampes,,Sasak Umum,cara menghantam,,,Balai Bahasa Provinsi NTB (Kamus Terpadu Sasambo)
pengampesan,pengampesan,,Sasak Umum,tempat menghempaskan suatu benda,,,Balai Bahasa Provinsi NTB (Kamus Terpadu Sasambo)
pengamuk,pengamuk,,Sasak Umum,orang yg mengamuk; orang yg suka mengamuk,,,Balai Bahasa Provinsi NTB (Kamus Terpadu Sasambo)
pengancot,pengancot,,Sasak Umum,suka sering bersenggama,,,Balai Bahasa Provinsi NTB (Kamus Terpadu Sasambo)
pengandek,pengandek,,Sasak Umum,penahan,,,Balai Bahasa Provinsi NTB (Kamus Terpadu Sasambo)
pengandikâ,pengandikâ,,Sasak Umum,perkataan,,,Balai Bahasa Provinsi NTB (Kamus Terpadu Sasambo)
penganggah,penganggah,,Sasak Umum,orang yg menunda membayar barang orang,,,Balai Bahasa Provinsi NTB (Kamus Terpadu Sasambo)
penganggoq,penganggoq,,Sasak Umum,pengangguk,,,Balai Bahasa Provinsi NTB (Kamus Terpadu Sasambo)
penganggur,penganggur,,Sasak Umum,penganggur,,,Balai Bahasa Provinsi NTB (Kamus Terpadu Sasambo)
pengangkatan,pengangkatan,,Sasak Umum,pengangkatan (jadi pejabat),,,Balai Bahasa Provinsi NTB (Kamus Terpadu Sasambo)
pengangsul,pengangsul,,Sasak Umum,penyusuk,,,Balai Bahasa Provinsi NTB (Kamus Terpadu Sasambo)
penganiayaq,penganiayaq,,Sasak Umum,penganiaya,,,Balai Bahasa Provinsi NTB (Kamus Terpadu Sasambo)
penganiayaqan,penganiayaqan,,Sasak Umum,pengani-ayaan,,,Balai Bahasa Provinsi NTB (Kamus Terpadu Sasambo)
penganjeng,penganjeng,,Sasak Umum,berdirikan (buat jadi berdiri),,,Balai Bahasa Provinsi NTB (Kamus Terpadu Sasambo)
pengantap,pengantap,,Sasak Umum,nama desa di kecamatan sekotong,,,Balai Bahasa Provinsi NTB (Kamus Terpadu Sasambo)
pengantih,pengantih,,Sasak Umum,orang/sesuatu yg ditunggu,,,Balai Bahasa Provinsi NTB (Kamus Terpadu Sasambo)
pengantos,pengantos,,Sasak Umum,orang yg ditunggu,,,Balai Bahasa Provinsi NTB (Kamus Terpadu Sasambo)
pengapit,pengapit,,Sasak Umum,pengapit,,,Balai Bahasa Provinsi NTB (Kamus Terpadu Sasambo)
pengapus,pengapus,,Sasak Umum,penghapus,,,Balai Bahasa Provinsi NTB (Kamus Terpadu Sasambo)
pengarah,pengarah,,Sasak Umum,pengajak,,,Balai Bahasa Provinsi NTB (Kamus Terpadu Sasambo)
pengarat,pengarat,,Sasak Umum,penggembala; tukang pelihara; tukang urus,,,Balai Bahasa Provinsi NTB (Kamus Terpadu Sasambo)
pengareman,pengareman,,Sasak Umum,biasa mengurung diri,,,Balai Bahasa Provinsi NTB (Kamus Terpadu Sasambo)
pengarepan,pengarepan,,Sasak Umum,pengharapan,,,Balai Bahasa Provinsi NTB (Kamus Terpadu Sasambo)
pengaro,pengaro,,Sasak Umum,petani,,,Balai Bahasa Provinsi NTB (Kamus Terpadu Sasambo)
pengaréq-aréq,pengaréq-aréq,,Sasak Umum,peninggalan,,,Balai Bahasa Provinsi NTB (Kamus Terpadu Sasambo)
pengaser,pengaser,,Sasak Umum,bacaan AlQuran,,,Balai Bahasa Provinsi NTB (Kamus Terpadu Sasambo)
pengater,pengater,,Sasak Umum,orang yang mengantar (makanan),,,Balai Bahasa Provinsi NTB (Kamus Terpadu Sasambo)
pengaut,pengaut,,Sasak Umum,tarikan,,,Balai Bahasa Provinsi NTB (Kamus Terpadu Sasambo)
pengawét,pengawét,,Sasak Umum,pengawet,,,Balai Bahasa Provinsi NTB (Kamus Terpadu Sasambo)
peradal,peradal,,Sasak Umum,(beri) berembun,,,Balai Bahasa Provinsi NTB (Kamus Terpadu Sasambo)
"peraiq, peraiqa(n,g)",peraiq,,Sasak Umum,meng-usahakan air,,,Balai Bahasa Provinsi NTB (Kamus Terpadu Sasambo)
"perajaha(n,g)",perajaha(n,,Sasak Umum,dalami ajaran; pelajarkan,,,Balai Bahasa Provinsi NTB (Kamus Terpadu Sasambo)
"perakon, perakona(n,g)",perakon,,Sasak Umum,melepas seorang anak untuk menjadi anak angkat orang lain,,,Balai Bahasa Provinsi NTB (Kamus Terpadu Sasambo)
perakuq,perakuq,,Sasak Umum,mengakukan,,,Balai Bahasa Provinsi NTB (Kamus Terpadu Sasambo)
peralat,peralat,,Sasak Umum,memperalat; meng-gunakan atau memperlaku-kan sbg alat,,,Balai Bahasa Provinsi NTB (Kamus Terpadu Sasambo)
peralisan,peralisan,,Sasak Umum,potlot atau pensil utk membuat alis,,,Balai Bahasa Provinsi NTB (Kamus Terpadu Sasambo)
peramaq,peramaq,,Sasak Umum,pejantan (untuk binatang atau orang yg dianggap binatang),,,Balai Bahasa Provinsi NTB (Kamus Terpadu Sasambo)
peramâ,peramâ,,Sasak Umum,penjantan,,,Balai Bahasa Provinsi NTB (Kamus Terpadu Sasambo)
perang,perang,,Sasak Umum,perang badar,,,Balai Bahasa Provinsi NTB (Kamus Terpadu Sasambo)
perangguq,perangguq,,Sasak Umum,benturkan,,,Balai Bahasa Provinsi NTB (Kamus Terpadu Sasambo)
perantiq,perantiq,,Sasak Umum,barang bawaan,,,Balai Bahasa Provinsi NTB (Kamus Terpadu Sasambo)
perantiq-antiqan,perantiq-antiqan,,Sasak Umum,bawaan,,,Balai Bahasa Provinsi NTB (Kamus Terpadu Sasambo)
perantiqan,perantiqan,,Sasak Umum,pegangan,,,Balai Bahasa Provinsi NTB (Kamus Terpadu Sasambo)
peratas,peratas,,Sasak Umum,ataskan,,,Balai Bahasa Provinsi NTB (Kamus Terpadu Sasambo)
peraturan,peraturan,,Sasak Umum,peraturan,,,Balai Bahasa Provinsi NTB (Kamus Terpadu Sasambo)
peratèq,peratèq,,Sasak Umum,niat,,,Balai Bahasa Provinsi NTB (Kamus Terpadu Sasambo)
perawakan,perawakan,,Sasak Umum,bentuk badan,,,Balai Bahasa Provinsi NTB (Kamus Terpadu Sasambo)
pilang,pilang,,Sasak Umum,hitam jelek,,,Balai Bahasa Provinsi NTB (Kamus Terpadu Sasambo)
"pramamiq, permamiq",pramamiq,,Sasak Umum,para mamiq,,,Balai Bahasa Provinsi NTB (Kamus Terpadu Sasambo)
pulek,pulek,,Sasak Umum,kolak ubi,,,Balai Bahasa Provinsi NTB (Kamus Terpadu Sasambo)
puseran,puseran,,Sasak Umum,pusaran air,,,Balai Bahasa Provinsi NTB (Kamus Terpadu Sasambo)
rabiul,rabiul,,Sasak Umum,bulan keempat tahun Islam,,,Balai Bahasa Provinsi NTB (Kamus Terpadu Sasambo)
rajan,rajan,,Sasak Umum,ratu Belanda,,,Balai Bahasa Provinsi NTB (Kamus Terpadu Sasambo)
rambu,rambu,,Sasak Umum,hiasan jumbai yg terbuat dr daun enau muda,,,Balai Bahasa Provinsi NTB (Kamus Terpadu Sasambo)
randang,randang,,Sasak Umum,bakul besar,,,Balai Bahasa Provinsi NTB (Kamus Terpadu Sasambo)
rebo,rebo,,Sasak Umum,hari Rabu,,,Balai Bahasa Provinsi NTB (Kamus Terpadu Sasambo)
rujak,rujak,,Sasak Umum,rujak buah nangka kecil (biasa diinginkan oleh wanita ngidam),,,Balai Bahasa Provinsi NTB (Kamus Terpadu Sasambo)
s(e)ambuq-ambuq,sambuq-ambuq,,Sasak Umum,"terang-sang bau-bauan (harum, busuk, anyir)",,,Balai Bahasa Provinsi NTB (Kamus Terpadu Sasambo)
saidinâ,saidinâ,,Sasak Umum,nama khalifah Islam keempat,,,Balai Bahasa Provinsi NTB (Kamus Terpadu Sasambo)
sajaq,sajaq,,Sasak Umum,berbohong,,,Balai Bahasa Provinsi NTB (Kamus Terpadu Sasambo)
salak,salak,,Sasak Umum,salak Bali,,,Balai Bahasa Provinsi NTB (Kamus Terpadu Sasambo)
salaq,salaq,,Sasak Umum,kecewa,,,Balai Bahasa Provinsi NTB (Kamus Terpadu Sasambo)
saling,saling,,Sasak Umum,saling mengaku (kepunyaan),,,Balai Bahasa Provinsi NTB (Kamus Terpadu Sasambo)
"samasa(n,g)",samasa(n,,Sasak Umum,jadikan empat ratus,,,Balai Bahasa Provinsi NTB (Kamus Terpadu Sasambo)
sambel,sambel,,Sasak Umum,sambal dari buah nangka kecil,,,Balai Bahasa Provinsi NTB (Kamus Terpadu Sasambo)
sambil,sambil,,Sasak Umum,sambil; di samping,,,Balai Bahasa Provinsi NTB (Kamus Terpadu Sasambo)
sambilan,sambilan,,Sasak Umum,sambilan,,,Balai Bahasa Provinsi NTB (Kamus Terpadu Sasambo)
sampoq,sampoq,,Sasak Umum,tambah lagi,,,Balai Bahasa Provinsi NTB (Kamus Terpadu Sasambo)
sangu,sangu,,Sasak Umum,bekal; sangu hidup,,,Balai Bahasa Provinsi NTB (Kamus Terpadu Sasambo)
satak,satak,,Sasak Umum,dua ratus,,,Balai Bahasa Provinsi NTB (Kamus Terpadu Sasambo)
satus,satus,,Sasak Umum,seratus,,,Balai Bahasa Provinsi NTB (Kamus Terpadu Sasambo)
saur,saur,,Sasak Umum,"gotong royong dlm bentuk tolong menolong, tapi penolong membawa makanan sendiri",,,Balai Bahasa Provinsi NTB (Kamus Terpadu Sasambo)
sawa,sawa,,Sasak Umum,sanggama; setubuh,,,Balai Bahasa Provinsi NTB (Kamus Terpadu Sasambo)
sayur,sayur,,Sasak Umum,sayur bayam,,,Balai Bahasa Provinsi NTB (Kamus Terpadu Sasambo)
seampil,seampil,,Sasak Umum,satu gulung(an) sirih,,,Balai Bahasa Provinsi NTB (Kamus Terpadu Sasambo)
searaq-araqnâ,searaq-araqnâ,,Sasak Umum,seada-adanya; semua yang ada,,,Balai Bahasa Provinsi NTB (Kamus Terpadu Sasambo)
seastâ,seastâ,,Sasak Umum,satu hasta,,,Balai Bahasa Provinsi NTB (Kamus Terpadu Sasambo)
sebanjah,sebanjah,,Sasak Umum,satu deret,,,Balai Bahasa Provinsi NTB (Kamus Terpadu Sasambo)
sebelék,sebelék,,Sasak Umum,sekaleng,,,Balai Bahasa Provinsi NTB (Kamus Terpadu Sasambo)
sebiâ,sebiâ,,Sasak Umum,cabai dan terasi,,,Balai Bahasa Provinsi NTB (Kamus Terpadu Sasambo)
seboq,seboq,,Sasak Umum,menyembunyikan aib,,,Balai Bahasa Provinsi NTB (Kamus Terpadu Sasambo)
segarâ,segarâ,,Sasak Umum,nama danau di gunung Rinjani,,,Balai Bahasa Provinsi NTB (Kamus Terpadu Sasambo)
sekat,sekat,,Sasak Umum,perlahan; lamban,,,Balai Bahasa Provinsi NTB (Kamus Terpadu Sasambo)
sekolahan,sekolahan,,Sasak Umum,sekolah anak-anak Belanda,,,Balai Bahasa Provinsi NTB (Kamus Terpadu Sasambo)
sekuh,sekuh,,Sasak Umum,hubungan keluarga,,,Balai Bahasa Provinsi NTB (Kamus Terpadu Sasambo)
selagalas,selagalas,,Sasak Umum,nama desa di kecamatan Cakranegara,,,Balai Bahasa Provinsi NTB (Kamus Terpadu Sasambo)
selat,selat,,Sasak Umum,selat yg membatasi pulau Lombok dan pulau Sumbawa,,,Balai Bahasa Provinsi NTB (Kamus Terpadu Sasambo)
semamaq,semamaq,,Sasak Umum,suami,,,Balai Bahasa Provinsi NTB (Kamus Terpadu Sasambo)
semamâ,semamâ,,Sasak Umum,suami,,,Balai Bahasa Provinsi NTB (Kamus Terpadu Sasambo)
semanggâ,semanggâ,,Sasak Umum,jeruk Bali,,,Balai Bahasa Provinsi NTB (Kamus Terpadu Sasambo)
sembayang,sembayang,,Sasak Umum,salat asar,,,Balai Bahasa Provinsi NTB (Kamus Terpadu Sasambo)
sembelahan,sembelahan,,Sasak Umum,beliung; pecahan kaca,,,Balai Bahasa Provinsi NTB (Kamus Terpadu Sasambo)
semeton,semeton,,Sasak Umum,saudara angkat,,,Balai Bahasa Provinsi NTB (Kamus Terpadu Sasambo)
sendèqman,sendèqman,,Sasak Umum,sebelum asar,,,Balai Bahasa Provinsi NTB (Kamus Terpadu Sasambo)
sependaiq,sependaiq,,Sasak Umum,satu periuk air,,,Balai Bahasa Provinsi NTB (Kamus Terpadu Sasambo)
setanggor,setanggor,,Sasak Umum,nama desa di Lombok Timur,,,Balai Bahasa Provinsi NTB (Kamus Terpadu Sasambo)
sipin,sipin,,Sasak Umum,apa boleh buat,,,Balai Bahasa Provinsi NTB (Kamus Terpadu Sasambo)
"siu , pitung bangsit",siu,,Sasak Umum,seribu empat ratus,,,Balai Bahasa Provinsi NTB (Kamus Terpadu Sasambo)
solah,solah,,Sasak Umum,nama yg bagus,,,Balai Bahasa Provinsi NTB (Kamus Terpadu Sasambo)
songket,songket,,Sasak Umum,kain songket Bali,,,Balai Bahasa Provinsi NTB (Kamus Terpadu Sasambo)
suah,suah,,Sasak Umum,sesudah asar,,,Balai Bahasa Provinsi NTB (Kamus Terpadu Sasambo)
t(e)abangin,tabangin,,Sasak Umum,dibubuhi warna merah,,,Balai Bahasa Provinsi NTB (Kamus Terpadu Sasambo)
t(e)abas,tabas,,Sasak Umum,potong (dan bersihkan),,,Balai Bahasa Provinsi NTB (Kamus Terpadu Sasambo)
t(e)abek,tabek,,Sasak Umum,ditarik,,,Balai Bahasa Provinsi NTB (Kamus Terpadu Sasambo)
t(e)aben,taben,,Sasak Umum,dilempar,,,Balai Bahasa Provinsi NTB (Kamus Terpadu Sasambo)
"t(e)abena(n,g)",tabena(n,,Sasak Umum,dilemparkan,,,Balai Bahasa Provinsi NTB (Kamus Terpadu Sasambo)
t(e)abih,tabih,,Sasak Umum,didampingi; dikawal,,,Balai Bahasa Provinsi NTB (Kamus Terpadu Sasambo)
t(e)abut,tabut,,Sasak Umum,dicabut,,,Balai Bahasa Provinsi NTB (Kamus Terpadu Sasambo)
"t(e)abuta(n,g)",tabuta(n,,Sasak Umum,dijambakkan,,,Balai Bahasa Provinsi NTB (Kamus Terpadu Sasambo)
t(e)acan,tacan,,Sasak Umum,ditambahkan terasi,,,Balai Bahasa Provinsi NTB (Kamus Terpadu Sasambo)
"t(e)acong-aconga(n,g)",tacong-aconga(n,,Sasak Umum,(di-panggil seperti) anjing,,,Balai Bahasa Provinsi NTB (Kamus Terpadu Sasambo)
t(e)adang,tadang,,Sasak Umum,dihadang; dihalangi,,,Balai Bahasa Provinsi NTB (Kamus Terpadu Sasambo)
t(e)adas,tadas,,Sasak Umum,dikadas oleh orang lain,,,Balai Bahasa Provinsi NTB (Kamus Terpadu Sasambo)
t(e)adasang,tadasang,,Sasak Umum,obat/bumbu yang ditaruhkan adas,,,Balai Bahasa Provinsi NTB (Kamus Terpadu Sasambo)
"t(e)adata(n,g)",tadata(n,,Sasak Umum,diadatkan; dikerjakan secara turun temurun,,,Balai Bahasa Provinsi NTB (Kamus Terpadu Sasambo)
t(e)adilin,tadilin,,Sasak Umum,diadili,,,Balai Bahasa Provinsi NTB (Kamus Terpadu Sasambo)
t(e)adok,tadok,,Sasak Umum,diadu,,,Balai Bahasa Provinsi NTB (Kamus Terpadu Sasambo)
"t(e)adoka(n,g)",tadoka(n,,Sasak Umum,diperagakan,,,Balai Bahasa Provinsi NTB (Kamus Terpadu Sasambo)
"t(e)adokang, teperadok",tadokang,,Sasak Umum,di-adukan,,,Balai Bahasa Provinsi NTB (Kamus Terpadu Sasambo)
t(e)adon,tadon,,Sasak Umum,diatur,,,Balai Bahasa Provinsi NTB (Kamus Terpadu Sasambo)
"t(e)adona(n,g)",tadona(n,,Sasak Umum,disaringkan,,,Balai Bahasa Provinsi NTB (Kamus Terpadu Sasambo)
"t(e)adu, t(e)adua(n,g)",tadu,,Sasak Umum,di-adukan,,,Balai Bahasa Provinsi NTB (Kamus Terpadu Sasambo)
t(e)aduk,taduk,,Sasak Umum,diaduk,,,Balai Bahasa Provinsi NTB (Kamus Terpadu Sasambo)
t(e)adèq,tadèq,,Sasak Umum,ditinggalkan,,,Balai Bahasa Provinsi NTB (Kamus Terpadu Sasambo)
"t(e)adèqa(n,g)",tadèqa(n,,Sasak Umum,ditinggalkan; dibiarkan,,,Balai Bahasa Provinsi NTB (Kamus Terpadu Sasambo)
"t(e)adéng-adénga(n,g)",tadéng-adénga(n,,Sasak Umum,dipe-lan-pelankan,,,Balai Bahasa Provinsi NTB (Kamus Terpadu Sasambo)
"t(e)adénga(n,g)",tadénga(n,,Sasak Umum,dilambatkan; diperlambatkan,,,Balai Bahasa Provinsi NTB (Kamus Terpadu Sasambo)
t(e)agiq,tagiq,,Sasak Umum,disendok,,,Balai Bahasa Provinsi NTB (Kamus Terpadu Sasambo)
"t(e)agiqa(n,g)",tagiqa(n,,Sasak Umum,disendokkan,,,Balai Bahasa Provinsi NTB (Kamus Terpadu Sasambo)
"t(e)agola(n,g)",tagola(n,,Sasak Umum,dilagukan,,,Balai Bahasa Provinsi NTB (Kamus Terpadu Sasambo)
t(e)agum,tagum,,Sasak Umum,dikelaim sbg milik orang,,,Balai Bahasa Provinsi NTB (Kamus Terpadu Sasambo)
"t(e)agunga(n,g)",tagunga(n,,Sasak Umum,diagungkan,,,Balai Bahasa Provinsi NTB (Kamus Terpadu Sasambo)
"t(e)aiqa(n,g)",taiqa(n,,Sasak Umum,diberi/ dimasukkan air ke tempat sesuatu yang dalam/berlubang,,,Balai Bahasa Provinsi NTB (Kamus Terpadu Sasambo)
t(e)ajah,tajah,,Sasak Umum,diajar,,,Balai Bahasa Provinsi NTB (Kamus Terpadu Sasambo)
"t(e)ajaha(n,g)",tajaha(n,,Sasak Umum,diajarkan,,,Balai Bahasa Provinsi NTB (Kamus Terpadu Sasambo)
t(e)ajahin,tajahin,,Sasak Umum,diajari,,,Balai Bahasa Provinsi NTB (Kamus Terpadu Sasambo)
"t(e)ajaqin, t(e)ajaq-t(e)ajaq in",tajaqin,,Sasak Umum,dibohongi,,,Balai Bahasa Provinsi NTB (Kamus Terpadu Sasambo)
"t(e)ajara(n,g)",tajara(n,,Sasak Umum,dikendalikan (ikan yang terkena mata kail),,,Balai Bahasa Provinsi NTB (Kamus Terpadu Sasambo)
t(e)aji,taji,,Sasak Umum,dikaji,,,Balai Bahasa Provinsi NTB (Kamus Terpadu Sasambo)
"t(e)ajia(n,g)",tajia(n,,Sasak Umum,diajikan (dibacakan ayat-ayat suci Alquran) bagi orang sakaratul maut,,,Balai Bahasa Provinsi NTB (Kamus Terpadu Sasambo)
"t(e)ajonga(n,g)",tajonga(n,,Sasak Umum,benda yang dibawa digerakkan menurut lambaian tangan,,,Balai Bahasa Provinsi NTB (Kamus Terpadu Sasambo)
t(e)ajum,tajum,,Sasak Umum,disanjung,,,Balai Bahasa Provinsi NTB (Kamus Terpadu Sasambo)
"t(e)akala(n,g)",takala(n,,Sasak Umum,diakalkan,,,Balai Bahasa Provinsi NTB (Kamus Terpadu Sasambo)
t(e)akalin,takalin,,Sasak Umum,diakali; ditipu,,,Balai Bahasa Provinsi NTB (Kamus Terpadu Sasambo)
"t(e)akata(n,g)",takata(n,,Sasak Umum,diakadkan,,,Balai Bahasa Provinsi NTB (Kamus Terpadu Sasambo)
t(e)akon,takon,,Sasak Umum,"diangkat orang lain menjadi anak, saudara, ayah, ibu, nenek atau kakek sendiri",,,Balai Bahasa Provinsi NTB (Kamus Terpadu Sasambo)
"t(e)akora(n,g)",takora(n,,Sasak Umum,diakurkan,,,Balai Bahasa Provinsi NTB (Kamus Terpadu Sasambo)
"t(e)akua(n,g)",takua(n,,Sasak Umum,disahuti dng kata aku,,,Balai Bahasa Provinsi NTB (Kamus Terpadu Sasambo)
t(e)akuq,takuq,,Sasak Umum,dikelaim,,,Balai Bahasa Provinsi NTB (Kamus Terpadu Sasambo)
t(e)akuq-akuq,takuq-akuq,,Sasak Umum,dikelaim tanpa bukti yg kuat,,,Balai Bahasa Provinsi NTB (Kamus Terpadu Sasambo)
"t(e)alala(n,g)",talala(n,,Sasak Umum,dihalalkan,,,Balai Bahasa Provinsi NTB (Kamus Terpadu Sasambo)
t(e)alamin,talamin,,Sasak Umum,dialami; dirasakan,,,Balai Bahasa Provinsi NTB (Kamus Terpadu Sasambo)
t(e)alangin,talangin,,Sasak Umum,dihalangi,,,Balai Bahasa Provinsi NTB (Kamus Terpadu Sasambo)
"t(e)alema(n,g)",talema(n,,Sasak Umum,diawasi,,,Balai Bahasa Provinsi NTB (Kamus Terpadu Sasambo)
"t(e)aleta(n,g)",taleta(n,,Sasak Umum,ditaruhkan alet di bawah makanan,,,Balai Bahasa Provinsi NTB (Kamus Terpadu Sasambo)
"t(e)aling-alinga(n,g)",taling-alinga(n,,Sasak Umum,dike-ring-keringkan dng diangin-anginkan,,,Balai Bahasa Provinsi NTB (Kamus Terpadu Sasambo)
t(e)alir,talir,,Sasak Umum,dibawa masuk (barang),,,Balai Bahasa Provinsi NTB (Kamus Terpadu Sasambo)
"t(e)alira(n,g)",talira(n,,Sasak Umum,dialirkan (air); dibawa masuk,,,Balai Bahasa Provinsi NTB (Kamus Terpadu Sasambo)
"t(e)aloka(n,g)",taloka(n,,Sasak Umum,dianjurkan; didorong,,,Balai Bahasa Provinsi NTB (Kamus Terpadu Sasambo)
"t(e)alona(n,g)",talona(n,,Sasak Umum,dilambankan,,,Balai Bahasa Provinsi NTB (Kamus Terpadu Sasambo)
t(e)alongin,talongin,,Sasak Umum,dikurangi,,,Balai Bahasa Provinsi NTB (Kamus Terpadu Sasambo)
t(e)alu,talu,,Sasak Umum,dije\\mput; disongsong,,,Balai Bahasa Provinsi NTB (Kamus Terpadu Sasambo)
t(e)alu-aluin,talu-aluin,,Sasak Umum,dibiasakan oleh-oleh; dioleh-olehi,,,Balai Bahasa Provinsi NTB (Kamus Terpadu Sasambo)
"t(e)aluha(n,g)",taluha(n,,Sasak Umum,dilambatkan,,,Balai Bahasa Provinsi NTB (Kamus Terpadu Sasambo)
"t(e)alung, t(e)alungin",talung,,Sasak Umum,di-naungi,,,Balai Bahasa Provinsi NTB (Kamus Terpadu Sasambo)
"t(e)alur, t(e)alura(n,g)",talur,,Sasak Umum,di-biarkan,,,Balai Bahasa Provinsi NTB (Kamus Terpadu Sasambo)
"t(e)alusa(n,g)",talusa(n,,Sasak Umum,dihaluskan,,,Balai Bahasa Provinsi NTB (Kamus Terpadu Sasambo)
t(e)aléh,taléh,,Sasak Umum,dipindah,,,Balai Bahasa Provinsi NTB (Kamus Terpadu Sasambo)
"t(e)aléha(n,g)",taléha(n,,Sasak Umum,dipindahkan,,,Balai Bahasa Provinsi NTB (Kamus Terpadu Sasambo)
t(e)amah,tamah,,Sasak Umum,dimakan,,,Balai Bahasa Provinsi NTB (Kamus Terpadu Sasambo)
"t(e)amala(n,g)",tamala(n,,Sasak Umum,dipraktikkan,,,Balai Bahasa Provinsi NTB (Kamus Terpadu Sasambo)
"t(e)amana(n,g)",tamana(n,,Sasak Umum,diamankan,,,Balai Bahasa Provinsi NTB (Kamus Terpadu Sasambo)
t(e)amarin,tamarin,,Sasak Umum,diamari,,,Balai Bahasa Provinsi NTB (Kamus Terpadu Sasambo)
t(e)amasin,tamasin,,Sasak Umum,dibela,,,Balai Bahasa Provinsi NTB (Kamus Terpadu Sasambo)
t(e)ambal,tambal,,Sasak Umum,diberondong dng berjalan,,,Balai Bahasa Provinsi NTB (Kamus Terpadu Sasambo)
"t(e)ambara(n,g)",tambara(n,,Sasak Umum,dibebaskan,,,Balai Bahasa Provinsi NTB (Kamus Terpadu Sasambo)
t(e)ambel,tambel,,Sasak Umum,diikat (padi),,,Balai Bahasa Provinsi NTB (Kamus Terpadu Sasambo)
t(e)amben,tamben,,Sasak Umum,diberondong (dng tali),,,Balai Bahasa Provinsi NTB (Kamus Terpadu Sasambo)
t(e)ambeng,tambeng,,Sasak Umum,diborong,,,Balai Bahasa Provinsi NTB (Kamus Terpadu Sasambo)
t(e)ambenin,tambenin,,Sasak Umum,dibuatkan serambi; diberikan serambi,,,Balai Bahasa Provinsi NTB (Kamus Terpadu Sasambo)
"t(e)ambila(n,g), tesambila(n,g)",tambila(n,,Sasak Umum,disambilkan,,,Balai Bahasa Provinsi NTB (Kamus Terpadu Sasambo)
t(e)ambongin,tambongin,,Sasak Umum,diserati,,,Balai Bahasa Provinsi NTB (Kamus Terpadu Sasambo)
"t(e)ambula(n,g)",tambula(n,,Sasak Umum,diizinkan (tanpa keikhlasan),,,Balai Bahasa Provinsi NTB (Kamus Terpadu Sasambo)
t(e)ambuq,tambuq,,Sasak Umum,dicium (bau),,,Balai Bahasa Provinsi NTB (Kamus Terpadu Sasambo)
t(e)ambuqin,tambuqin,,Sasak Umum,diciumi,,,Balai Bahasa Provinsi NTB (Kamus Terpadu Sasambo)
"t(e)ambur-ambura(n,g)",tambur-ambura(n,,Sasak Umum,di-hambur-hamburkan,,,Balai Bahasa Provinsi NTB (Kamus Terpadu Sasambo)
t(e)ambés,tambés,,Sasak Umum,diserempet,,,Balai Bahasa Provinsi NTB (Kamus Terpadu Sasambo)
t(e)ameng-ameng,tameng-ameng,,Sasak Umum,dimakan lumat,,,Balai Bahasa Provinsi NTB (Kamus Terpadu Sasambo)
t(e)amer,tamer,,Sasak Umum,dihantam,,,Balai Bahasa Provinsi NTB (Kamus Terpadu Sasambo)
t(e)ames,tames,,Sasak Umum,diremas; dibuat santan,,,Balai Bahasa Provinsi NTB (Kamus Terpadu Sasambo)
t(e)amet,tamet,,Sasak Umum,dilempar,,,Balai Bahasa Provinsi NTB (Kamus Terpadu Sasambo)
"t(e)amina(n,g)",tamina(n,,Sasak Umum,diaminkan,,,Balai Bahasa Provinsi NTB (Kamus Terpadu Sasambo)
"t(e)amiqa(n,g)",tamiqa(n,,Sasak Umum,diamiqkan; dipanggil dng sebutan mamiq,,,Balai Bahasa Provinsi NTB (Kamus Terpadu Sasambo)
t(e)amok,tamok,,Sasak Umum,diremas,,,Balai Bahasa Provinsi NTB (Kamus Terpadu Sasambo)
t(e)amongin,tamongin,,Sasak Umum,dimulaikan,,,Balai Bahasa Provinsi NTB (Kamus Terpadu Sasambo)
"t(e)ampaha(n,g)",tampaha(n,,Sasak Umum,diremehkan; dianggap enteng,,,Balai Bahasa Provinsi NTB (Kamus Terpadu Sasambo)
t(e)amparin,tamparin,,Sasak Umum,disemai (bibit padi),,,Balai Bahasa Provinsi NTB (Kamus Terpadu Sasambo)
t(e)ampes,tampes,,Sasak Umum,dihantam,,,Balai Bahasa Provinsi NTB (Kamus Terpadu Sasambo)
"t(e)ampesa(n,g)",tampesa(n,,Sasak Umum,dihantamkan; dihempaskan,,,Balai Bahasa Provinsi NTB (Kamus Terpadu Sasambo)
t(e)ampetin,tampetin,,Sasak Umum,ditutupi,,,Balai Bahasa Provinsi NTB (Kamus Terpadu Sasambo)
"t(e)ampia(n,g)",tampia(n,,Sasak Umum,disisihkan,,,Balai Bahasa Provinsi NTB (Kamus Terpadu Sasambo)
t(e)ampikin,tampikin,,Sasak Umum,dibuatkan teras,,,Balai Bahasa Provinsi NTB (Kamus Terpadu Sasambo)
t(e)ampokin,tampokin,,Sasak Umum,digemboki; dikunci,,,Balai Bahasa Provinsi NTB (Kamus Terpadu Sasambo)
t(e)ampukin,tampukin,,Sasak Umum,dibubuhi warna violet,,,Balai Bahasa Provinsi NTB (Kamus Terpadu Sasambo)
"t(e)ampuna(n,g)",tampuna(n,,Sasak Umum,diampuni,,,Balai Bahasa Provinsi NTB (Kamus Terpadu Sasambo)
t(e)ampét,tampét,,Sasak Umum,dikipas,,,Balai Bahasa Provinsi NTB (Kamus Terpadu Sasambo)
"t(e)ampéta(n,g)",tampéta(n,,Sasak Umum,dikipaskan,,,Balai Bahasa Provinsi NTB (Kamus Terpadu Sasambo)
t(e)ampétin,tampétin,,Sasak Umum,dikipasi,,,Balai Bahasa Provinsi NTB (Kamus Terpadu Sasambo)
t(e)amuk,tamuk,,Sasak Umum,diamuk,,,Balai Bahasa Provinsi NTB (Kamus Terpadu Sasambo)
"t(e)anaka(n,g)",tanaka(n,,Sasak Umum,dilahirkan,,,Balai Bahasa Provinsi NTB (Kamus Terpadu Sasambo)
t(e)ancot,tancot,,Sasak Umum,disetubuhi,,,Balai Bahasa Provinsi NTB (Kamus Terpadu Sasambo)
t(e)andangin,tandangin,,Sasak Umum,dihadapkan ke,,,Balai Bahasa Provinsi NTB (Kamus Terpadu Sasambo)
"t(e)andara(n,g)",tandara(n,,Sasak Umum,diarahkan ke,,,Balai Bahasa Provinsi NTB (Kamus Terpadu Sasambo)
t(e)andek,tandek,,Sasak Umum,ditahan,,,Balai Bahasa Provinsi NTB (Kamus Terpadu Sasambo)
"t(e)andeka(n,g)",tandeka(n,,Sasak Umum,ditahankan,,,Balai Bahasa Provinsi NTB (Kamus Terpadu Sasambo)
"t(e)andela(n,g)",tandela(n,,Sasak Umum,diandalkan; diharapkan,,,Balai Bahasa Provinsi NTB (Kamus Terpadu Sasambo)
"t(e)andikâa(n,g)",tandikâa(n,,Sasak Umum,dikatakan,,,Balai Bahasa Provinsi NTB (Kamus Terpadu Sasambo)
"t(e)andonga(n,g)",tandonga(n,,Sasak Umum,dibawa dng dokar,,,Balai Bahasa Provinsi NTB (Kamus Terpadu Sasambo)
t(e)andos,tandos,,Sasak Umum,diserempet; disentuh,,,Balai Bahasa Provinsi NTB (Kamus Terpadu Sasambo)
t(e)andukin,tandukin,,Sasak Umum,dihanduki,,,Balai Bahasa Provinsi NTB (Kamus Terpadu Sasambo)
"t(e)andèa(n,g)",tandèa(n,,Sasak Umum,diandaikan,,,Balai Bahasa Provinsi NTB (Kamus Terpadu Sasambo)
t(e)angetin,tangetin,,Sasak Umum,dihangati,,,Balai Bahasa Provinsi NTB (Kamus Terpadu Sasambo)
t(e)anggah,tanggah,,Sasak Umum,ditunda pembayaran barang orang,,,Balai Bahasa Provinsi NTB (Kamus Terpadu Sasambo)
"t(e)anggara(n,g)",tanggara(n,,Sasak Umum,direncanakan,,,Balai Bahasa Provinsi NTB (Kamus Terpadu Sasambo)
t(e)anggep,tanggep,,Sasak Umum,dianggap,,,Balai Bahasa Provinsi NTB (Kamus Terpadu Sasambo)
"t(e)anggopa(n,g)",tanggopa(n,,Sasak Umum,dibuat orang lain jadi gentar,,,Balai Bahasa Provinsi NTB (Kamus Terpadu Sasambo)
"t(e)anggoqa(n,g)",tanggoqa(n,,Sasak Umum,dianggukkan,,,Balai Bahasa Provinsi NTB (Kamus Terpadu Sasambo)
"t(e)angguq; t(e)angguq-angguqa(n,g)",tangguq,,Sasak Umum,diangguk-anggukkan,,,Balai Bahasa Provinsi NTB (Kamus Terpadu Sasambo)
"t(e)anggura(n,g)",tanggura(n,,Sasak Umum,dibiarkan duduk berdiam (tanpa suguhan),,,Balai Bahasa Provinsi NTB (Kamus Terpadu Sasambo)
"t(e)anginan, t(e)angin-angina(n,g)",tanginan,,Sasak Umum,diangin-anginkan (agar cepat kering),,,Balai Bahasa Provinsi NTB (Kamus Terpadu Sasambo)
t(e)angkat,tangkat,,Sasak Umum,diangkat,,,Balai Bahasa Provinsi NTB (Kamus Terpadu Sasambo)
"t(e)angkata(n,g)",tangkata(n,,Sasak Umum,diangkatkan,,,Balai Bahasa Provinsi NTB (Kamus Terpadu Sasambo)
t(e)angkon,tangkon,,Sasak Umum,diangkat anak,,,Balai Bahasa Provinsi NTB (Kamus Terpadu Sasambo)
t(e)angkot-angkot,tangkot-angkot,,Sasak Umum,terengah-engah,,,Balai Bahasa Provinsi NTB (Kamus Terpadu Sasambo)
t(e)angkus-angkus,tangkus-angkus,,Sasak Umum,disedot,,,Balai Bahasa Provinsi NTB (Kamus Terpadu Sasambo)
t(e)angkut,tangkut,,Sasak Umum,diangkut,,,Balai Bahasa Provinsi NTB (Kamus Terpadu Sasambo)
t(e)angsor,tangsor,,Sasak Umum,dibilas,,,Balai Bahasa Provinsi NTB (Kamus Terpadu Sasambo)
"t(e)angsora(n,g)",tangsora(n,,Sasak Umum,dibilaskan,,,Balai Bahasa Provinsi NTB (Kamus Terpadu Sasambo)
t(e)angsuh,tangsuh,,Sasak Umum,dicicil,,,Balai Bahasa Provinsi NTB (Kamus Terpadu Sasambo)
t(e)angsul,tangsul,,Sasak Umum,disusuk,,,Balai Bahasa Provinsi NTB (Kamus Terpadu Sasambo)
t(e)angsur,tangsur,,Sasak Umum,diangsur,,,Balai Bahasa Provinsi NTB (Kamus Terpadu Sasambo)
t(e)angsurang,tangsurang,,Sasak Umum,diangsurkan,,,Balai Bahasa Provinsi NTB (Kamus Terpadu Sasambo)
t(e)angét,tangét,,Sasak Umum,dikunyah,,,Balai Bahasa Provinsi NTB (Kamus Terpadu Sasambo)
"t(e)angéta(n,g)",tangéta(n,,Sasak Umum,dikunyahkan,,,Balai Bahasa Provinsi NTB (Kamus Terpadu Sasambo)
t(e)aniayaq,taniayaq,,Sasak Umum,dianiaya,,,Balai Bahasa Provinsi NTB (Kamus Terpadu Sasambo)
t(e)anjahin,tanjahin,,Sasak Umum,digunakan; memakai tangga (untuk naik),,,Balai Bahasa Provinsi NTB (Kamus Terpadu Sasambo)
t(e)anjar,tanjar,,Sasak Umum,ditebar; disebar,,,Balai Bahasa Provinsi NTB (Kamus Terpadu Sasambo)
"t(e)anjara(n,g)",tanjara(n,,Sasak Umum,ditebarkan; disebarkan,,,Balai Bahasa Provinsi NTB (Kamus Terpadu Sasambo)
"t(e)anjeka(n,g)",tanjeka(n,,Sasak Umum,ditegakkan; ditancapkan,,,Balai Bahasa Provinsi NTB (Kamus Terpadu Sasambo)
"t(e)anjenga(n,g)",tanjenga(n,,Sasak Umum,didirikan,,,Balai Bahasa Provinsi NTB (Kamus Terpadu Sasambo)
"t(e)anjoka(n,g)",tanjoka(n,,Sasak Umum,didorong untuk berani,,,Balai Bahasa Provinsi NTB (Kamus Terpadu Sasambo)
"t(e)anjur-anjura(n,g)",tanjur-anjura(n,,Sasak Umum,didorong (diberi semangat),,,Balai Bahasa Provinsi NTB (Kamus Terpadu Sasambo)
t(e)anjurang,tanjurang,,Sasak Umum,dianjurkan,,,Balai Bahasa Provinsi NTB (Kamus Terpadu Sasambo)
t(e)ansuh,tansuh,,Sasak Umum,diangkut,,,Balai Bahasa Provinsi NTB (Kamus Terpadu Sasambo)
"t(e)ansuha(n,g)",tansuha(n,,Sasak Umum,diangkutkan,,,Balai Bahasa Provinsi NTB (Kamus Terpadu Sasambo)
t(e)antem,tantem,,Sasak Umum,dihantam,,,Balai Bahasa Provinsi NTB (Kamus Terpadu Sasambo)
"t(e)antema(n,g)",tantema(n,,Sasak Umum,dihantamkan,,,Balai Bahasa Provinsi NTB (Kamus Terpadu Sasambo)
t(e)antep,tantep,,Sasak Umum,dikipas,,,Balai Bahasa Provinsi NTB (Kamus Terpadu Sasambo)
t(e)antih,tantih,,Sasak Umum,ditunggu,,,Balai Bahasa Provinsi NTB (Kamus Terpadu Sasambo)
t(e)anting-antingin,tanting-antingin,,Sasak Umum,dianting-antingi,,,Balai Bahasa Provinsi NTB (Kamus Terpadu Sasambo)
t(e)antiq,tantiq,,Sasak Umum,dipegang; dibawa,,,Balai Bahasa Provinsi NTB (Kamus Terpadu Sasambo)
"t(e)antiqa(n,g)",tantiqa(n,,Sasak Umum,dibawakan,,,Balai Bahasa Provinsi NTB (Kamus Terpadu Sasambo)
t(e)anton,tanton,,Sasak Umum,ditarik (dari atas),,,Balai Bahasa Provinsi NTB (Kamus Terpadu Sasambo)
t(e)antos,tantos,,Sasak Umum,ditunggu,,,Balai Bahasa Provinsi NTB (Kamus Terpadu Sasambo)
t(e)antuq,tantuq,,Sasak Umum,ditarik,,,Balai Bahasa Provinsi NTB (Kamus Terpadu Sasambo)
"t(e)antuqa(n,g)",tantuqa(n,,Sasak Umum,ditarikkan,,,Balai Bahasa Provinsi NTB (Kamus Terpadu Sasambo)
"t(e)antâa(n,g)",tantâa(n,,Sasak Umum,dikamukan,,,Balai Bahasa Provinsi NTB (Kamus Terpadu Sasambo)
t(e)anuq,tanuq,,Sasak Umum,"dipukul, diganggu, dsb sesuai dgn konteks",,,Balai Bahasa Provinsi NTB (Kamus Terpadu Sasambo)
"t(e)anuqa(n,g)",tanuqa(n,,Sasak Umum,"dipukulkan, dibuatkan, dsb sesuai dgn konteks",,,Balai Bahasa Provinsi NTB (Kamus Terpadu Sasambo)
t(e)apah,tapah,,Sasak Umum,diberi alas,,,Balai Bahasa Provinsi NTB (Kamus Terpadu Sasambo)
"t(e)apaha(n,g)",tapaha(n,,Sasak Umum,diberikan alas,,,Balai Bahasa Provinsi NTB (Kamus Terpadu Sasambo)
t(e)apal,tapal,,Sasak Umum,dihapal,,,Balai Bahasa Provinsi NTB (Kamus Terpadu Sasambo)
"t(e)apala(n,g)",tapala(n,,Sasak Umum,dihapalkan,,,Balai Bahasa Provinsi NTB (Kamus Terpadu Sasambo)
"t(e)apika(n,g)",tapika(n,,Sasak Umum,diperlakukan dengan hati-hati,,,Balai Bahasa Provinsi NTB (Kamus Terpadu Sasambo)
t(e)apin,tapin,,Sasak Umum,diberi api,,,Balai Bahasa Provinsi NTB (Kamus Terpadu Sasambo)
t(e)apit,tapit,,Sasak Umum,diapit,,,Balai Bahasa Provinsi NTB (Kamus Terpadu Sasambo)
"t(e)apita(n,g)",tapita(n,,Sasak Umum,diapitkan,,,Balai Bahasa Provinsi NTB (Kamus Terpadu Sasambo)
t(e)apuh,tapuh,,Sasak Umum,dikapuri,,,Balai Bahasa Provinsi NTB (Kamus Terpadu Sasambo)
t(e)apurin,tapurin,,Sasak Umum,dikapuri,,,Balai Bahasa Provinsi NTB (Kamus Terpadu Sasambo)
t(e)apus,tapus,,Sasak Umum,dihapus,,,Balai Bahasa Provinsi NTB (Kamus Terpadu Sasambo)
"t(e)apusa(n,g)",tapusa(n,,Sasak Umum,dihapuskan,,,Balai Bahasa Provinsi NTB (Kamus Terpadu Sasambo)
t(e)apusin,tapusin,,Sasak Umum,diborehi,,,Balai Bahasa Provinsi NTB (Kamus Terpadu Sasambo)
t(e)apèq,tapèq,,Sasak Umum,dirapikan; ditata,,,Balai Bahasa Provinsi NTB (Kamus Terpadu Sasambo)
t(e)arah,tarah,,Sasak Umum,diajak,,,Balai Bahasa Provinsi NTB (Kamus Terpadu Sasambo)
t(e)aranin,taranin,,Sasak Umum,dinamai,,,Balai Bahasa Provinsi NTB (Kamus Terpadu Sasambo)
"t(e)araqa(n,g)",taraqa(n,,Sasak Umum,diadakan,,,Balai Bahasa Provinsi NTB (Kamus Terpadu Sasambo)
t(e)arat,tarat,,Sasak Umum,digembala,,,Balai Bahasa Provinsi NTB (Kamus Terpadu Sasambo)
"t(e)arata(n,g)",tarata(n,,Sasak Umum,digembalakan,,,Balai Bahasa Provinsi NTB (Kamus Terpadu Sasambo)
t(e)arem,tarem,,Sasak Umum,dierami,,,Balai Bahasa Provinsi NTB (Kamus Terpadu Sasambo)
t(e)arep,tarep,,Sasak Umum,diharap,,,Balai Bahasa Provinsi NTB (Kamus Terpadu Sasambo)
"t(e)arepa(n,g)",tarepa(n,,Sasak Umum,diharapkan,,,Balai Bahasa Provinsi NTB (Kamus Terpadu Sasambo)
t(e)arok,tarok,,Sasak Umum,dimasukkan,,,Balai Bahasa Provinsi NTB (Kamus Terpadu Sasambo)
t(e)arot,tarot,,Sasak Umum,digigit,,,Balai Bahasa Provinsi NTB (Kamus Terpadu Sasambo)
t(e)artiang,tartiang,,Sasak Umum,diartikan,,,Balai Bahasa Provinsi NTB (Kamus Terpadu Sasambo)
"t(e)arusa(n,g)",tarusa(n,,Sasak Umum,diharuskan,,,Balai Bahasa Provinsi NTB (Kamus Terpadu Sasambo)
t(e)aréq,taréq,,Sasak Umum,ditinggalkan,,,Balai Bahasa Provinsi NTB (Kamus Terpadu Sasambo)
"t(e)asaha(n,g)",tasaha(n,,Sasak Umum,diratakan,,,Balai Bahasa Provinsi NTB (Kamus Terpadu Sasambo)
t(e)asaq,tasaq,,Sasak Umum,diasah,,,Balai Bahasa Provinsi NTB (Kamus Terpadu Sasambo)
t(e)aser,taser,,Sasak Umum,dilagukan,,,Balai Bahasa Provinsi NTB (Kamus Terpadu Sasambo)
"t(e)asera(n,g)",tasera(n,,Sasak Umum,dilagukan,,,Balai Bahasa Provinsi NTB (Kamus Terpadu Sasambo)
"t(e)atasa(n,g)",tatasa(n,,Sasak Umum,diataskan,,,Balai Bahasa Provinsi NTB (Kamus Terpadu Sasambo)
t(e)ater,tater,,Sasak Umum,diantar (makanan),,,Balai Bahasa Provinsi NTB (Kamus Terpadu Sasambo)
"t(e)atera(n,g)",tatera(n,,Sasak Umum,diantarkan (makanan),,,Balai Bahasa Provinsi NTB (Kamus Terpadu Sasambo)
t(e)atong,tatong,,Sasak Umum,diantar; dikembali-kan,,,Balai Bahasa Provinsi NTB (Kamus Terpadu Sasambo)
"t(e)atonga(n,g)",tatonga(n,,Sasak Umum,diantarkan; dikembalikan,,,Balai Bahasa Provinsi NTB (Kamus Terpadu Sasambo)
t(e)atuh,tatuh,,Sasak Umum,dilempar,,,Balai Bahasa Provinsi NTB (Kamus Terpadu Sasambo)
"t(e)atuha(n,g)",tatuha(n,,Sasak Umum,dilemparkan,,,Balai Bahasa Provinsi NTB (Kamus Terpadu Sasambo)
t(e)atur,tatur,,Sasak Umum,diatur,,,Balai Bahasa Provinsi NTB (Kamus Terpadu Sasambo)
"t(e)atura(n,g)",tatura(n,,Sasak Umum,diaturkan,,,Balai Bahasa Provinsi NTB (Kamus Terpadu Sasambo)
t(e)aut,taut,,Sasak Umum,ditarik,,,Balai Bahasa Provinsi NTB (Kamus Terpadu Sasambo)
"t(e)auta(n,g)",tauta(n,,Sasak Umum,ditarikkan,,,Balai Bahasa Provinsi NTB (Kamus Terpadu Sasambo)
t(e)awasin,tawasin,,Sasak Umum,diawasi; diancam,,,Balai Bahasa Provinsi NTB (Kamus Terpadu Sasambo)
t(e)awis,tawis,,Sasak Umum,disabit,,,Balai Bahasa Provinsi NTB (Kamus Terpadu Sasambo)
"t(e)awisa(n,g)",tawisa(n,,Sasak Umum,disabitkan,,,Balai Bahasa Provinsi NTB (Kamus Terpadu Sasambo)
t(e)awon,tawon,,Sasak Umum,dibawa (makanan),,,Balai Bahasa Provinsi NTB (Kamus Terpadu Sasambo)
"t(e)awona(n,g)",tawona(n,,Sasak Umum,dibawakan (makanan),,,Balai Bahasa Provinsi NTB (Kamus Terpadu Sasambo)
t(e)awor,tawor,,Sasak Umum,dicampur,,,Balai Bahasa Provinsi NTB (Kamus Terpadu Sasambo)
"t(e)awora(n,g)",tawora(n,,Sasak Umum,dicampurkan,,,Balai Bahasa Provinsi NTB (Kamus Terpadu Sasambo)
t(e)awék,tawék,,Sasak Umum,ditarik,,,Balai Bahasa Provinsi NTB (Kamus Terpadu Sasambo)
"t(e)awéka(n,g)",tawéka(n,,Sasak Umum,ditarikkan,,,Balai Bahasa Provinsi NTB (Kamus Terpadu Sasambo)
"t(e)awéta(n,g)",tawéta(n,,Sasak Umum,diawetkan,,,Balai Bahasa Provinsi NTB (Kamus Terpadu Sasambo)
t(e)ayaq,tayaq,,Sasak Umum,ditapis,,,Balai Bahasa Provinsi NTB (Kamus Terpadu Sasambo)
"t(e)ayaqa(n,g)",tayaqa(n,,Sasak Umum,ditapiskan,,,Balai Bahasa Provinsi NTB (Kamus Terpadu Sasambo)
tain,tain,,Sasak Umum,kotoran bekas mengasah,,,Balai Bahasa Provinsi NTB (Kamus Terpadu Sasambo)
tali,tali,,Sasak Umum,tali yang terbuat dari bambu,,,Balai Bahasa Provinsi NTB (Kamus Terpadu Sasambo)
"tambèa(n,g)",tambèa(n,,Sasak Umum,diaminkan,,,Balai Bahasa Provinsi NTB (Kamus Terpadu Sasambo)
tampar,tampar,,Sasak Umum,nama kampung di Desa Jontlak Lombok Tengah,,,Balai Bahasa Provinsi NTB (Kamus Terpadu Sasambo)
tampes,tampes,,Sasak Umum,"nama desa di kecamatan Kayangan, Bayan",,,Balai Bahasa Provinsi NTB (Kamus Terpadu Sasambo)
tampet,tampet,,Sasak Umum,tutuplah,,,Balai Bahasa Provinsi NTB (Kamus Terpadu Sasambo)
tanaq,tanaq,,Sasak Umum,tanah lumpur,,,Balai Bahasa Provinsi NTB (Kamus Terpadu Sasambo)
tandang,tandang,,Sasak Umum,tari Bali,,,Balai Bahasa Provinsi NTB (Kamus Terpadu Sasambo)
tanggoan-tanggoan,tanggoan-tanggoan,,Sasak Umum,diper-halus dengan “anggo”,,,Balai Bahasa Provinsi NTB (Kamus Terpadu Sasambo)
tangkel,tangkel,,Sasak Umum,upacara yang dilakukan oleh wanita yang akan melahirkan anak pertama agar dia tidak sulit dalam melahirkan bayinya,,,Balai Bahasa Provinsi NTB (Kamus Terpadu Sasambo)
tantap-antap,tantap-antap,,Sasak Umum,nama desa di Lombok Utara,,,Balai Bahasa Provinsi NTB (Kamus Terpadu Sasambo)
taon,taon,,Sasak Umum,musim penghujan dan kemarau,,,Balai Bahasa Provinsi NTB (Kamus Terpadu Sasambo)
tau kowok,tau kowok,,Sasak Umum,orang asing,,,Balai Bahasa Provinsi NTB (Kamus Terpadu Sasambo)
taun,taun,,Sasak Umum,tahun pertama dl tahun Jawa (Sasak),,,Balai Bahasa Provinsi NTB (Kamus Terpadu Sasambo)
taék (By),taék,,Sasak Umum,upacara membaca Alquran selama tiga malam berturut-turut menjelang tujuh hari orang meninggal di Bayan,,,Balai Bahasa Provinsi NTB (Kamus Terpadu Sasambo)
"te bébéra(n,g)",te bébéra(n,,Sasak Umum,dibeberkan,,,Balai Bahasa Provinsi NTB (Kamus Terpadu Sasambo)
"teajara(n,g)",teajara(n,,Sasak Umum,diajarkan,,,Balai Bahasa Provinsi NTB (Kamus Terpadu Sasambo)
"teaksarâa(n,g)",teaksarâa(n,,Sasak Umum,diaksarakan,,,Balai Bahasa Provinsi NTB (Kamus Terpadu Sasambo)
"tealamata(n,g)",tealamata(n,,Sasak Umum,dialamatkan,,,Balai Bahasa Provinsi NTB (Kamus Terpadu Sasambo)
"teali-alia(n,g)",teali-alia(n,,Sasak Umum,dipakaikan cincin,,,Balai Bahasa Provinsi NTB (Kamus Terpadu Sasambo)
"teamanata(n,g)",teamanata(n,,Sasak Umum,diamanatkan,,,Balai Bahasa Provinsi NTB (Kamus Terpadu Sasambo)
teantepin,teantepin,,Sasak Umum,dikipasi,,,Balai Bahasa Provinsi NTB (Kamus Terpadu Sasambo)
tebabar,tebabar,,Sasak Umum,dipasangi babar,,,Balai Bahasa Provinsi NTB (Kamus Terpadu Sasambo)
tebabarin,tebabarin,,Sasak Umum,dipasangi babar,,,Balai Bahasa Provinsi NTB (Kamus Terpadu Sasambo)
tebacâ,tebacâ,,Sasak Umum,dibaca,,,Balai Bahasa Provinsi NTB (Kamus Terpadu Sasambo)
"tebacâa(n,g)",tebacâa(n,,Sasak Umum,dibacakan,,,Balai Bahasa Provinsi NTB (Kamus Terpadu Sasambo)
tebadaq,tebadaq,,Sasak Umum,diberitahu,,,Balai Bahasa Provinsi NTB (Kamus Terpadu Sasambo)
"tebadaqa(n,g)",tebadaqa(n,,Sasak Umum,diberitahukan,,,Balai Bahasa Provinsi NTB (Kamus Terpadu Sasambo)
tebadung,tebadung,,Sasak Umum,ditebang,,,Balai Bahasa Provinsi NTB (Kamus Terpadu Sasambo)
tebadungin,tebadungin,,Sasak Umum,ditebangi,,,Balai Bahasa Provinsi NTB (Kamus Terpadu Sasambo)
tebadèq,tebadèq,,Sasak Umum,disangka,,,Balai Bahasa Provinsi NTB (Kamus Terpadu Sasambo)
tebagi,tebagi,,Sasak Umum,dibagi,,,Balai Bahasa Provinsi NTB (Kamus Terpadu Sasambo)
"tebagia(n,g)",tebagia(n,,Sasak Umum,dibagikan,,,Balai Bahasa Provinsi NTB (Kamus Terpadu Sasambo)
"tebagusa(n,g)",tebagusa(n,,Sasak Umum,dijadikan bagus,,,Balai Bahasa Provinsi NTB (Kamus Terpadu Sasambo)
tebagusin,tebagusin,,Sasak Umum,dibagusi,,,Balai Bahasa Provinsi NTB (Kamus Terpadu Sasambo)
tebagèqin,tebagèqin,,Sasak Umum,diasami,,,Balai Bahasa Provinsi NTB (Kamus Terpadu Sasambo)
tebait,tebait,,Sasak Umum,diambil,,,Balai Bahasa Provinsi NTB (Kamus Terpadu Sasambo)
"tebaita(n,g)",tebaita(n,,Sasak Umum,diambilkan,,,Balai Bahasa Provinsi NTB (Kamus Terpadu Sasambo)
tebajah,tebajah,,Sasak Umum,dibayar,,,Balai Bahasa Provinsi NTB (Kamus Terpadu Sasambo)
"tebajaha(n,g)",tebajaha(n,,Sasak Umum,dibayarkan,,,Balai Bahasa Provinsi NTB (Kamus Terpadu Sasambo)
tebakatin,tebakatin,,Sasak Umum,dilukai,,,Balai Bahasa Provinsi NTB (Kamus Terpadu Sasambo)
tebalaq,tebalaq,,Sasak Umum,dilarang,,,Balai Bahasa Provinsi NTB (Kamus Terpadu Sasambo)
tebalas,tebalas,,Sasak Umum,dibalas,,,Balai Bahasa Provinsi NTB (Kamus Terpadu Sasambo)
tebales,tebales,,Sasak Umum,dibalas,,,Balai Bahasa Provinsi NTB (Kamus Terpadu Sasambo)
tebalik,tebalik,,Sasak Umum,dibalik,,,Balai Bahasa Provinsi NTB (Kamus Terpadu Sasambo)
"tebandeng-bandenga(n,g)",tebandeng-bandenga(n,,Sasak Umum,di-banding-bandingkan,,,Balai Bahasa Provinsi NTB (Kamus Terpadu Sasambo)
"tebandenga(n,g)",tebandenga(n,,Sasak Umum,dibandingkan,,,Balai Bahasa Provinsi NTB (Kamus Terpadu Sasambo)
tebandâ,tebandâ,,Sasak Umum,dimuat; ditanggung; dipikul,,,Balai Bahasa Provinsi NTB (Kamus Terpadu Sasambo)
"tebanggâa(n,g)",tebanggâa(n,,Sasak Umum,dibanggakan,,,Balai Bahasa Provinsi NTB (Kamus Terpadu Sasambo)
"tebangkala(n,g)",tebangkala(n,,Sasak Umum,dididihkan,,,Balai Bahasa Provinsi NTB (Kamus Terpadu Sasambo)
"tebangkela(n,g)",tebangkela(n,,Sasak Umum,dibantingkan,,,Balai Bahasa Provinsi NTB (Kamus Terpadu Sasambo)
tebangun,tebangun,,Sasak Umum,dibangun,,,Balai Bahasa Provinsi NTB (Kamus Terpadu Sasambo)
tebaniq,tebaniq,,Sasak Umum,berani dilawan,,,Balai Bahasa Provinsi NTB (Kamus Terpadu Sasambo)
tebantel,tebantel,,Sasak Umum,dibela,,,Balai Bahasa Provinsi NTB (Kamus Terpadu Sasambo)
tebanting,tebanting,,Sasak Umum,dijatuhkan,,,Balai Bahasa Provinsi NTB (Kamus Terpadu Sasambo)
"tebantinga(n,g)",tebantinga(n,,Sasak Umum,dijatuhkan oleh orang,,,Balai Bahasa Provinsi NTB (Kamus Terpadu Sasambo)
tebantu,tebantu,,Sasak Umum,dibantu,,,Balai Bahasa Provinsi NTB (Kamus Terpadu Sasambo)
"tebaoa(n,g)",tebaoa(n,,Sasak Umum,dinaungkan,,,Balai Bahasa Provinsi NTB (Kamus Terpadu Sasambo)
tebaoin,tebaoin,,Sasak Umum,dinaungi,,,Balai Bahasa Provinsi NTB (Kamus Terpadu Sasambo)
tebaoq,tebaoq,,Sasak Umum,diambilkan (jemuran),,,Balai Bahasa Provinsi NTB (Kamus Terpadu Sasambo)
"tebaoqa(n,g)",tebaoqa(n,,Sasak Umum,diambilkan,,,Balai Bahasa Provinsi NTB (Kamus Terpadu Sasambo)
"tebaosa(n,g)",tebaosa(n,,Sasak Umum,dikatakan,,,Balai Bahasa Provinsi NTB (Kamus Terpadu Sasambo)
tebaraq,tebaraq,,Sasak Umum,diberi tahu,,,Balai Bahasa Provinsi NTB (Kamus Terpadu Sasambo)
"tebaraqa(n,g)",tebaraqa(n,,Sasak Umum,diberitahukan; dilaporkan,,,Balai Bahasa Provinsi NTB (Kamus Terpadu Sasambo)
"tebarenga(n,g)",tebarenga(n,,Sasak Umum,dicampur,,,Balai Bahasa Provinsi NTB (Kamus Terpadu Sasambo)
tebarengin,tebarengin,,Sasak Umum,ditemani,,,Balai Bahasa Provinsi NTB (Kamus Terpadu Sasambo)
"tebarisa(n,g)",tebarisa(n,,Sasak Umum,dibariskan,,,Balai Bahasa Provinsi NTB (Kamus Terpadu Sasambo)
"tebarua(n,g)",tebarua(n,,Sasak Umum,dijadikan baru,,,Balai Bahasa Provinsi NTB (Kamus Terpadu Sasambo)
"tebarâa(n,g)",tebarâa(n,,Sasak Umum,dikandangkan,,,Balai Bahasa Provinsi NTB (Kamus Terpadu Sasambo)
"tebaréha(n,g)",tebaréha(n,,Sasak Umum,disuruh menunggu,,,Balai Bahasa Provinsi NTB (Kamus Terpadu Sasambo)
tebasaqin,tebasaqin,,Sasak Umum,dibasahi,,,Balai Bahasa Provinsi NTB (Kamus Terpadu Sasambo)
"tebatala(n,g)",tebatala(n,,Sasak Umum,dibatalkan,,,Balai Bahasa Provinsi NTB (Kamus Terpadu Sasambo)
tebatarin,tebatarin,,Sasak Umum,dibuatkan dasar bangunan rumah,,,Balai Bahasa Provinsi NTB (Kamus Terpadu Sasambo)
"tebatbata(n,g)",tebatbata(n,,Sasak Umum,dibabatkan,,,Balai Bahasa Provinsi NTB (Kamus Terpadu Sasambo)
tebaturin,tebaturin,,Sasak Umum,ditemani; dijadikan teman,,,Balai Bahasa Provinsi NTB (Kamus Terpadu Sasambo)
tebauin,tebauin,,Sasak Umum,dipetiki,,,Balai Bahasa Provinsi NTB (Kamus Terpadu Sasambo)
tebawangin,tebawangin,,Sasak Umum,dicampur dengan bawang merah,,,Balai Bahasa Provinsi NTB (Kamus Terpadu Sasambo)
tebayah,tebayah,,Sasak Umum,dibayar,,,Balai Bahasa Provinsi NTB (Kamus Terpadu Sasambo)
tebedil,tebedil,,Sasak Umum,ditembak,,,Balai Bahasa Provinsi NTB (Kamus Terpadu Sasambo)
"tebedâa(n,g)",tebedâa(n,,Sasak Umum,dibedakan,,,Balai Bahasa Provinsi NTB (Kamus Terpadu Sasambo)
tebedékang,tebedékang,,Sasak Umum,dipasangkan pagar,,,Balai Bahasa Provinsi NTB (Kamus Terpadu Sasambo)
tebegik,tebegik,,Sasak Umum,dipasangi penyakit ilmu hitam,,,Balai Bahasa Provinsi NTB (Kamus Terpadu Sasambo)
tebejek,tebejek,,Sasak Umum,diremas; dilumat,,,Balai Bahasa Provinsi NTB (Kamus Terpadu Sasambo)
"tebejeka(n,g)",tebejeka(n,,Sasak Umum,ditenggelamkan (kepala),,,Balai Bahasa Provinsi NTB (Kamus Terpadu Sasambo)
tebelah,tebelah,,Sasak Umum,dipecah,,,Balai Bahasa Provinsi NTB (Kamus Terpadu Sasambo)
tebelakbak,tebelakbak,,Sasak Umum,dibelenggu,,,Balai Bahasa Provinsi NTB (Kamus Terpadu Sasambo)
"tebelanjâa(n,g)",tebelanjâa(n,,Sasak Umum,dibelanjakan,,,Balai Bahasa Provinsi NTB (Kamus Terpadu Sasambo)
tebelas,tebelas,,Sasak Umum,dipisah(kan),,,Balai Bahasa Provinsi NTB (Kamus Terpadu Sasambo)
tebelat,tebelat,,Sasak Umum,dilewati,,,Balai Bahasa Provinsi NTB (Kamus Terpadu Sasambo)
tebelenggu,tebelenggu,,Sasak Umum,dibelenggu,,,Balai Bahasa Provinsi NTB (Kamus Terpadu Sasambo)
tebelet,tebelet,,Sasak Umum,ditelan,,,Balai Bahasa Provinsi NTB (Kamus Terpadu Sasambo)
tebeli,tebeli,,Sasak Umum,dibeli,,,Balai Bahasa Provinsi NTB (Kamus Terpadu Sasambo)
"tebelia(n,g)",tebelia(n,,Sasak Umum,dibelikan,,,Balai Bahasa Provinsi NTB (Kamus Terpadu Sasambo)
tebelot,tebelot,,Sasak Umum,ditelan,,,Balai Bahasa Provinsi NTB (Kamus Terpadu Sasambo)
"tebelèqa(n,g)",tebelèqa(n,,Sasak Umum,dibesarkan,,,Balai Bahasa Provinsi NTB (Kamus Terpadu Sasambo)
tebetampetin,tebetampetin,,Sasak Umum,dipasangkan baju tampet,,,Balai Bahasa Provinsi NTB (Kamus Terpadu Sasambo)
tebèkèq,tebèkèq,,Sasak Umum,dibawa serta,,,Balai Bahasa Provinsi NTB (Kamus Terpadu Sasambo)
tebèlâ,tebèlâ,,Sasak Umum,dibela,,,Balai Bahasa Provinsi NTB (Kamus Terpadu Sasambo)
tebèâ,tebèâ,,Sasak Umum,dibiayai,,,Balai Bahasa Provinsi NTB (Kamus Terpadu Sasambo)
tebébasang,tebébasang,,Sasak Umum,dibebaskan,,,Balai Bahasa Provinsi NTB (Kamus Terpadu Sasambo)
tebécang,tebécang,,Sasak Umum,dibelenggu,,,Balai Bahasa Provinsi NTB (Kamus Terpadu Sasambo)
"tebécanga(n,g)",tebécanga(n,,Sasak Umum,dibelenggukan,,,Balai Bahasa Provinsi NTB (Kamus Terpadu Sasambo)
tebégal,tebégal,,Sasak Umum,dirampok,,,Balai Bahasa Provinsi NTB (Kamus Terpadu Sasambo)
"tebégaqa(n,g)",tebégaqa(n,,Sasak Umum,dibanyakkan,,,Balai Bahasa Provinsi NTB (Kamus Terpadu Sasambo)
tebékot,tebékot,,Sasak Umum,ditipu,,,Balai Bahasa Provinsi NTB (Kamus Terpadu Sasambo)
"tebéla(n,g)",tebéla(n,,Sasak Umum,dibelkan,,,Balai Bahasa Provinsi NTB (Kamus Terpadu Sasambo)
tecampur,tecampur,,Sasak Umum,dicampur,,,Balai Bahasa Provinsi NTB (Kamus Terpadu Sasambo)
"tecampura(n,g)",tecampura(n,,Sasak Umum,dicampurkan,,,Balai Bahasa Provinsi NTB (Kamus Terpadu Sasambo)
tekalialahin,tekalialahin,,Sasak Umum,digambar dng pola pelangi,,,Balai Bahasa Provinsi NTB (Kamus Terpadu Sasambo)
tekambâ-kambâan,tekambâ-kambâan,,Sasak Umum,dijurai-juraikan,,,Balai Bahasa Provinsi NTB (Kamus Terpadu Sasambo)
tekambés,tekambés,,Sasak Umum,diserempet,,,Balai Bahasa Provinsi NTB (Kamus Terpadu Sasambo)
tekamel,tekamel,,Sasak Umum,digigit lumat,,,Balai Bahasa Provinsi NTB (Kamus Terpadu Sasambo)
tekangen,tekangen,,Sasak Umum,disayangi; dicintai,,,Balai Bahasa Provinsi NTB (Kamus Terpadu Sasambo)
"tekebeleta(n,g)",tekebeleta(n,,Sasak Umum,dipersulit,,,Balai Bahasa Provinsi NTB (Kamus Terpadu Sasambo)
"tekejamesa(n,g)",tekejamesa(n,,Sasak Umum,dikeramas,,,Balai Bahasa Provinsi NTB (Kamus Terpadu Sasambo)
tekejamesin,tekejamesin,,Sasak Umum,dikeramasi,,,Balai Bahasa Provinsi NTB (Kamus Terpadu Sasambo)
telih,telih,,Sasak Umum,nama penyakit malaria,,,Balai Bahasa Provinsi NTB (Kamus Terpadu Sasambo)
teloq,teloq,,Sasak Umum,telur asin,,,Balai Bahasa Provinsi NTB (Kamus Terpadu Sasambo)
"temamiqa(n,g)",temamiqa(n,,Sasak Umum,dipanggil mamiq,,,Balai Bahasa Provinsi NTB (Kamus Terpadu Sasambo)
tembebaraq,tembebaraq,,Sasak Umum,limpa,,,Balai Bahasa Provinsi NTB (Kamus Terpadu Sasambo)
tepaduq-aduq,tepaduq-aduq,,Sasak Umum,diadu domba,,,Balai Bahasa Provinsi NTB (Kamus Terpadu Sasambo)
tepalè-alè,tepalè-alè,,Sasak Umum,dikejar-kejar; dikejar,,,Balai Bahasa Provinsi NTB (Kamus Terpadu Sasambo)
tepebawaq,tepebawaq,,Sasak Umum,diperendah,,,Balai Bahasa Provinsi NTB (Kamus Terpadu Sasambo)
tepebecat,tepebecat,,Sasak Umum,dipercepat,,,Balai Bahasa Provinsi NTB (Kamus Terpadu Sasambo)
tepebelèq,tepebelèq,,Sasak Umum,diperbesar,,,Balai Bahasa Provinsi NTB (Kamus Terpadu Sasambo)
tepebèloq,tepebèloq,,Sasak Umum,dipanjangkan; diperpanjang,,,Balai Bahasa Provinsi NTB (Kamus Terpadu Sasambo)
tepelajarin,tepelajarin,,Sasak Umum,dipelajari,,,Balai Bahasa Provinsi NTB (Kamus Terpadu Sasambo)
tepenganjeng,tepenganjeng,,Sasak Umum,diberdirikan,,,Balai Bahasa Provinsi NTB (Kamus Terpadu Sasambo)
teperaduq-aduq,teperaduq-aduq,,Sasak Umum,diadu-adukan,,,Balai Bahasa Provinsi NTB (Kamus Terpadu Sasambo)
teperaiq,teperaiq,,Sasak Umum,diari; diusahakan air,,,Balai Bahasa Provinsi NTB (Kamus Terpadu Sasambo)
"teperaiqa(n,g)",teperaiqa(n,,Sasak Umum,(diusahakan) berarir,,,Balai Bahasa Provinsi NTB (Kamus Terpadu Sasambo)
"teperajahin, tepelajahin",teperajahin,,Sasak Umum,dipelajari,,,Balai Bahasa Provinsi NTB (Kamus Terpadu Sasambo)
teperakuq,teperakuq,,Sasak Umum,diperakukan (kpd orang ketiga oleh orang kedua),,,Balai Bahasa Provinsi NTB (Kamus Terpadu Sasambo)
teperalat,teperalat,,Sasak Umum,diperalat; digunakan atau diperlakukan sbg alat,,,Balai Bahasa Provinsi NTB (Kamus Terpadu Sasambo)
teperalis,teperalis,,Sasak Umum,dibuatkan alis,,,Balai Bahasa Provinsi NTB (Kamus Terpadu Sasambo)
teperamâin,teperamâin,,Sasak Umum,dikencani layaknya suami-istri,,,Balai Bahasa Provinsi NTB (Kamus Terpadu Sasambo)
teperangen,teperangen,,Sasak Umum,dirindukan,,,Balai Bahasa Provinsi NTB (Kamus Terpadu Sasambo)
teperangguq,teperangguq,,Sasak Umum,dibenturkan,,,Balai Bahasa Provinsi NTB (Kamus Terpadu Sasambo)
teradi,teradi,,Sasak Umum,yang paling kecil,,,Balai Bahasa Provinsi NTB (Kamus Terpadu Sasambo)
teradian,teradian,,Sasak Umum,lebih kecil lagi,,,Balai Bahasa Provinsi NTB (Kamus Terpadu Sasambo)
terahir,terahir,,Sasak Umum,terakhir,,,Balai Bahasa Provinsi NTB (Kamus Terpadu Sasambo)
terong,terong,,Sasak Umum,tomat,,,Balai Bahasa Provinsi NTB (Kamus Terpadu Sasambo)
"tesemamâa(n,g)",tesemamâa(n,,Sasak Umum,dipersuami-kan,,,Balai Bahasa Provinsi NTB (Kamus Terpadu Sasambo)
tetanggor,tetanggor,,Sasak Umum,dipanggil,,,Balai Bahasa Provinsi NTB (Kamus Terpadu Sasambo)
titi,titi,,Sasak Umum,nama istilah dalam bahasa Sasak yang membicarakan masalah kata dasar dan kata jadian,,,Balai Bahasa Provinsi NTB (Kamus Terpadu Sasambo)
tolang,tolang,,Sasak Umum,tulang belikat,,,Balai Bahasa Provinsi NTB (Kamus Terpadu Sasambo)
tuan guru,tuan guru,,Sasak Umum,tuan guru haji (kiayi haji; ulama Islam yang sudah haji),,,Balai Bahasa Provinsi NTB (Kamus Terpadu Sasambo)
tubajang,tubajang,,Sasak Umum,pemuda,,,Balai Bahasa Provinsi NTB (Kamus Terpadu Sasambo)
tukang,tukang,,Sasak Umum,orang yang pekerjaannya memasang penyakit ilmu hitam,,,Balai Bahasa Provinsi NTB (Kamus Terpadu Sasambo)
turun,turun,,Sasak Umum,turun haji (kembali dari tanah suci Mekkah),,,Balai Bahasa Provinsi NTB (Kamus Terpadu Sasambo)
tutuq,tutuq,,Sasak Umum,kehabisan akal,,,Balai Bahasa Provinsi NTB (Kamus Terpadu Sasambo)
urup,urup,,Sasak Umum,huruf Arab,,,Balai Bahasa Provinsi NTB (Kamus Terpadu Sasambo)
waktu,waktu,,Sasak Umum,waktu asar,,,Balai Bahasa Provinsi NTB (Kamus Terpadu Sasambo)
élaq,élaq,,Sasak Umum,lidah kecil,,,Balai Bahasa Provinsi NTB (Kamus Terpadu Sasambo)
éndéng,éndéng,,Sasak Umum,minta belas kasih,,,Balai Bahasa Provinsi NTB (Kamus Terpadu Sasambo)
