surface,lemma,prefix,infix,suffix,dialect
abah,abah,,,,general
abak,abak,,,,general
aban,aban,,,,general
abang,abang,,,,general
abar,abar,,,,general
abas,abas,,,,general
abat,abat,,,,general
abek,abek,,,,general
aben,aben,,,,general
abena,abena,,,,general
aber,aber,,,,general
abih,abih,,,,general
abon,abon,,,,general
abong,abong,,,,general
abot,abot,,,,general
abu,abu,,,,general
abuk,abuk,,,,general
abut,abut,,,,general
abuta,abuta,,,,general
acan,acan,,,,general
aceh,aceh,,,,general
aci,aci,,,,general
acih,acih,,,,general
acong,acong,,,,general
adah,adah,,,,general
adal,adal,,,,general
adala,adala,,,,general
adam,adam,,,,general
adang,adang,,,,general
adap,adap,,,,general
adar,adar,,,,general
adas,adas,,,,general
adasa,adasa,,,,general
adat,adat,,,,general
adata,adata,,,,general
adek,adek,,,,general
adel,adel,,,,general
adem,adem,,,,general
aden,aden,,,,general
adeng,adeng,,,,general
adenga,adenga,,,,general
adep,adep,,,,general
adeq,adeq,,,,general
adeqa,adeqa,,,,general
adi,adi,,,,general
adik,adik,,,,general
adil,adil,,,,general
ading,ading,,,,general
adiq,adiq,,,,general
aditya,aditya,,,,general
ado,ado,,,,general
adoh,adoh,,,,general
adok,adok,,,,general
adoka,adoka,,,,general
adon,adon,,,,general
adona,adona,,,,general
adoq,adoq,,,,general
adu,adu,,,,general
adua,adua,,,,general
aduh,aduh,,,,general
aduk,aduk,,,,general
aer,aer,,,,general
agama,agama,,,,general
agas,agas,,,,general
agat,agat,,,,general
agel,agel,,,,general
agem,agem,,,,general
agen,agen,,,,general
ageq,ageq,,,,general
aget,aget,,,,general
agin,agin,,,,general
agiq,agiq,,,,general
agiqa,agiqa,,,,general
agir,agir,,,,general
agit,agit,,,,general
agol,agol,,,,general
agola,agola,,,,general
agon,agon,,,,general
agu,agu,,,,general
aguk,aguk,,,,general
agul,agul,,,,general
agum,agum,,,,general
agun,agun,,,,general
agung,agung,,,,general
agunga,agunga,,,,general
agus,agus,,,,general
ahat,ahat,,,,general
ahbakaq,ahbakaq,,,,general
ahbantar,ahbantar,,,,general
ahbebet,ahbebet,,,,general
aherat,aherat,,,,general
ahir,ahir,,,,general
ahlak,ahlak,,,,general
ahli,ahli,,,,general
ahmat,ahmat,,,,general
aikmel,aikmel,,,,general
ain,ain,,,,general
aing,aing,,,,general
aip,aip,,,,general
aiq,aiq,,,,general
aiqa,aiqa,,,,general
air,air,,,,general
ajah,ajah,,,,general
ajaha,ajaha,,,,general
ajaip,ajaip,,,,general
ajak,ajak,,,,general
ajal,ajal,,,,general
ajaq,ajaq,,,,general
ajaqa,ajaqa,,,,general
ajar,ajar,,,,general
ajara,ajara,,,,general
ajat,ajat,,,,general
aji,aji,,,,general
ajia,ajia,,,,general
ajimat,ajimat,,,,general
ajiq,ajiq,,,,general
ajir,ajir,,,,general
ajo,ajo,,,,general
ajong,ajong,,,,general
ajonga,ajonga,,,,general
ajor,ajor,,,,general
ajum,ajum,,,,general
ajur,ajur,,,,general
akah,akah,,,,general
akal,akal,,,,general
akala,akala,,,,general
akan,akan,,,,general
akaq,akaq,,,,general
akar,akar,,,,general
akat,akat,,,,general
akata,akata,,,,general
akbar,akbar,,,,general
aki,aki,,,,general
akik,akik,,,,general
akikah,akikah,,,,general
akikat,akikat,,,,general
akil,akil,,,,general
akon,akon,,,,general
akor,akor,,,,general
akora,akora,,,,general
aksama,aksama,,,,general
aksara,aksara,,,,general
aksaraa,aksaraa,,,,general
aksi,aksi,,,,general
aku,aku,,,,general
akua,akua,,,,general
akup,akup,,,,general
akuq,akuq,,,,general
akur,akur,,,,general
ala,ala,,,,general
alah,alah,,,,general
alal,alal,,,,general
alala,alala,,,,general
alam,alam,,,,general
alamat,alamat,,,,general
alamata,alamata,,,,general
alang,alang,,,,general
alap,alap,,,,general
alar,alar,,,,general
alas,alas,,,,general
alat,alat,,,,general
ale,ale,,,,general
aleh,aleh,,,,general
aleha,aleha,,,,general
alek,alek,,,,general
alem,alem,,,,general
alema,alema,,,,general
aleng,aleng,,,,general
alep,alep,,,,general
aleq,aleq,,,,general
ales,ales,,,,general
alet,alet,,,,general
aleta,aleta,,,,general
alhak,alhak,,,,general
ali,ali,,,,general
alialah,alialah,,,,general
alias,alias,,,,general
alim,alim,,,,general
aling,aling,,,,general
alip,alip,,,,general
alir,alir,,,,general
alira,alira,,,,general
alis,alis,,,,general
alit,alit,,,,general
alkas,alkas,,,,general
alo,alo,,,,general
aloh,aloh,,,,general
alok,alok,,,,general
aloka,aloka,,,,general
alon,alon,,,,general
alona,alona,,,,general
along,along,,,,general
alor,alor,,,,general
alos,alos,,,,general
alot,alot,,,,general
alu,alu,,,,general
aluat,aluat,,,,general
aluh,aluh,,,,general
aluha,aluha,,,,general
alung,alung,,,,general
aluq,aluq,,,,general
alur,alur,,,,general
alura,alura,,,,general
alus,alus,,,,general
alusa,alusa,,,,general
ama,ama,,,,general
amah,amah,,,,general
amal,amal,,,,general
amala,amala,,,,general
aman,aman,,,,general
amana,amana,,,,general
amanah,amanah,,,,general
amanat,amanat,,,,general
amanata,amanata,,,,general
amaq,amaq,,,,general
amar,amar,,,,general
amas,amas,,,,general
amat,amat,,,,general
amb,amb,,,,general
amba,amba,,,,general
ambal,ambal,,,,general
ambar,ambar,,,,general
ambara,ambara,,,,general
ambe,ambe,,,,general
ambek,ambek,,,,general
ambel,ambel,,,,general
amben,amben,,,,general
ambeng,ambeng,,,,general
ambes,ambes,,,,general
ambik,ambik,,,,general
ambil,ambil,,,,general
ambila,ambila,,,,general
ambis,ambis,,,,general
ambon,ambon,,,,general
ambong,ambong,,,,general
amboq,amboq,,,,general
ambor,ambor,,,,general
ambu,ambu,,,,general
ambuk,ambuk,,,,general
ambul,ambul,,,,general
ambula,ambula,,,,general
ambuq,ambuq,,,,general
ambur,ambur,,,,general
ambura,ambura,,,,general
amek,amek,,,,general
amel,amel,,,,general
ameng,ameng,,,,general
ameq,ameq,,,,general
amer,amer,,,,general
amera,amera,,,,general
ames,ames,,,,general
amesa,amesa,,,,general
amet,amet,,,,general
ami,ami,,,,general
amil,amil,,,,general
amin,amin,,,,general
amina,amina,,,,general
amiq,amiq,,,,general
amiqa,amiqa,,,,general
amir,amir,,,,general
amit,amit,,,,general
amok,amok,,,,general
among,among,,,,general
amor,amor,,,,general
amoria,amoria,,,,general
amp,amp,,,,general
ampa,ampa,,,,general
ampah,ampah,,,,general
ampaha,ampaha,,,,general
ampak,ampak,,,,general
ampao,ampao,,,,general
ampar,ampar,,,,general
ampat,ampat,,,,general
ampel,ampel,,,,general
ampen,ampen,,,,general
amper,amper,,,,general
ampes,ampes,,,,general
ampesa,ampesa,,,,general
ampet,ampet,,,,general
ampeta,ampeta,,,,general
ampi,ampi,,,,general
ampia,ampia,,,,general
ampik,ampik,,,,general
ampil,ampil,,,,general
ampiq,ampiq,,,,general
ampir,ampir,,,,general
ampoh,ampoh,,,,general
ampok,ampok,,,,general
ampoq,ampoq,,,,general
ampu,ampu,,,,general
ampuk,ampuk,,,,general
ampun,ampun,,,,general
ampuna,ampuna,,,,general
ampung,ampung,,,,general
ampura,ampura,,,,general
ampuray,ampuray,,,,general
amsah,amsah,,,,general
amu,amu,,,,general
amuk,amuk,,,,general
amung,amung,,,,general
amuq,amuq,,,,general
anak,anak,,,,general
anaka,anaka,,,,general
anang,anang,,,,general
ancak,ancak,,,,general
ancar,ancar,,,,general
ancot,ancot,,,,general
andam,andam,,,,general
andang,andang,,,,general
andanga,andanga,,,,general
andar,andar,,,,general
andara,andara,,,,general
ande,ande,,,,general
andea,andea,,,,general
andek,andek,,,,general
andeka,andeka,,,,general
andel,andel,,,,general
andela,andela,,,,general
anden,anden,,,,general
ander,ander,,,,general
andika,andika,,,,general
andikaa,andikaa,,,,general
andong,andong,,,,general
andonga,andonga,,,,general
andos,andos,,,,general
andosa,andosa,,,,general
anduk,anduk,,,,general
aneh,aneh,,,,general
ang,ang,,,,general
angas,angas,,,,general
angasa,angasa,,,,general
angen,angen,,,,general
angena,angena,,,,general
anget,anget,,,,general
angeta,angeta,,,,general
anggah,anggah,,,,general
anggar,anggar,,,,general
anggara,anggara,,,,general
anggek,anggek,,,,general
anggep,anggep,,,,general
anggepa,anggepa,,,,general
anggo,anggo,,,,general
anggop,anggop,,,,general
anggopa,anggopa,,,,general
anggoq,anggoq,,,,general
anggoqa,anggoqa,,,,general
anggor,anggor,,,,general
angguk,angguk,,,,general
angguq,angguq,,,,general
anggur,anggur,,,,general
anggura,anggura,,,,general
angin,angin,,,,general
angk,angk,,,,general
angka,angka,,,,general
angkaq,angkaq,,,,general
angkat,angkat,,,,general
angkata,angkata,,,,general
angken,angken,,,,general
angker,angker,,,,general
angkon,angkon,,,,general
angkos,angkos,,,,general
angkot,angkot,,,,general
angku,angku,,,,general
angkumpe,angkumpe,,,,general
angkunda,angkunda,,,,general
angkungku,angkungku,,,,general
angkunta,angkunta,,,,general
angkus,angkus,,,,general
angkut,angkut,,,,general
angop,angop,,,,general
angpao,angpao,,,,general
angsa,angsa,,,,general
angsana,angsana,,,,general
angsel,angsel,,,,general
angsela,angsela,,,,general
angsok,angsok,,,,general
angsor,angsor,,,,general
angsora,angsora,,,,general
angsuh,angsuh,,,,general
angsul,angsul,,,,general
angsur,angsur,,,,general
aniayaq,aniayaq,,,,general
aning,aning,,,,general
aniq,aniq,,,,general
anjah,anjah,,,,general
anjani,anjani,,,,general
anjar,anjar,,,,general
anjara,anjara,,,,general
anjek,anjek,,,,general
anjeka,anjeka,,,,general
anjeng,anjeng,,,,general
anjenga,anjenga,,,,general
anjok,anjok,,,,general
anjoka,anjoka,,,,general
anjul,anjul,,,,general
anjung,anjung,,,,general
anjur,anjur,,,,general
anjura,anjura,,,,general
ano,ano,,,,general
ansel,ansel,,,,general
ansen,ansen,,,,general
ansor,ansor,,,,general
ansuh,ansuh,,,,general
ansuha,ansuha,,,,general
ansul,ansul,,,,general
ansun,ansun,,,,general
anta,anta,,,,general
antaa,antaa,,,,general
antap,antap,,,,general
antem,antem,,,,general
antema,antema,,,,general
antep,antep,,,,general
antih,antih,,,,general
anting,anting,,,,general
antiq,antiq,,,,general
antiqa,antiqa,,,,general
anton,anton,,,,general
antos,antos,,,,general
antu,antu,,,,general
antuk,antuk,,,,general
antuka,antuka,,,,general
antuq,antuq,,,,general
antuqa,antuqa,,,,general
anuq,anuq,,,,general
anuqa,anuqa,,,,general
anyam,anyam,,,,general
anyir,anyir,,,,general
aoq,aoq,,,,general
apa,apa,,,,general
apah,apah,,,,general
apaha,apaha,,,,general
apak,apak,,,,general
apal,apal,,,,general
apala,apala,,,,general
apem,apem,,,,general
apeq,apeq,,,,general
api,api,,,,general
apik,apik,,,,general
apika,apika,,,,general
apin,apin,,,,general
apit,apit,,,,general
apita,apita,,,,general
apuh,apuh,,,,general
apur,apur,,,,general
apus,apus,,,,general
apusa,apusa,,,,general
ara,ara,,,,general
arah,arah,,,,general
arak,arak,,,,general
aran,aran,,,,general
arang,arang,,,,general
arap,arap,,,,general
araq,araq,,,,general
araqa,araqa,,,,general
arat,arat,,,,general
arata,arata,,,,general
are,are,,,,general
arem,arem,,,,general
aren,aren,,,,general
arep,arep,,,,general
arepa,arepa,,,,general
areq,areq,,,,general
areqa,areqa,,,,general
ariq,ariq,,,,general
arit,arit,,,,general
arloji,arloji,,,,general
aro,aro,,,,general
aroh,aroh,,,,general
arok,arok,,,,general
arong,arong,,,,general
arot,arot,,,,general
arpah,arpah,,,,general
arta,arta,,,,general
arti,arti,,,,general
artia,artia,,,,general
aru,aru,,,,general
arus,arus,,,,general
arusa,arusa,,,,general
arwah,arwah,,,,general
asah,asah,,,,general
asaha,asaha,,,,general
asal,asal,,,,general
asaq,asaq,,,,general
asar,asar,,,,general
asem,asem,,,,general
aseq,aseq,,,,general
asera,asera,,,,general
asil,asil,,,,general
asila,asila,,,,general
asin,asin,,,,general
asta,asta,,,,general
atak,atak,,,,general
atas,atas,,,,general
atasa,atasa,,,,general
atawa,atawa,,,,general
ate,ate,,,,general
atea,atea,,,,general
atep,atep,,,,general
ater,ater,,,,general
atera,atera,,,,general
atom,atom,,,,general
atong,atong,,,,general
atonga,atonga,,,,general
atuh,atuh,,,,general
atuha,atuha,,,,general
atur,atur,,,,general
atura,atura,,,,general
atus,atus,,,,general
aur,aur,,,,general
aut,aut,,,,general
auta,auta,,,,general
awa,awa,,,,general
awak,awak,,,,general
awal,awal,,,,general
awam,awam,,,,general
awampe,awampe,,,,general
awan,awan,,,,general
awanda,awanda,,,,general
awang,awang,,,,general
awangku,awangku,,,,general
awaq,awaq,,,,general
awas,awas,,,,general
awek,awek,,,,general
aweka,aweka,,,,general
awet,awet,,,,general
aweta,aweta,,,,general
awik,awik,,,,general
awin,awin,,,,general
awis,awis,,,,general
awisa,awisa,,,,general
awon,awon,,,,general
awona,awona,,,,general
awor,awor,,,,general
awora,awora,,,,general
awu,awu,,,,general
awun,awun,,,,general
ayah,ayah,,,,general
ayaq,ayaq,,,,general
ayaqa,ayaqa,,,,general
ayat,ayat,,,,general
azimat,azimat,,,,general
babah,babah,,,,general
babak,babak,,,,general
babar,babar,,,,general
babas,babas,,,,general
babat,babat,,,,general
baca,baca,,,,general
bacaa,bacaa,,,,general
bacot,bacot,,,,general
badah,badah,,,,general
badaq,badaq,,,,general
badaqa,badaqa,,,,general
badar,badar,,,,general
badas,badas,,,,general
badeq,badeq,,,,general
badi,badi,,,,general
badiq,badiq,,,,general
badoq,badoq,,,,general
baduk,baduk,,,,general
badung,badung,,,,general
badunga,badunga,,,,general
badut,badut,,,,general
bae,bae,,,,general
baeh,baeh,,,,general
baes,baes,,,,general
bag,bag,,,,general
baga,baga,,,,general
bageq,bageq,,,,general
bagi,bagi,,,,general
bagia,bagia,,,,general
bagu,bagu,,,,general
bagus,bagus,,,,general
bagusa,bagusa,,,,general
bahla,bahla,,,,general
bai,bai,,,,general
baiq,baiq,,,,general
bais,bais,,,,general
bait,bait,,,,general
baita,baita,,,,general
baj,baj,,,,general
baja,baja,,,,general
bajah,bajah,,,,general
bajaha,bajaha,,,,general
bajang,bajang,,,,general
bajar,bajar,,,,general
bajo,bajo,,,,general
bajur,bajur,,,,general
bak,bak,,,,general
bakal,bakal,,,,general
bakaq,bakaq,,,,general
bakat,bakat,,,,general
bakeq,bakeq,,,,general
bako,bako,,,,general
bakti,bakti,,,,general
balaq,balaq,,,,general
balaqa,balaqa,,,,general
balar,balar,,,,general
balas,balas,,,,general
bale,bale,,,,general
balek,balek,,,,general
balen,balen,,,,general
bales,bales,,,,general
balet,balet,,,,general
bali,bali,,,,general
balik,balik,,,,general
balika,balika,,,,general
balit,balit,,,,general
balok,balok,,,,general
baloq,baloq,,,,general
balu,balu,,,,general
balung,balung,,,,general
balunga,balunga,,,,general
baluq,baluq,,,,general
baluqa,baluqa,,,,general
bamb,bamb,,,,general
bambung,bambung,,,,general
ban,ban,,,,general
bancah,bancah,,,,general
banda,banda,,,,general
bandel,bandel,,,,general
bandeng,bandeng,,,,general
bandenga,bandenga,,,,general
banding,banding,,,,general
bandung,bandung,,,,general
bandunga,bandunga,,,,general
bang,bang,,,,general
bangaq,bangaq,,,,general
banger,banger,,,,general
banget,banget,,,,general
bangga,bangga,,,,general
banggaa,banggaa,,,,general
banggruq,banggruq,,,,general
bangk,bangk,,,,general
bangkal,bangkal,,,,general
bangkala,bangkala,,,,general
bangke,bangke,,,,general
bangkel,bangkel,,,,general
bangkela,bangkela,,,,general
bangken,bangken,,,,general
bangkes,bangkes,,,,general
bangket,bangket,,,,general
bangkok,bangkok,,,,general
bangkol,bangkol,,,,general
bangkon,bangkon,,,,general
bangkrut,bangkrut,,,,general
bangku,bangku,,,,general
bangkuk,bangkuk,,,,general
bangkung,bangkung,,,,general
bangsa,bangsa,,,,general
bangsat,bangsat,,,,general
bangsit,bangsit,,,,general
bangun,bangun,,,,general
bani,bani,,,,general
baniq,baniq,,,,general
banjah,banjah,,,,general
banjaha,banjaha,,,,general
banjar,banjar,,,,general
banjara,banjara,,,,general
banjur,banjur,,,,general
bansu,bansu,,,,general
banta,banta,,,,general
bantal,bantal,,,,general
bantar,bantar,,,,general
bantara,bantara,,,,general
bantat,bantat,,,,general
bante,bante,,,,general
bantek,bantek,,,,general
bantel,bantel,,,,general
banten,banten,,,,general
banteng,banteng,,,,general
banting,banting,,,,general
bantinga,bantinga,,,,general
bantong,bantong,,,,general
bantot,bantot,,,,general
bantota,bantota,,,,general
bantu,bantu,,,,general
bantun,bantun,,,,general
banyaq,banyaq,,,,general
banyol,banyol,,,,general
bao,bao,,,,general
baoa,baoa,,,,general
baok,baok,,,,general
baoq,baoq,,,,general
baoqa,baoqa,,,,general
baos,baos,,,,general
baosa,baosa,,,,general
bapa,bapa,,,,general
bapaq,bapaq,,,,general
baq,baq,,,,general
baqd,baqd,,,,general
bara,bara,,,,general
baraa,baraa,,,,general
barang,barang,,,,general
baraq,baraq,,,,general
baraqa,baraqa,,,,general
barat,barat,,,,general
bareh,bareh,,,,general
bareha,bareha,,,,general
bareng,bareng,,,,general
barenga,barenga,,,,general
bares,bares,,,,general
baret,baret,,,,general
bareta,bareta,,,,general
bari,bari,,,,general
baris,baris,,,,general
barisa,barisa,,,,general
baro,baro,,,,general
baroa,baroa,,,,general
barsah,barsah,,,,general
baru,baru,,,,general
barua,barua,,,,general
barung,barung,,,,general
baruq,baruq,,,,general
barus,barus,,,,general
bas,bas,,,,general
basa,basa,,,,general
basaq,basaq,,,,general
basaqa,basaqa,,,,general
basong,basong,,,,general
bat,bat,,,,general
bata,bata,,,,general
batah,batah,,,,general
batal,batal,,,,general
batala,batala,,,,general
batang,batang,,,,general
batar,batar,,,,general
batbata,batbata,,,,general
batek,batek,,,,general
bateq,bateq,,,,general
bates,bates,,,,general
bati,bati,,,,general
baton,baton,,,,general
batu,batu,,,,general
batuk,batuk,,,,general
batur,batur,,,,general
bau,bau,,,,general
baung,baung,,,,general
baur,baur,,,,general
baura,baura,,,,general
baw,baw,,,,general
bawaq,bawaq,,,,general
bawaqa,bawaqa,,,,general
bawi,bawi,,,,general
bawo,bawo,,,,general
bayah,bayah,,,,general
bayaha,bayaha,,,,general
bayam,bayam,,,,general
bayar,bayar,,,,general
bayem,bayem,,,,general
bayu,bayu,,,,general
bea,bea,,,,general
beaq,beaq,,,,general
bebas,bebas,,,,general
bebek,bebek,,,,general
bec,bec,,,,general
becat,becat,,,,general
beda,beda,,,,general
bedah,bedah,,,,general
bedak,bedak,,,,general
bedil,bedil,,,,general
bedog,bedog,,,,general
bedu,bedu,,,,general
beg,beg,,,,general
bega,bega,,,,general
begu,begu,,,,general
bei,bei,,,,general
bejat,bejat,,,,general
bejek,bejek,,,,general
beka,beka,,,,general
bekeq,bekeq,,,,general
bel,bel,,,,general
bela,bela,,,,general
belabur,belabur,,,,general
belah,belah,,,,general
belanja,belanja,,,,general
belaq,belaq,,,,general
belas,belas,,,,general
bele,bele,,,,general
belek,belek,,,,general
beleq,beleq,,,,general
beler,beler,,,,general
belet,belet,,,,general
beli,beli,,,,general
belo,belo,,,,general
beloq,beloq,,,,general
ben,ben,,,,general
benda,benda,,,,general
beng,beng,,,,general
bengal,bengal,,,,general
bengaq,bengaq,,,,general
bengkak,bengkak,,,,general
bengkel,bengkel,,,,general
bengkok,bengkok,,,,general
beni,beni,,,,general
ber,ber,,,,general
bera,bera,,,,general
berak,berak,,,,general
beraq,beraq,,,,general
berem,berem,,,,general
berora,berora,,,,general
beroraq,beroraq,,,,general
beru,beru,,,,general
beso,beso,,,,general
bet,bet,,,,general
beta,beta,,,,general
beti,beti,,,,general
betu,betu,,,,general
beu,beu,,,,general
bewen,bewen,,,,general
bewi,bewi,,,,general
bialal,bialal,,,,general
bideng,bideng,,,,general
bik,bik,,,,general
bikas,bikas,,,,general
bilaq,bilaq,,,,general
biloq,biloq,,,,general
bingur,bingur,,,,general
bintang,bintang,,,,general
bireng,bireng,,,,general
bis,bis,,,,general
bisoq,bisoq,,,,general
bitek,bitek,,,,general
bobok,bobok,,,,general
bon,bon,,,,general
bong,bong,,,,general
bonges,bonges,,,,general
bontol,bontol,,,,general
buaq,buaq,,,,general
bubur,bubur,,,,general
budaq,budaq,,,,general
bukaq,bukaq,,,,general
bulan,bulan,,,,general
buloq,buloq,,,,general
bulu,bulu,,,,general
buntut,buntut,,,,general
buraq,buraq,,,,general
calon,calon,,,,general
campur,campur,,,,general
campura,campura,,,,general
cang,cang,,,,general
canga,canga,,,,general
cat,cat,,,,general
cata,cata,,,,general
cela,cela,,,,general
cet,cet,,,,general
cicik,cicik,,,,general
cik,cik,,,,general
cip,cip,,,,general
ciq,ciq,,,,general
cobeq,cobeq,,,,general
cucuk,cucuk,,,,general
cupak,cupak,,,,general
daa,daa,,,,general
dac,dac,,,,general
dad,dad,,,,general
dadah,dadah,,,,general
dadar,dadar,,,,general
dag,dag,,,,general
dagul,dagul,,,,general
dahir,dahir,,,,general
daiq,daiq,,,,general
dait,dait,,,,general
dak,dak,,,,general
dalem,dalem,,,,general
dandok,dandok,,,,general
dangkem,dangkem,,,,general
dap,dap,,,,general
dareq,dareq,,,,general
das,das,,,,general
dateng,dateng,,,,general
datu,datu,,,,general
daun,daun,,,,general
daur,daur,,,,general
daya,daya,,,,general
dea,dea,,,,general
dek,dek,,,,general
del,del,,,,general
dendeq,dendeq,,,,general
deng,deng,,,,general
denga,denga,,,,general
dengan,dengan,,,,general
dereq,dereq,,,,general
des,des,,,,general
desa,desa,,,,general
dewa,dewa,,,,general
dewek,dewek,,,,general
din,din,,,,general
diriq,diriq,,,,general
doe,doe,,,,general
dok,dok,,,,general
domas,domas,,,,general
dowen,dowen,,,,general
dua,dua,,,,general
duan,duan,,,,general
duk,duk,,,,general
dup,dup,,,,general
dur,dur,,,,general
duri,duri,,,,general
dus,dus,,,,general
ebang,ebang,,,,general
ebawaq,ebawaq,,,,general
ebel,ebel,,,,general
ebela,ebela,,,,general
ebelet,ebelet,,,,general
ebeleta,ebeleta,,,,general
eji,eji,,,,general
eku,eku,,,,general
eladoq,eladoq,,,,general
elaq,elaq,,,,general
elik,elik,,,,general
elu,elu,,,,general
emas,emas,,,,general
embe,embe,,,,general
embeq,embeq,,,,general
embor,embor,,,,general
embu,embu,,,,general
embuq,embuq,,,,general
empak,empak,,,,general
empaq,empaq,,,,general
emper,emper,,,,general
empoh,empoh,,,,general
empok,empok,,,,general
enak,enak,,,,general
enda,enda,,,,general
endaraq,endaraq,,,,general
endeng,endeng,,,,general
endeq,endeq,,,,general
endeqna,endeqna,,,,general
ene,ene,,,,general
eng,eng,,,,general
engger,engger,,,,general
enggih,enggih,,,,general
engk,engk,,,,general
engkaq,engkaq,,,,general
engkos,engkos,,,,general
enjen,enjen,,,,general
eno,eno,,,,general
ent,ent,,,,general
entong,entong,,,,general
entu,entu,,,,general
epi,epi,,,,general
erat,erat,,,,general
gaan,gaan,,,,general
gaet,gaet,,,,general
gaji,gaji,,,,general
gal,gal,,,,general
galah,galah,,,,general
galeng,galeng,,,,general
galih,galih,,,,general
gam,gam,,,,general
gama,gama,,,,general
gambar,gambar,,,,general
gamber,gamber,,,,general
gambu,gambu,,,,general
gamel,gamel,,,,general
gang,gang,,,,general
ganggas,ganggas,,,,general
gaq,gaq,,,,general
gaqa,gaqa,,,,general
gati,gati,,,,general
gawah,gawah,,,,general
geboh,geboh,,,,general
gedeng,gedeng,,,,general
gegeti,gegeti,,,,general
gen,gen,,,,general
geneng,geneng,,,,general
geres,geres,,,,general
gerik,gerik,,,,general
gero,gero,,,,general
getas,getas,,,,general
gigi,gigi,,,,general
gigih,gigih,,,,general
gik,gik,,,,general
gika,gika,,,,general
godek,godek,,,,general
gombas,gombas,,,,general
goreng,goreng,,,,general
goro,goro,,,,general
gorong,gorong,,,,general
gubuk,gubuk,,,,general
gula,gula,,,,general
gunung,gunung,,,,general
guru,guru,,,,general
hajat,hajat,,,,general
haji,haji,,,,general
halal,halal,,,,general
hat,hat,,,,general
hianat,hianat,,,,general
idup,idup,,,,general
ijuk,ijuk,,,,general
ilen,ilen,,,,general
ilham,ilham,,,,general
ilmu,ilmu,,,,general
ima,ima,,,,general
imbuq,imbuq,,,,general
inan,inan,,,,general
inaq,inaq,,,,general
ind,ind,,,,general
inem,inem,,,,general
inget,inget,,,,general
iroq,iroq,,,,general
isin,isin,,,,general
item,item,,,,general
iwoq,iwoq,,,,general
jadah,jadah,,,,general
jagur,jagur,,,,general
jai,jai,,,,general
jamaq,jamaq,,,,general
jang,jang,,,,general
jangkih,jangkih,,,,general
jaran,jaran,,,,general
jari,jari,,,,general
jawa,jawa,,,,general
jeka,jeka,,,,general
jelo,jelo,,,,general
jembung,jembung,,,,general
jenazah,jenazah,,,,general
jenget,jenget,,,,general
jenis,jenis,,,,general
jero,jero,,,,general
jinten,jinten,,,,general
jiwe,jiwe,,,,general
jol,jol,,,,general
jongkong,jongkong,,,,general
jual,jual,,,,general
juaq,juaq,,,,general
jubah,jubah,,,,general
julu,julu,,,,general
juluq,juluq,,,,general
jumadil,jumadil,,,,general
jumat,jumat,,,,general
kabot,kabot,,,,general
kadaq,kadaq,,,,general
kadeng,kadeng,,,,general
kaget,kaget,,,,general
kagung,kagung,,,,general
kaji,kaji,,,,general
kajum,kajum,,,,general
kaka,kaka,,,,general
kakaq,kakaq,,,,general
kaken,kaken,,,,general
kakoq,kakoq,,,,general
kali,kali,,,,general
kalialah,kalialah,,,,general
kaling,kaling,,,,general
kalung,kalung,,,,general
kam,kam,,,,general
kamban,kamban,,,,general
kambes,kambes,,,,general
kambing,kambing,,,,general
kamboti,kamboti,,,,general
kamel,kamel,,,,general
kan,kan,,,,general
kanak,kanak,,,,general
kance,kance,,,,general
kancing,kancing,,,,general
kandoq,kandoq,,,,general
kangen,kangen,,,,general
kangker,kangker,,,,general
kangkung,kangkung,,,,general
kaniayaq,kaniayaq,,,,general
kanyir,kanyir,,,,general
kapal,kapal,,,,general
kapik,kapik,,,,general
kaq,kaq,,,,general
karang,karang,,,,general
karepa,karepa,,,,general
karo,karo,,,,general
kas,kas,,,,general
kasar,kasar,,,,general
kataq,kataq,,,,general
kaula,kaula,,,,general
kayu,kayu,,,,general
kayuq,kayuq,,,,general
keagung,keagung,,,,general
kealim,kealim,,,,general
keam,keam,,,,general
keamel,keamel,,,,general
kebabas,kebabas,,,,general
kebagus,kebagus,,,,general
kebais,kebais,,,,general
kebalik,kebalik,,,,general
kebalika,kebalika,,,,general
kebandel,kebandel,,,,general
kebangaq,kebangaq,,,,general
kebanyaq,kebanyaq,,,,general
kebao,kebao,,,,general
kebawaqa,kebawaqa,,,,general
kebebas,kebebas,,,,general
kebebel,kebebel,,,,general
kebecat,kebecat,,,,general
kebecik,kebecik,,,,general
kebedah,kebedah,,,,general
kebedak,kebedak,,,,general
kebedeng,kebedeng,,,,general
kebedu,kebedu,,,,general
kebega,kebega,,,,general
kebegal,kebegal,,,,general
kebegala,kebegala,,,,general
kebegaq,kebegaq,,,,general
kebeket,kebeket,,,,general
kebekol,kebekol,,,,general
kebel,kebel,,,,general
kebelek,kebelek,,,,general
kebeleq,kebeleq,,,,general
kebeler,kebeler,,,,general
kebelet,kebelet,,,,general
kebeleta,kebeleta,,,,general
kebelo,kebelo,,,,general
kebeloh,kebeloh,,,,general
kebelot,kebelot,,,,general
kebo,kebo,,,,general
kebon,kebon,,,,general
kedebong,kedebong,,,,general
keh,keh,,,,general
kejames,kejames,,,,general
kejamesa,kejamesa,,,,general
kel,kel,,,,general
kelak,kelak,,,,general
kelambi,kelambi,,,,general
kelanjuh,kelanjuh,,,,general
kelaq,kelaq,,,,general
kelek,kelek,,,,general
keloror,keloror,,,,general
kelutut,kelutut,,,,general
kemadeq,kemadeq,,,,general
kemalem,kemalem,,,,general
kemareq,kemareq,,,,general
kembalik,kembalik,,,,general
kembalit,kembalit,,,,general
kembelet,kembelet,,,,general
kentare,kentare,,,,general
kenyamboq,kenyamboq,,,,general
kenyampoq,kenyampoq,,,,general
kepeng,kepeng,,,,general
keradeng,keradeng,,,,general
keragkat,keragkat,,,,general
keraku,keraku,,,,general
kerakuqa,kerakuqa,,,,general
kerama,kerama,,,,general
kerangkat,kerangkat,,,,general
keraro,keraro,,,,general
keras,keras,,,,general
kerdit,kerdit,,,,general
kerepeq,kerepeq,,,,general
kerta,kerta,,,,general
kerupuk,kerupuk,,,,general
keseq,keseq,,,,general
kesimbar,kesimbar,,,,general
ket,ket,,,,general
keta,keta,,,,general
kete,kete,,,,general
ketujur,ketujur,,,,general
kikis,kikis,,,,general
kikit,kikit,,,,general
kirim,kirim,,,,general
kitap,kitap,,,,general
klewang,klewang,,,,general
koah,koah,,,,general
kocor,kocor,,,,general
kodeq,kodeq,,,,general
kojor,kojor,,,,general
kokoh,kokoh,,,,general
kokoq,kokoq,,,,general
komb,komb,,,,general
komendan,komendan,,,,general
konteq,konteq,,,,general
kop,kop,,,,general
koreng,koreng,,,,general
korong,korong,,,,general
korot,korot,,,,general
kote,kote,,,,general
kowok,kowok,,,,general
kti,kti,,,,general
kulat,kulat,,,,general
kulup,kulup,,,,general
kungkuq,kungkuq,,,,general
kuni,kuni,,,,general
kupi,kupi,,,,general
kurang,kurang,,,,general
kurma,kurma,,,,general
laeq,laeq,,,,general
lain,lain,,,,general
lajah,lajah,,,,general
lajar,lajar,,,,general
lakar,lakar,,,,general
lakas,lakas,,,,general
lakbak,lakbak,,,,general
lakong,lakong,,,,general
lalo,lalo,,,,general
laloq,laloq,,,,general
lamb,lamb,,,,general
lambah,lambah,,,,general
lambek,lambek,,,,general
lamp,lamp,,,,general
lampak,lampak,,,,general
lamun,lamun,,,,general
lan,lan,,,,general
lanat,lanat,,,,general
landa,landa,,,,general
landar,landar,,,,general
lang,lang,,,,general
langgaq,langgaq,,,,general
langit,langit,,,,general
langsir,langsir,,,,general
lanja,lanja,,,,general
lanjaa,lanjaa,,,,general
lant,lant,,,,general
lanting,lanting,,,,general
lantuk,lantuk,,,,general
lapar,lapar,,,,general
laqa,laqa,,,,general
lar,lar,,,,general
lat,lat,,,,general
lata,lata,,,,general
latung,latung,,,,general
laun,laun,,,,general
lauq,lauq,,,,general
ledeng,ledeng,,,,general
ledok,ledok,,,,general
lek,lek,,,,general
leka,leka,,,,general
lekak,lekak,,,,general
lekoq,lekoq,,,,general
lelasuq,lelasuq,,,,general
leleng,leleng,,,,general
lem,lem,,,,general
lemaq,lemaq,,,,general
lemba,lemba,,,,general
lempok,lempok,,,,general
lenc,lenc,,,,general
lencek,lencek,,,,general
leng,leng,,,,general
lenge,lenge,,,,general
lenggu,lenggu,,,,general
lep,lep,,,,general
lepaq,lepaq,,,,general
lepas,lepas,,,,general
lepe,lepe,,,,general
leq,leq,,,,general
leqa,leqa,,,,general
ler,ler,,,,general
letaq,letaq,,,,general
leteng,leteng,,,,general
lia,lia,,,,general
lian,lian,,,,general
lida,lida,,,,general
lik,lik,,,,general
likat,likat,,,,general
likur,likur,,,,general
limbing,limbing,,,,general
lincek,lincek,,,,general
linga,linga,,,,general
linggi,linggi,,,,general
linjo,linjo,,,,general
lis,lis,,,,general
lisung,lisung,,,,general
liung,liung,,,,general
loa,loa,,,,general
loan,loan,,,,general
loeq,loeq,,,,general
loh,loh,,,,general
lohor,lohor,,,,general
lok,lok,,,,general
lokeng,lokeng,,,,general
loking,loking,,,,general
lolo,lolo,,,,general
lolon,lolon,,,,general
lomar,lomar,,,,general
lombok,lombok,,,,general
long,long,,,,general
lubuk,lubuk,,,,general
lueq,lueq,,,,general
lukbuk,lukbuk,,,,general
lur,lur,,,,general
lutung,lutung,,,,general
maca,maca,,,,general
madeq,madeq,,,,general
mait,mait,,,,general
majah,majah,,,,general
makam,makam,,,,general
malem,malem,,,,general
malesa,malesa,,,,general
malik,malik,,,,general
maling,maling,,,,general
mama,mama,,,,general
mamah,mamah,,,,general
mambis,mambis,,,,general
mambu,mambu,,,,general
mambuq,mambuq,,,,general
mamiq,mamiq,,,,general
mamiqa,mamiqa,,,,general
mamper,mamper,,,,general
mampoh,mampoh,,,,general
mangan,mangan,,,,general
manis,manis,,,,general
mantot,mantot,,,,general
manuk,manuk,,,,general
maraq,maraq,,,,general
mareq,mareq,,,,general
masbagiq,masbagiq,,,,general
mata,mata,,,,general
matar,matar,,,,general
mate,mate,,,,general
mau,mau,,,,general
mawa,mawa,,,,general
mayah,mayah,,,,general
mayung,mayung,,,,general
mebasa,mebasa,,,,general
mebera,mebera,,,,general
medil,medil,,,,general
megal,megal,,,,general
meja,meja,,,,general
mejek,mejek,,,,general
mekah,mekah,,,,general
mel,mel,,,,general
melakbak,melakbak,,,,general
melaq,melaq,,,,general
melaqa,melaqa,,,,general
meler,meler,,,,general
meli,meli,,,,general
melia,melia,,,,general
memalik,memalik,,,,general
memayah,memayah,,,,general
memedah,memedah,,,,general
memedil,memedil,,,,general
memeler,memeler,,,,general
memeli,memeli,,,,general
memelota,memelota,,,,general
memengga,memengga,,,,general
menak,menak,,,,general
mengama,mengama,,,,general
meraiq,meraiq,,,,general
meraiqa,meraiqa,,,,general
merakona,merakona,,,,general
merama,merama,,,,general
meramaq,meramaq,,,,general
merariq,merariq,,,,general
meriq,meriq,,,,general
meta,meta,,,,general
minyak,minyak,,,,general
montor,montor,,,,general
mudi,mudi,,,,general
mukinat,mukinat,,,,general
muling,muling,,,,general
nabas,nabas,,,,general
nae,nae,,,,general
nahi,nahi,,,,general
nalar,nalar,,,,general
nampat,nampat,,,,general
nampet,nampet,,,,general
namung,namung,,,,general
nan,nan,,,,general
nanas,nanas,,,,general
nang,nang,,,,general
nanggor,nanggor,,,,general
nao,nao,,,,general
naos,naos,,,,general
nasiq,nasiq,,,,general
ndaiq,ndaiq,,,,general
ndeq,ndeq,,,,general
nekamba,nekamba,,,,general
neng,neng,,,,general
neraka,neraka,,,,general
nga,nga,,,,general
ngac,ngac,,,,general
ngkiwa,ngkiwa,,,,general
ngku,ngku,,,,general
nikah,nikah,,,,general
nimpoh,nimpoh,,,,general
nina,nina,,,,general
nsu,nsu,,,,general
ntu,ntu,,,,general
nunggal,nunggal,,,,general
nyala,nyala,,,,general
nyale,nyale,,,,general
nyalong,nyalong,,,,general
nyalor,nyalor,,,,general
nyamasa,nyamasa,,,,general
nyambila,nyambila,,,,general
nyamboq,nyamboq,,,,general
nyambuq,nyambuq,,,,general
nyampeq,nyampeq,,,,general
nyatus,nyatus,,,,general
nyatusa,nyatusa,,,,general
nyet,nyet,,,,general
nyur,nyur,,,,general
ocong,ocong,,,,general
odaq,odaq,,,,general
olas,olas,,,,general
ombeq,ombeq,,,,general
omber,omber,,,,general
onang,onang,,,,general
onyaq,onyaq,,,,general
opek,opek,,,,general
otak,otak,,,,general
pade,pade,,,,general
padu,padu,,,,general
panaq,panaq,,,,general
pancer,pancer,,,,general
pangarat,pangarat,,,,general
paoq,paoq,,,,general
papuq,papuq,,,,general
paran,paran,,,,general
pardu,pardu,,,,general
pasek,pasek,,,,general
patanah,patanah,,,,general
pati,pati,,,,general
payung,payung,,,,general
pealong,pealong,,,,general
pebawaq,pebawaq,,,,general
pebecat,pebecat,,,,general
pebegaq,pebegaq,,,,general
pebeleq,pebeleq,,,,general
pebeloq,pebeloq,,,,general
pedang,pedang,,,,general
pedes,pedes,,,,general
pedis,pedis,,,,general
pekok,pekok,,,,general
pelajah,pelajah,,,,general
pelajar,pelajar,,,,general
pelangka,pelangka,,,,general
peledok,peledok,,,,general
pelentong,pelentong,,,,general
pelewas,pelewas,,,,general
pelungguh,pelungguh,,,,general
pemangku,pemangku,,,,general
pemareq,pemareq,,,,general
pemekel,pemekel,,,,general
pemeler,pemeler,,,,general
pemutus,pemutus,,,,general
pendet,pendet,,,,general
peneq,peneq,,,,general
penganten,penganten,,,,general
pepadu,pepadu,,,,general
peradal,peradal,,,,general
peradok,peradok,,,,general
peraiq,peraiq,,,,general
peraiqa,peraiqa,,,,general
perajah,perajah,,,,general
perajaha,perajaha,,,,general
perakon,perakon,,,,general
perakona,perakona,,,,general
perakuq,perakuq,,,,general
peralat,peralat,,,,general
peralis,peralis,,,,general
perama,perama,,,,general
peramaq,peramaq,,,,general
perang,perang,,,,general
perangen,perangen,,,,general
perangguq,perangguq,,,,general
perangken,perangken,,,,general
perantiq,perantiq,,,,general
perara,perara,,,,general
peras,peras,,,,general
peratas,peratas,,,,general
perateq,perateq,,,,general
permamiq,permamiq,,,,general
petak,petak,,,,general
petung,petung,,,,general
piatu,piatu,,,,general
pikir,pikir,,,,general
pil,pil,,,,general
pinaq,pinaq,,,,general
pinyak,pinyak,,,,general
pireq,pireq,,,,general
piring,piring,,,,general
pisuara,pisuara,,,,general
pitung,pitung,,,,general
pramamiq,pramamiq,,,,general
praya,praya,,,,general
pugut,pugut,,,,general
pujut,pujut,,,,general
pulek,pulek,,,,general
pulisi,pulisi,,,,general
pulu,pulu,,,,general
puntiq,puntiq,,,,general
puser,puser,,,,general
pusut,pusut,,,,general
putri,putri,,,,general
qan,qan,,,,general
rabiul,rabiul,,,,general
raden,raden,,,,general
radi,radi,,,,general
rahir,rahir,,,,general
raj,raj,,,,general
ralis,ralis,,,,general
rambok,rambok,,,,general
rambu,rambu,,,,general
rand,rand,,,,general
rani,rani,,,,general
rantiq,rantiq,,,,general
raos,raos,,,,general
rari,rari,,,,general
ras,ras,,,,general
ratu,ratu,,,,general
ratur,ratur,,,,general
rau,rau,,,,general
rawak,rawak,,,,general
rebo,rebo,,,,general
rek,rek,,,,general
rekeng,rekeng,,,,general
rekia,rekia,,,,general
reng,reng,,,,general
rengkem,rengkem,,,,general
repes,repes,,,,general
req,req,,,,general
reragi,reragi,,,,general
rerek,rerek,,,,general
res,res,,,,general
ribut,ribut,,,,general
ring,ring,,,,general
riq,riq,,,,general
roas,roas,,,,general
roboh,roboh,,,,general
rong,rong,,,,general
roq,roq,,,,general
ros,ros,,,,general
rua,rua,,,,general
rujak,rujak,,,,general
ruq,ruq,,,,general
sai,sai,,,,general
saidina,saidina,,,,general
saiq,saiq,,,,general
sajaq,sajaq,,,,general
sakit,sakit,,,,general
sakra,sakra,,,,general
salak,salak,,,,general
salaq,salaq,,,,general
saleh,saleh,,,,general
saling,saling,,,,general
samas,samas,,,,general
samasa,samasa,,,,general
sambel,sambel,,,,general
sambil,sambil,,,,general
sambila,sambila,,,,general
sampi,sampi,,,,general
sampoq,sampoq,,,,general
sand,sand,,,,general
sangkakala,sangkakala,,,,general
sangu,sangu,,,,general
sarak,sarak,,,,general
sari,sari,,,,general
sasak,sasak,,,,general
satak,satak,,,,general
satus,satus,,,,general
saur,saur,,,,general
sawa,sawa,,,,general
sayo,sayo,,,,general
sayur,sayur,,,,general
seampil,seampil,,,,general
seandena,seandena,,,,general
seasta,seasta,,,,general
sebanjah,sebanjah,,,,general
sebelek,sebelek,,,,general
sebia,sebia,,,,general
seboq,seboq,,,,general
sebut,sebut,,,,general
segara,segara,,,,general
segare,segare,,,,general
sekat,sekat,,,,general
sekolah,sekolah,,,,general
sekuh,sekuh,,,,general
selagalas,selagalas,,,,general
selana,selana,,,,general
selat,selat,,,,general
selema,selema,,,,general
semama,semama,,,,general
semamaa,semamaa,,,,general
semamaq,semamaq,,,,general
semangga,semangga,,,,general
sembay,sembay,,,,general
sembelah,sembelah,,,,general
semeton,semeton,,,,general
sempeda,sempeda,,,,general
sendeqman,sendeqman,,,,general
sengaka,sengaka,,,,general
sengano,sengano,,,,general
sependaiq,sependaiq,,,,general
seperadek,seperadek,,,,general
sepuq,sepuq,,,,general
serep,serep,,,,general
serut,serut,,,,general
sesangi,sesangi,,,,general
setanggor,setanggor,,,,general
sia,sia,,,,general
siar,siar,,,,general
sida,sida,,,,general
side,side,,,,general
sili,sili,,,,general
sip,sip,,,,general
siu,siu,,,,general
solah,solah,,,,general
songket,songket,,,,general
songkoq,songkoq,,,,general
sten,sten,,,,general
suah,suah,,,,general
subuh,subuh,,,,general
sugul,sugul,,,,general
sumpah,sumpah,,,,general
suna,suna,,,,general
suralaga,suralaga,,,,general
susu,susu,,,,general
tab,tab,,,,general
tabas,tabas,,,,general
tabek,tabek,,,,general
taben,taben,,,,general
tabih,tabih,,,,general
tabut,tabut,,,,general
tac,tac,,,,general
tad,tad,,,,general
tadah,tadah,,,,general
tadas,tadas,,,,general
tadeq,tadeq,,,,general
tadil,tadil,,,,general
tadok,tadok,,,,general
tadon,tadon,,,,general
tadong,tadong,,,,general
tadu,tadu,,,,general
taduk,taduk,,,,general
taek,taek,,,,general
tagiq,tagiq,,,,general
tagum,tagum,,,,general
tai,tai,,,,general
tain,tain,,,,general
tajah,tajah,,,,general
tajaq,tajaq,,,,general
taji,taji,,,,general
tajum,tajum,,,,general
takal,takal,,,,general
takon,takon,,,,general
takuq,takuq,,,,general
tal,tal,,,,general
talam,talam,,,,general
taleh,taleh,,,,general
tali,tali,,,,general
talir,talir,,,,general
talong,talong,,,,general
talu,talu,,,,general
talung,talung,,,,general
talur,talur,,,,general
tama,tama,,,,general
tamah,tamah,,,,general
tamaq,tamaq,,,,general
tamar,tamar,,,,general
tamas,tamas,,,,general
tambal,tambal,,,,general
tambea,tambea,,,,general
tambel,tambel,,,,general
tamben,tamben,,,,general
tambeng,tambeng,,,,general
tambes,tambes,,,,general
tambong,tambong,,,,general
tambuq,tambuq,,,,general
tamer,tamer,,,,general
tames,tames,,,,general
tamet,tamet,,,,general
tamok,tamok,,,,general
tamong,tamong,,,,general
tampar,tampar,,,,general
tampat,tampat,,,,general
tampes,tampes,,,,general
tampet,tampet,,,,general
tampik,tampik,,,,general
tampok,tampok,,,,general
tampuk,tampuk,,,,general
tamuk,tamuk,,,,general
tanah,tanah,,,,general
tanaq,tanaq,,,,general
tancot,tancot,,,,general
tand,tand,,,,general
tandek,tandek,,,,general
tandok,tandok,,,,general
tandos,tandos,,,,general
tanduk,tanduk,,,,general
tang,tang,,,,general
tanget,tanget,,,,general
tanggah,tanggah,,,,general
tanggep,tanggep,,,,general
tanggor,tanggor,,,,general
tanggung,tanggung,,,,general
tangguq,tangguq,,,,general
tangkat,tangkat,,,,general
tangkel,tangkel,,,,general
tangkon,tangkon,,,,general
tangkut,tangkut,,,,general
tangsor,tangsor,,,,general
tangsuh,tangsuh,,,,general
tangsul,tangsul,,,,general
tangsur,tangsur,,,,general
taniayaq,taniayaq,,,,general
tanjah,tanjah,,,,general
tanjar,tanjar,,,,general
tanjek,tanjek,,,,general
tanjur,tanjur,,,,general
tansuh,tansuh,,,,general
tantem,tantem,,,,general
tantep,tantep,,,,general
tantih,tantih,,,,general
tantiq,tantiq,,,,general
tanton,tanton,,,,general
tantos,tantos,,,,general
tantuq,tantuq,,,,general
tanuq,tanuq,,,,general
taon,taon,,,,general
tap,tap,,,,general
tapah,tapah,,,,general
tapal,tapal,,,,general
tapen,tapen,,,,general
tapeq,tapeq,,,,general
tapit,tapit,,,,general
tapsila,tapsila,,,,general
tapuh,tapuh,,,,general
tapur,tapur,,,,general
tapus,tapus,,,,general
tar,tar,,,,general
tarah,tarah,,,,general
tarat,tarat,,,,general
tarem,tarem,,,,general
tarep,tarep,,,,general
tareq,tareq,,,,general
tarok,tarok,,,,general
tarot,tarot,,,,general
tarti,tarti,,,,general
tasaq,tasaq,,,,general
taser,taser,,,,general
tater,tater,,,,general
tatong,tatong,,,,general
tatuh,tatuh,,,,general
tatur,tatur,,,,general
tau,tau,,,,general
taun,taun,,,,general
taut,taut,,,,general
tawah,tawah,,,,general
tawaq,tawaq,,,,general
tawas,tawas,,,,general
tawek,tawek,,,,general
tawis,tawis,,,,general
tawon,tawon,,,,general
tawor,tawor,,,,general
tayaq,tayaq,,,,general
teh,teh,,,,general
tek,tek,,,,general
tekan,tekan,,,,general
telih,telih,,,,general
teloq,teloq,,,,general
telu,telu,,,,general
tiang,tiang,,,,general
tiken,tiken,,,,general
timuq,timuq,,,,general
tindok,tindok,,,,general
titi,titi,,,,general
tiwoq,tiwoq,,,,general
tiy,tiy,,,,general
tiyang,tiyang,,,,general
toaq,toaq,,,,general
tok,tok,,,,general
tolang,tolang,,,,general
ton,ton,,,,general
toya,toya,,,,general
tuak,tuak,,,,general
tuan,tuan,,,,general
tubaj,tubaj,,,,general
tugu,tugu,,,,general
tujaq,tujaq,,,,general
tuk,tuk,,,,general
tulis,tulis,,,,general
tulung,tulung,,,,general
tunggal,tunggal,,,,general
tunjuk,tunjuk,,,,general
tuntut,tuntut,,,,general
turis,turis,,,,general
turun,turun,,,,general
tutul,tutul,,,,general
tutuq,tutuq,,,,general
ugama,ugama,,,,general
ugaq,ugaq,,,,general
ulu,ulu,,,,general
umbaq,umbaq,,,,general
uni,uni,,,,general
urup,urup,,,,general
wah,wah,,,,general
waktu,waktu,,,,general
waris,waris,,,,general
waru,waru,,,,general
westu,westu,,,,general
wong,wong,,,,general
yaqkup,yaqkup,,,,general
yatim,yatim,,,,general
beabah,abah,be,,,meno-mene
beabak,abak,be,,,meno-mene
beaban,aban,be,,,meno-mene
beabang,abang,be,,,general
beabar,abar,be,,,ngeno-ngene
beabas,abas,be,,,ngeno-ngene
beabat,abat,be,,,general
beabek,abek,be,,,ngeno-ngene
beaben,aben,be,,,ngeno-ngene
beabena,abena,be,,,general
beaber,aber,be,,,ngeno-ngene
beabih,abih,be,,,ngeno-ngene
beabon,abon,be,,,kuto-kute
beabong,abong,be,,,general
beabot,abot,be,,,kuto-kute
beabu,abu,be,,,merikuq-merikaq
beabuk,abuk,be,,,kuto-kute
beabut,abut,be,,,kuto-kute
beabuta,abuta,be,,,merikuq-merikaq
beacan,acan,be,,,meno-mene
beaceh,aceh,be,,,general
beaci,aci,be,,,meno-mene
beacih,acih,be,,,ngeno-ngene
beacong,acong,be,,,merikuq-merikaq
beadah,adah,be,,,ngeno-ngene
beadal,adal,be,,,general
beadala,adala,be,,,kuto-kute
beadam,adam,be,,,ngeno-ngene
beadang,adang,be,,,ngeno-ngene
beadap,adap,be,,,ngeno-ngene
beadar,adar,be,,,general
beadas,adas,be,,,ngeno-ngene
beadasa,adasa,be,,,general
beadat,adat,be,,,ngeno-ngene
beadata,adata,be,,,kuto-kute
beadek,adek,be,,,ngeno-ngene
beadel,adel,be,,,meno-mene
beadem,adem,be,,,meno-mene
beaden,aden,be,,,ngeno-ngene
beadeng,adeng,be,,,general
beadenga,adenga,be,,,kuto-kute
beadep,adep,be,,,ngeno-ngene
beadeq,adeq,be,,,kuto-kute
beadeqa,adeqa,be,,,merikuq-merikaq
beadi,adi,be,,,kuto-kute
beadik,adik,be,,,meno-mene
beadil,adil,be,,,general
beading,ading,be,,,merikuq-merikaq
beadiq,adiq,be,,,ngeno-ngene
beaditya,aditya,be,,,meno-mene
beado,ado,be,,,kuto-kute
beadoh,adoh,be,,,kuto-kute
beadok,adok,be,,,ngeno-ngene
beadoka,adoka,be,,,kuto-kute
beadon,adon,be,,,general
beadona,adona,be,,,kuto-kute
beadoq,adoq,be,,,merikuq-merikaq
beadu,adu,be,,,kuto-kute
beadua,adua,be,,,kuto-kute
beaduh,aduh,be,,,kuto-kute
beaduk,aduk,be,,,kuto-kute
beaer,aer,be,,,ngeno-ngene
beagama,agama,be,,,general
beagas,agas,be,,,general
beagat,agat,be,,,ngeno-ngene
beagel,agel,be,,,kuto-kute
beagem,agem,be,,,kuto-kute
beagen,agen,be,,,merikuq-merikaq
beageq,ageq,be,,,general
beaget,aget,be,,,kuto-kute
beagin,agin,be,,,meno-mene
beagiq,agiq,be,,,ngeno-ngene
beagiqa,agiqa,be,,,ngeno-ngene
beagir,agir,be,,,kuto-kute
beagit,agit,be,,,kuto-kute
beagol,agol,be,,,merikuq-merikaq
beagola,agola,be,,,meno-mene
beagon,agon,be,,,kuto-kute
beagu,agu,be,,,general
beaguk,aguk,be,,,ngeno-ngene
beagul,agul,be,,,kuto-kute
beagum,agum,be,,,meno-mene
beagun,agun,be,,,meno-mene
beagung,agung,be,,,merikuq-merikaq
beagunga,agunga,be,,,general
beagus,agus,be,,,merikuq-merikaq
beahat,ahat,be,,,general
beahbakaq,ahbakaq,be,,,general
beahbantar,ahbantar,be,,,merikuq-merikaq
beahbebet,ahbebet,be,,,general
beaherat,aherat,be,,,meno-mene
beahir,ahir,be,,,kuto-kute
beahlak,ahlak,be,,,ngeno-ngene
beahli,ahli,be,,,general
beahmat,ahmat,be,,,ngeno-ngene
beaikmel,aikmel,be,,,ngeno-ngene
beain,ain,be,,,kuto-kute
beaing,aing,be,,,ngeno-ngene
beaip,aip,be,,,ngeno-ngene
beaiq,aiq,be,,,kuto-kute
beaiqa,aiqa,be,,,ngeno-ngene
beair,air,be,,,ngeno-ngene
beajah,ajah,be,,,general
beajaha,ajaha,be,,,meno-mene
beajaip,ajaip,be,,,kuto-kute
beajak,ajak,be,,,ngeno-ngene
beajal,ajal,be,,,merikuq-merikaq
beajaq,ajaq,be,,,meno-mene
beajaqa,ajaqa,be,,,kuto-kute
beajar,ajar,be,,,merikuq-merikaq
beajara,ajara,be,,,kuto-kute
beajat,ajat,be,,,kuto-kute
beaji,aji,be,,,general
beajia,ajia,be,,,ngeno-ngene
beajimat,ajimat,be,,,ngeno-ngene
beajiq,ajiq,be,,,kuto-kute
beajir,ajir,be,,,kuto-kute
beajo,ajo,be,,,merikuq-merikaq
beajong,ajong,be,,,ngeno-ngene
beajonga,ajonga,be,,,general
beajor,ajor,be,,,ngeno-ngene
beajum,ajum,be,,,ngeno-ngene
beajur,ajur,be,,,merikuq-merikaq
beakah,akah,be,,,general
beakal,akal,be,,,ngeno-ngene
beakala,akala,be,,,general
beakan,akan,be,,,ngeno-ngene
beakaq,akaq,be,,,merikuq-merikaq
beakar,akar,be,,,kuto-kute
beakat,akat,be,,,ngeno-ngene
beakata,akata,be,,,meno-mene
beakbar,akbar,be,,,merikuq-merikaq
beaki,aki,be,,,ngeno-ngene
beakik,akik,be,,,merikuq-merikaq
beakikah,akikah,be,,,ngeno-ngene
beakikat,akikat,be,,,general
beakil,akil,be,,,ngeno-ngene
beakon,akon,be,,,kuto-kute
beakor,akor,be,,,kuto-kute
beakora,akora,be,,,meno-mene
beaksama,aksama,be,,,general
beaksara,aksara,be,,,ngeno-ngene
beaksaraa,aksaraa,be,,,meno-mene
beaksi,aksi,be,,,ngeno-ngene
beaku,aku,be,,,general
beakua,akua,be,,,merikuq-merikaq
beakup,akup,be,,,merikuq-merikaq
beakuq,akuq,be,,,meno-mene
beakur,akur,be,,,general
beala,ala,be,,,meno-mene
bealah,alah,be,,,general
bealal,alal,be,,,general
bealala,alala,be,,,meno-mene
bealam,alam,be,,,ngeno-ngene
bealamat,alamat,be,,,ngeno-ngene
bealamata,alamata,be,,,ngeno-ngene
bealang,alang,be,,,merikuq-merikaq
bealap,alap,be,,,general
bealar,alar,be,,,general
bealas,alas,be,,,general
bealat,alat,be,,,merikuq-merikaq
beale,ale,be,,,ngeno-ngene
bealeh,aleh,be,,,meno-mene
bealeha,aleha,be,,,meno-mene
bealek,alek,be,,,merikuq-merikaq
bealem,alem,be,,,ngeno-ngene
bealema,alema,be,,,merikuq-merikaq
bealeng,aleng,be,,,kuto-kute
bealep,alep,be,,,meno-mene
bealeq,aleq,be,,,merikuq-merikaq
beales,ales,be,,,kuto-kute
bealet,alet,be,,,general
bealeta,aleta,be,,,ngeno-ngene
bealhak,alhak,be,,,merikuq-merikaq
beali,ali,be,,,kuto-kute
bealialah,alialah,be,,,ngeno-ngene
bealias,alias,be,,,general
bealim,alim,be,,,merikuq-merikaq
bealing,aling,be,,,merikuq-merikaq
bealip,alip,be,,,ngeno-ngene
bealir,alir,be,,,merikuq-merikaq
bealira,alira,be,,,meno-mene
bealis,alis,be,,,kuto-kute
bealit,alit,be,,,ngeno-ngene
bealkas,alkas,be,,,merikuq-merikaq
bealo,alo,be,,,meno-mene
bealoh,aloh,be,,,ngeno-ngene
bealok,alok,be,,,general
bealoka,aloka,be,,,general
bealon,alon,be,,,meno-mene
bealona,alona,be,,,kuto-kute
bealong,along,be,,,meno-mene
bealor,alor,be,,,ngeno-ngene
bealos,alos,be,,,ngeno-ngene
bealot,alot,be,,,kuto-kute
bealu,alu,be,,,meno-mene
bealuat,aluat,be,,,ngeno-ngene
bealuh,aluh,be,,,meno-mene
bealuha,aluha,be,,,kuto-kute
bealung,alung,be,,,meno-mene
bealuq,aluq,be,,,kuto-kute
bealur,alur,be,,,ngeno-ngene
bealura,alura,be,,,meno-mene
bealus,alus,be,,,kuto-kute
bealusa,alusa,be,,,general
beama,ama,be,,,general
beamah,amah,be,,,ngeno-ngene
beamal,amal,be,,,kuto-kute
beamala,amala,be,,,kuto-kute
beaman,aman,be,,,meno-mene
beamana,amana,be,,,meno-mene
beamanah,amanah,be,,,kuto-kute
beamanat,amanat,be,,,merikuq-merikaq
beamanata,amanata,be,,,meno-mene
beamaq,amaq,be,,,merikuq-merikaq
beamar,amar,be,,,kuto-kute
beamas,amas,be,,,kuto-kute
beamat,amat,be,,,ngeno-ngene
beamb,amb,be,,,kuto-kute
beamba,amba,be,,,meno-mene
beambal,ambal,be,,,ngeno-ngene
beambar,ambar,be,,,ngeno-ngene
beambara,ambara,be,,,merikuq-merikaq
beambe,ambe,be,,,merikuq-merikaq
beambek,ambek,be,,,ngeno-ngene
beambel,ambel,be,,,ngeno-ngene
beamben,amben,be,,,ngeno-ngene
beambeng,ambeng,be,,,meno-mene
beambes,ambes,be,,,general
beambik,ambik,be,,,meno-mene
beambil,ambil,be,,,kuto-kute
beambila,ambila,be,,,merikuq-merikaq
beambis,ambis,be,,,general
beambon,ambon,be,,,general
beambong,ambong,be,,,general
beamboq,amboq,be,,,kuto-kute
beambor,ambor,be,,,kuto-kute
beambu,ambu,be,,,general
beambuk,ambuk,be,,,general
beambul,ambul,be,,,meno-mene
beambula,ambula,be,,,ngeno-ngene
beambuq,ambuq,be,,,merikuq-merikaq
beambur,ambur,be,,,general
beambura,ambura,be,,,kuto-kute
beamek,amek,be,,,ngeno-ngene
beamel,amel,be,,,meno-mene
beameng,ameng,be,,,meno-mene
beameq,ameq,be,,,ngeno-ngene
beamer,amer,be,,,merikuq-merikaq
beamera,amera,be,,,general
beames,ames,be,,,general
beamesa,amesa,be,,,merikuq-merikaq
beamet,amet,be,,,general
beami,ami,be,,,general
beamil,amil,be,,,general
beamin,amin,be,,,merikuq-merikaq
beamina,amina,be,,,meno-mene
beamiq,amiq,be,,,kuto-kute
beamiqa,amiqa,be,,,meno-mene
beamir,amir,be,,,meno-mene
beamit,amit,be,,,meno-mene
beamok,amok,be,,,meno-mene
beamong,among,be,,,ngeno-ngene
beamor,amor,be,,,ngeno-ngene
beamoria,amoria,be,,,merikuq-merikaq
beamp,amp,be,,,merikuq-merikaq
beampa,ampa,be,,,ngeno-ngene
beampah,ampah,be,,,general
beampaha,ampaha,be,,,general
beampak,ampak,be,,,ngeno-ngene
beampao,ampao,be,,,ngeno-ngene
beampar,ampar,be,,,merikuq-merikaq
beampat,ampat,be,,,meno-mene
beampel,ampel,be,,,meno-mene
beampen,ampen,be,,,general
beamper,amper,be,,,ngeno-ngene
beampes,ampes,be,,,merikuq-merikaq
beampesa,ampesa,be,,,meno-mene
beampet,ampet,be,,,kuto-kute
beampeta,ampeta,be,,,ngeno-ngene
beampi,ampi,be,,,meno-mene
beampia,ampia,be,,,ngeno-ngene
beampik,ampik,be,,,meno-mene
beampil,ampil,be,,,ngeno-ngene
beampiq,ampiq,be,,,ngeno-ngene
beampir,ampir,be,,,kuto-kute
beampoh,ampoh,be,,,kuto-kute
beampok,ampok,be,,,ngeno-ngene
beampoq,ampoq,be,,,general
beampu,ampu,be,,,meno-mene
beampuk,ampuk,be,,,general
beampun,ampun,be,,,ngeno-ngene
beampuna,ampuna,be,,,general
beampung,ampung,be,,,ngeno-ngene
beampura,ampura,be,,,merikuq-merikaq
beampuray,ampuray,be,,,general
beamsah,amsah,be,,,general
beamu,amu,be,,,kuto-kute
beamuk,amuk,be,,,general
beamung,amung,be,,,general
beamuq,amuq,be,,,ngeno-ngene
beanak,anak,be,,,kuto-kute
beanaka,anaka,be,,,general
beanang,anang,be,,,meno-mene
beancak,ancak,be,,,meno-mene
beancar,ancar,be,,,general
beancot,ancot,be,,,ngeno-ngene
beandam,andam,be,,,meno-mene
beandang,andang,be,,,ngeno-ngene
beandanga,andanga,be,,,ngeno-ngene
beandar,andar,be,,,kuto-kute
beandara,andara,be,,,merikuq-merikaq
beande,ande,be,,,ngeno-ngene
beandea,andea,be,,,meno-mene
beandek,andek,be,,,meno-mene
beandeka,andeka,be,,,general
beandel,andel,be,,,ngeno-ngene
beandela,andela,be,,,ngeno-ngene
beanden,anden,be,,,kuto-kute
beander,ander,be,,,merikuq-merikaq
beandika,andika,be,,,general
beandikaa,andikaa,be,,,kuto-kute
beandong,andong,be,,,meno-mene
beandonga,andonga,be,,,kuto-kute
beandos,andos,be,,,ngeno-ngene
beandosa,andosa,be,,,kuto-kute
beanduk,anduk,be,,,ngeno-ngene
beaneh,aneh,be,,,ngeno-ngene
beang,ang,be,,,ngeno-ngene
beangas,angas,be,,,ngeno-ngene
beangasa,angasa,be,,,general
beangen,angen,be,,,kuto-kute
beangena,angena,be,,,meno-mene
beanget,anget,be,,,ngeno-ngene
beangeta,angeta,be,,,meno-mene
beanggah,anggah,be,,,ngeno-ngene
beanggar,anggar,be,,,general
beanggara,anggara,be,,,ngeno-ngene
beanggek,anggek,be,,,ngeno-ngene
beanggep,anggep,be,,,general
beanggepa,anggepa,be,,,meno-mene
beanggo,anggo,be,,,ngeno-ngene
beanggop,anggop,be,,,merikuq-merikaq
beanggopa,anggopa,be,,,general
beanggoq,anggoq,be,,,merikuq-merikaq
beanggoqa,anggoqa,be,,,ngeno-ngene
beanggor,anggor,be,,,merikuq-merikaq
beangguk,angguk,be,,,merikuq-merikaq
beangguq,angguq,be,,,meno-mene
beanggur,anggur,be,,,general
beanggura,anggura,be,,,meno-mene
beangin,angin,be,,,merikuq-merikaq
beangk,angk,be,,,ngeno-ngene
beangka,angka,be,,,kuto-kute
beangkaq,angkaq,be,,,merikuq-merikaq
beangkat,angkat,be,,,general
beangkata,angkata,be,,,meno-mene
beangken,angken,be,,,ngeno-ngene
beangker,angker,be,,,ngeno-ngene
beangkon,angkon,be,,,ngeno-ngene
beangkos,angkos,be,,,kuto-kute
beangkot,angkot,be,,,merikuq-merikaq
beangku,angku,be,,,kuto-kute
beangkumpe,angkumpe,be,,,ngeno-ngene
beangkunda,angkunda,be,,,meno-mene
beangkungku,angkungku,be,,,general
beangkunta,angkunta,be,,,kuto-kute
beangkus,angkus,be,,,merikuq-merikaq
beangkut,angkut,be,,,meno-mene
beangop,angop,be,,,merikuq-merikaq
beangpao,angpao,be,,,kuto-kute
beangsa,angsa,be,,,kuto-kute
beangsana,angsana,be,,,ngeno-ngene
beangsel,angsel,be,,,merikuq-merikaq
beangsela,angsela,be,,,general
beangsok,angsok,be,,,general
beangsor,angsor,be,,,ngeno-ngene
beangsora,angsora,be,,,ngeno-ngene
beangsuh,angsuh,be,,,ngeno-ngene
beangsul,angsul,be,,,general
beangsur,angsur,be,,,meno-mene
beaniayaq,aniayaq,be,,,meno-mene
beaning,aning,be,,,ngeno-ngene
beaniq,aniq,be,,,merikuq-merikaq
beanjah,anjah,be,,,general
beanjani,anjani,be,,,merikuq-merikaq
beanjar,anjar,be,,,kuto-kute
beanjara,anjara,be,,,ngeno-ngene
beanjek,anjek,be,,,kuto-kute
beanjeka,anjeka,be,,,merikuq-merikaq
beanjeng,anjeng,be,,,merikuq-merikaq
beanjenga,anjenga,be,,,merikuq-merikaq
beanjok,anjok,be,,,kuto-kute
beanjoka,anjoka,be,,,merikuq-merikaq
beanjul,anjul,be,,,meno-mene
beanjung,anjung,be,,,meno-mene
beanjur,anjur,be,,,general
beanjura,anjura,be,,,merikuq-merikaq
beano,ano,be,,,general
beansel,ansel,be,,,ngeno-ngene
beansen,ansen,be,,,ngeno-ngene
beansor,ansor,be,,,merikuq-merikaq
beansuh,ansuh,be,,,kuto-kute
beansuha,ansuha,be,,,meno-mene
beansul,ansul,be,,,merikuq-merikaq
beansun,ansun,be,,,general
beanta,anta,be,,,ngeno-ngene
beantaa,antaa,be,,,merikuq-merikaq
beantap,antap,be,,,general
beantem,antem,be,,,general
beantema,antema,be,,,general
beantep,antep,be,,,general
beantih,antih,be,,,ngeno-ngene
beanting,anting,be,,,kuto-kute
beantiq,antiq,be,,,ngeno-ngene
beantiqa,antiqa,be,,,general
beanton,anton,be,,,general
beantos,antos,be,,,general
beantu,antu,be,,,general
beantuk,antuk,be,,,merikuq-merikaq
beantuka,antuka,be,,,merikuq-merikaq
beantuq,antuq,be,,,kuto-kute
beantuqa,antuqa,be,,,general
beanuq,anuq,be,,,merikuq-merikaq
beanuqa,anuqa,be,,,kuto-kute
beanyam,anyam,be,,,meno-mene
beanyir,anyir,be,,,ngeno-ngene
beaoq,aoq,be,,,general
beapa,apa,be,,,ngeno-ngene
beapah,apah,be,,,merikuq-merikaq
beapaha,apaha,be,,,ngeno-ngene
beapak,apak,be,,,merikuq-merikaq
beapal,apal,be,,,merikuq-merikaq
beapala,apala,be,,,general
beapem,apem,be,,,merikuq-merikaq
beapeq,apeq,be,,,kuto-kute
beapi,api,be,,,kuto-kute
beapik,apik,be,,,general
beapika,apika,be,,,merikuq-merikaq
beapin,apin,be,,,general
beapit,apit,be,,,meno-mene
beapita,apita,be,,,merikuq-merikaq
beapuh,apuh,be,,,general
beapur,apur,be,,,ngeno-ngene
beapus,apus,be,,,merikuq-merikaq
beapusa,apusa,be,,,ngeno-ngene
beara,ara,be,,,kuto-kute
bearah,arah,be,,,kuto-kute
bearak,arak,be,,,kuto-kute
bearan,aran,be,,,merikuq-merikaq
bearang,arang,be,,,general
bearap,arap,be,,,general
bearaq,araq,be,,,meno-mene
bearaqa,araqa,be,,,general
bearat,arat,be,,,meno-mene
bearata,arata,be,,,kuto-kute
beare,are,be,,,general
bearem,arem,be,,,ngeno-ngene
bearen,aren,be,,,merikuq-merikaq
bearep,arep,be,,,meno-mene
bearepa,arepa,be,,,merikuq-merikaq
beareq,areq,be,,,meno-mene
beareqa,areqa,be,,,merikuq-merikaq
beariq,ariq,be,,,meno-mene
bearit,arit,be,,,meno-mene
bearloji,arloji,be,,,merikuq-merikaq
bearo,aro,be,,,meno-mene
bearoh,aroh,be,,,ngeno-ngene
bearok,arok,be,,,general
bearong,arong,be,,,meno-mene
bearot,arot,be,,,merikuq-merikaq
bearpah,arpah,be,,,general
bearta,arta,be,,,kuto-kute
bearti,arti,be,,,kuto-kute
beartia,artia,be,,,meno-mene
bearu,aru,be,,,general
bearus,arus,be,,,ngeno-ngene
bearusa,arusa,be,,,general
bearwah,arwah,be,,,kuto-kute
beasah,asah,be,,,general
beasaha,asaha,be,,,meno-mene
beasal,asal,be,,,merikuq-merikaq
beasaq,asaq,be,,,general
beasar,asar,be,,,ngeno-ngene
beasem,asem,be,,,kuto-kute
beaseq,aseq,be,,,meno-mene
beasera,asera,be,,,ngeno-ngene
beasil,asil,be,,,ngeno-ngene
beasila,asila,be,,,meno-mene
beasin,asin,be,,,general
beasta,asta,be,,,meno-mene
beatak,atak,be,,,general
beatas,atas,be,,,kuto-kute
beatasa,atasa,be,,,ngeno-ngene
beatawa,atawa,be,,,general
beate,ate,be,,,general
beatea,atea,be,,,meno-mene
beatep,atep,be,,,kuto-kute
beater,ater,be,,,meno-mene
beatera,atera,be,,,merikuq-merikaq
beatom,atom,be,,,ngeno-ngene
beatong,atong,be,,,meno-mene
beatonga,atonga,be,,,ngeno-ngene
beatuh,atuh,be,,,merikuq-merikaq
beatuha,atuha,be,,,general
beatur,atur,be,,,merikuq-merikaq
beatura,atura,be,,,kuto-kute
beatus,atus,be,,,ngeno-ngene
beaur,aur,be,,,merikuq-merikaq
beaut,aut,be,,,kuto-kute
beauta,auta,be,,,kuto-kute
beawa,awa,be,,,meno-mene
beawak,awak,be,,,general
beawal,awal,be,,,merikuq-merikaq
beawam,awam,be,,,merikuq-merikaq
beawampe,awampe,be,,,general
beawan,awan,be,,,kuto-kute
beawanda,awanda,be,,,general
beawang,awang,be,,,kuto-kute
beawangku,awangku,be,,,general
beawaq,awaq,be,,,meno-mene
beawas,awas,be,,,kuto-kute
beawek,awek,be,,,kuto-kute
beaweka,aweka,be,,,merikuq-merikaq
beawet,awet,be,,,general
beaweta,aweta,be,,,meno-mene
beawik,awik,be,,,meno-mene
beawin,awin,be,,,meno-mene
beawis,awis,be,,,ngeno-ngene
beawisa,awisa,be,,,merikuq-merikaq
beawon,awon,be,,,merikuq-merikaq
beawona,awona,be,,,meno-mene
beawor,awor,be,,,merikuq-merikaq
beawora,awora,be,,,kuto-kute
beawu,awu,be,,,meno-mene
beawun,awun,be,,,meno-mene
beayah,ayah,be,,,merikuq-merikaq
beayaq,ayaq,be,,,meno-mene
beayaqa,ayaqa,be,,,merikuq-merikaq
beayat,ayat,be,,,kuto-kute
beazimat,azimat,be,,,meno-mene
bebabah,babah,be,,,ngeno-ngene
bebabak,babak,be,,,ngeno-ngene
bebabar,babar,be,,,meno-mene
bebabas,babas,be,,,merikuq-merikaq
bebabat,babat,be,,,kuto-kute
bebaca,baca,be,,,general
bebacaa,bacaa,be,,,kuto-kute
bebacot,bacot,be,,,general
bebadah,badah,be,,,general
bebadaq,badaq,be,,,general
bebadaqa,badaqa,be,,,general
bebadar,badar,be,,,general
bebadas,badas,be,,,meno-mene
bebadeq,badeq,be,,,merikuq-merikaq
bebadi,badi,be,,,kuto-kute
bebadiq,badiq,be,,,general
bebadoq,badoq,be,,,meno-mene
bebaduk,baduk,be,,,merikuq-merikaq
bebadung,badung,be,,,kuto-kute
bebadunga,badunga,be,,,merikuq-merikaq
bebadut,badut,be,,,ngeno-ngene
bebae,bae,be,,,meno-mene
bebaeh,baeh,be,,,ngeno-ngene
bebaes,baes,be,,,meno-mene
bebag,bag,be,,,ngeno-ngene
bebaga,baga,be,,,merikuq-merikaq
bebageq,bageq,be,,,merikuq-merikaq
bebagi,bagi,be,,,kuto-kute
bebagia,bagia,be,,,kuto-kute
bebagu,bagu,be,,,merikuq-merikaq
bebagus,bagus,be,,,ngeno-ngene
bebagusa,bagusa,be,,,merikuq-merikaq
bebahla,bahla,be,,,kuto-kute
bebai,bai,be,,,ngeno-ngene
bebaiq,baiq,be,,,general
bebais,bais,be,,,kuto-kute
bebait,bait,be,,,meno-mene
bebaita,baita,be,,,meno-mene
bebaj,baj,be,,,general
bebaja,baja,be,,,merikuq-merikaq
bebajah,bajah,be,,,meno-mene
bebajaha,bajaha,be,,,kuto-kute
bebajang,bajang,be,,,ngeno-ngene
bebajar,bajar,be,,,merikuq-merikaq
bebajo,bajo,be,,,meno-mene
bebajur,bajur,be,,,meno-mene
bebak,bak,be,,,merikuq-merikaq
bebakal,bakal,be,,,ngeno-ngene
bebakaq,bakaq,be,,,general
bebakat,bakat,be,,,meno-mene
bebakeq,bakeq,be,,,merikuq-merikaq
bebako,bako,be,,,meno-mene
bebakti,bakti,be,,,meno-mene
bebalaq,balaq,be,,,kuto-kute
bebalaqa,balaqa,be,,,general
bebalar,balar,be,,,meno-mene
bebalas,balas,be,,,meno-mene
bebale,bale,be,,,general
bebalek,balek,be,,,kuto-kute
bebalen,balen,be,,,ngeno-ngene
bebales,bales,be,,,meno-mene
bebalet,balet,be,,,kuto-kute
bebali,bali,be,,,kuto-kute
bebalik,balik,be,,,kuto-kute
bebalika,balika,be,,,merikuq-merikaq
bebalit,balit,be,,,kuto-kute
bebalok,balok,be,,,merikuq-merikaq
bebaloq,baloq,be,,,meno-mene
bebalu,balu,be,,,kuto-kute
bebalung,balung,be,,,merikuq-merikaq
bebalunga,balunga,be,,,meno-mene
bebaluq,baluq,be,,,merikuq-merikaq
bebaluqa,baluqa,be,,,ngeno-ngene
bebamb,bamb,be,,,general
bebambung,bambung,be,,,general
beban,ban,be,,,meno-mene
bebancah,bancah,be,,,meno-mene
bebanda,banda,be,,,ngeno-ngene
bebandel,bandel,be,,,ngeno-ngene
bebandeng,bandeng,be,,,general
bebandenga,bandenga,be,,,general
bebanding,banding,be,,,ngeno-ngene
bebandung,bandung,be,,,kuto-kute
bebandunga,bandunga,be,,,merikuq-merikaq
bebang,bang,be,,,ngeno-ngene
bebangaq,bangaq,be,,,kuto-kute
bebanger,banger,be,,,kuto-kute
bebanget,banget,be,,,ngeno-ngene
bebangga,bangga,be,,,ngeno-ngene
bebanggaa,banggaa,be,,,kuto-kute
bebanggruq,banggruq,be,,,merikuq-merikaq
bebangk,bangk,be,,,merikuq-merikaq
bebangkal,bangkal,be,,,merikuq-merikaq
bebangkala,bangkala,be,,,general
bebangke,bangke,be,,,kuto-kute
bebangkel,bangkel,be,,,general
bebangkela,bangkela,be,,,ngeno-ngene
bebangken,bangken,be,,,merikuq-merikaq
bebangkes,bangkes,be,,,meno-mene
bebangket,bangket,be,,,general
bebangkok,bangkok,be,,,ngeno-ngene
bebangkol,bangkol,be,,,kuto-kute
bebangkon,bangkon,be,,,meno-mene
bebangkrut,bangkrut,be,,,general
bebangku,bangku,be,,,merikuq-merikaq
bebangkuk,bangkuk,be,,,ngeno-ngene
bebangkung,bangkung,be,,,ngeno-ngene
bebangsa,bangsa,be,,,kuto-kute
bebangsat,bangsat,be,,,meno-mene
bebangsit,bangsit,be,,,meno-mene
bebangun,bangun,be,,,general
bebani,bani,be,,,ngeno-ngene
bebaniq,baniq,be,,,merikuq-merikaq
bebanjah,banjah,be,,,meno-mene
bebanjaha,banjaha,be,,,kuto-kute
bebanjar,banjar,be,,,kuto-kute
bebanjara,banjara,be,,,kuto-kute
bebanjur,banjur,be,,,meno-mene
bebansu,bansu,be,,,meno-mene
bebanta,banta,be,,,merikuq-merikaq
bebantal,bantal,be,,,ngeno-ngene
bebantar,bantar,be,,,ngeno-ngene
bebantara,bantara,be,,,merikuq-merikaq
bebantat,bantat,be,,,ngeno-ngene
bebante,bante,be,,,merikuq-merikaq
bebantek,bantek,be,,,merikuq-merikaq
bebantel,bantel,be,,,ngeno-ngene
bebanten,banten,be,,,ngeno-ngene
bebanteng,banteng,be,,,ngeno-ngene
bebanting,banting,be,,,ngeno-ngene
bebantinga,bantinga,be,,,general
bebantong,bantong,be,,,merikuq-merikaq
bebantot,bantot,be,,,kuto-kute
bebantota,bantota,be,,,merikuq-merikaq
bebantu,bantu,be,,,general
bebantun,bantun,be,,,ngeno-ngene
bebanyaq,banyaq,be,,,kuto-kute
bebanyol,banyol,be,,,meno-mene
bebao,bao,be,,,meno-mene
bebaoa,baoa,be,,,meno-mene
bebaok,baok,be,,,ngeno-ngene
bebaoq,baoq,be,,,meno-mene
bebaoqa,baoqa,be,,,meno-mene
bebaos,baos,be,,,ngeno-ngene
bebaosa,baosa,be,,,ngeno-ngene
bebapa,bapa,be,,,kuto-kute
bebapaq,bapaq,be,,,general
bebaq,baq,be,,,meno-mene
bebaqd,baqd,be,,,ngeno-ngene
bebara,bara,be,,,merikuq-merikaq
bebaraa,baraa,be,,,meno-mene
bebarang,barang,be,,,merikuq-merikaq
bebaraq,baraq,be,,,general
bebaraqa,baraqa,be,,,merikuq-merikaq
bebarat,barat,be,,,general
bebareh,bareh,be,,,merikuq-merikaq
bebareha,bareha,be,,,ngeno-ngene
bebareng,bareng,be,,,ngeno-ngene
bebarenga,barenga,be,,,general
bebares,bares,be,,,merikuq-merikaq
bebaret,baret,be,,,ngeno-ngene
bebareta,bareta,be,,,kuto-kute
bebari,bari,be,,,meno-mene
bebaris,baris,be,,,merikuq-merikaq
bebarisa,barisa,be,,,general
bebaro,baro,be,,,kuto-kute
bebaroa,baroa,be,,,ngeno-ngene
bebarsah,barsah,be,,,ngeno-ngene
bebaru,baru,be,,,kuto-kute
bebarua,barua,be,,,ngeno-ngene
bebarung,barung,be,,,kuto-kute
bebaruq,baruq,be,,,kuto-kute
bebarus,barus,be,,,general
bebasa,basa,be,,,general
bebasaq,basaq,be,,,general
bebasaqa,basaqa,be,,,merikuq-merikaq
bebasong,basong,be,,,kuto-kute
bebat,bat,be,,,general
bebata,bata,be,,,general
bebatah,batah,be,,,meno-mene
bebatal,batal,be,,,meno-mene
bebatala,batala,be,,,general
bebatang,batang,be,,,ngeno-ngene
bebatar,batar,be,,,general
bebatbata,batbata,be,,,kuto-kute
bebatek,batek,be,,,merikuq-merikaq
bebateq,bateq,be,,,general
bebates,bates,be,,,meno-mene
bebati,bati,be,,,general
bebaton,baton,be,,,meno-mene
bebatu,batu,be,,,general
bebatuk,batuk,be,,,ngeno-ngene
bebatur,batur,be,,,merikuq-merikaq
bebau,bau,be,,,merikuq-merikaq
bebaung,baung,be,,,meno-mene
bebaur,baur,be,,,general
bebaura,baura,be,,,merikuq-merikaq
bebaw,baw,be,,,meno-mene
bebawaq,bawaq,be,,,kuto-kute
bebawaqa,bawaqa,be,,,merikuq-merikaq
bebawi,bawi,be,,,ngeno-ngene
bebawo,bawo,be,,,merikuq-merikaq
bebayah,bayah,be,,,ngeno-ngene
bebayaha,bayaha,be,,,ngeno-ngene
bebayam,bayam,be,,,ngeno-ngene
bebayar,bayar,be,,,kuto-kute
bebayem,bayem,be,,,kuto-kute
bebayu,bayu,be,,,kuto-kute
bebialal,bialal,be,,,kuto-kute
bebideng,bideng,be,,,general
bebik,bik,be,,,ngeno-ngene
bebikas,bikas,be,,,general
bebilaq,bilaq,be,,,kuto-kute
bebiloq,biloq,be,,,meno-mene
bebingur,bingur,be,,,merikuq-merikaq
bebintang,bintang,be,,,kuto-kute
bebireng,bireng,be,,,merikuq-merikaq
bebis,bis,be,,,ngeno-ngene
bebisoq,bisoq,be,,,merikuq-merikaq
bebitek,bitek,be,,,merikuq-merikaq
bebobok,bobok,be,,,general
bebon,bon,be,,,merikuq-merikaq
bebong,bong,be,,,general
bebonges,bonges,be,,,general
bebontol,bontol,be,,,general
bebuaq,buaq,be,,,merikuq-merikaq
bebubur,bubur,be,,,ngeno-ngene
bebudaq,budaq,be,,,merikuq-merikaq
bebukaq,bukaq,be,,,ngeno-ngene
bebulan,bulan,be,,,general
bebuloq,buloq,be,,,general
bebulu,bulu,be,,,kuto-kute
bebuntut,buntut,be,,,ngeno-ngene
beburaq,buraq,be,,,meno-mene
becalon,calon,be,,,kuto-kute
becampur,campur,be,,,general
becampura,campura,be,,,ngeno-ngene
becang,cang,be,,,meno-mene
becanga,canga,be,,,ngeno-ngene
becata,cata,be,,,general
becela,cela,be,,,meno-mene
becet,cet,be,,,ngeno-ngene
becicik,cicik,be,,,kuto-kute
becik,cik,be,,,meno-mene
becip,cip,be,,,ngeno-ngene
beciq,ciq,be,,,kuto-kute
becobeq,cobeq,be,,,kuto-kute
becucuk,cucuk,be,,,merikuq-merikaq
becupak,cupak,be,,,meno-mene
bedaa,daa,be,,,general
bedac,dac,be,,,meno-mene
bedad,dad,be,,,kuto-kute
bedadah,dadah,be,,,ngeno-ngene
bedadar,dadar,be,,,meno-mene
bedag,dag,be,,,ngeno-ngene
bedagul,dagul,be,,,general
bedahir,dahir,be,,,merikuq-merikaq
bedaiq,daiq,be,,,ngeno-ngene
bedait,dait,be,,,ngeno-ngene
bedalem,dalem,be,,,general
bedandok,dandok,be,,,merikuq-merikaq
bedangkem,dangkem,be,,,ngeno-ngene
bedap,dap,be,,,meno-mene
bedareq,dareq,be,,,general
bedas,das,be,,,meno-mene
bedateng,dateng,be,,,meno-mene
bedatu,datu,be,,,general
bedaun,daun,be,,,merikuq-merikaq
bedaur,daur,be,,,meno-mene
bedaya,daya,be,,,general
bedea,dea,be,,,merikuq-merikaq
bedek,dek,be,,,kuto-kute
bedel,del,be,,,meno-mene
bedendeq,dendeq,be,,,ngeno-ngene
bedeng,deng,be,,,meno-mene
bedenga,denga,be,,,merikuq-merikaq
bedengan,dengan,be,,,merikuq-merikaq
bedereq,dereq,be,,,general
bedes,des,be,,,merikuq-merikaq
bedesa,desa,be,,,ngeno-ngene
bedewa,dewa,be,,,general
bedewek,dewek,be,,,kuto-kute
bedin,din,be,,,kuto-kute
bediriq,diriq,be,,,merikuq-merikaq
bedoe,doe,be,,,meno-mene
bedok,dok,be,,,ngeno-ngene
bedomas,domas,be,,,general
bedowen,dowen,be,,,general
bedua,dua,be,,,meno-mene
beduan,duan,be,,,merikuq-merikaq
beduk,duk,be,,,kuto-kute
bedup,dup,be,,,kuto-kute
bedur,dur,be,,,meno-mene
beduri,duri,be,,,general
bedus,dus,be,,,merikuq-merikaq
beebang,ebang,be,,,meno-mene
beebawaq,ebawaq,be,,,general
beebel,ebel,be,,,ngeno-ngene
beebela,ebela,be,,,meno-mene
beebelet,ebelet,be,,,general
beebeleta,ebeleta,be,,,general
beeji,eji,be,,,general
beeku,eku,be,,,meno-mene
beeladoq,eladoq,be,,,meno-mene
beelaq,elaq,be,,,ngeno-ngene
beelik,elik,be,,,kuto-kute
beelu,elu,be,,,ngeno-ngene
beemas,emas,be,,,kuto-kute
beembe,embe,be,,,kuto-kute
beembeq,embeq,be,,,ngeno-ngene
beembor,embor,be,,,meno-mene
beembu,embu,be,,,kuto-kute
beembuq,embuq,be,,,kuto-kute
beempak,empak,be,,,meno-mene
beempaq,empaq,be,,,merikuq-merikaq
beemper,emper,be,,,ngeno-ngene
beempoh,empoh,be,,,kuto-kute
beempok,empok,be,,,kuto-kute
beenak,enak,be,,,meno-mene
beenda,enda,be,,,ngeno-ngene
beendaraq,endaraq,be,,,general
beendeng,endeng,be,,,kuto-kute
beendeq,endeq,be,,,meno-mene
beendeqna,endeqna,be,,,merikuq-merikaq
beene,ene,be,,,kuto-kute
beeng,eng,be,,,general
beengger,engger,be,,,merikuq-merikaq
beenggih,enggih,be,,,ngeno-ngene
beengk,engk,be,,,kuto-kute
beengkaq,engkaq,be,,,ngeno-ngene
beengkos,engkos,be,,,merikuq-merikaq
beenjen,enjen,be,,,kuto-kute
beeno,eno,be,,,ngeno-ngene
beent,ent,be,,,ngeno-ngene
beentong,entong,be,,,ngeno-ngene
beentu,entu,be,,,ngeno-ngene
beepi,epi,be,,,ngeno-ngene
beerat,erat,be,,,kuto-kute
begaan,gaan,be,,,meno-mene
begaet,gaet,be,,,kuto-kute
begaji,gaji,be,,,merikuq-merikaq
begal,gal,be,,,merikuq-merikaq
begalah,galah,be,,,ngeno-ngene
begaleng,galeng,be,,,kuto-kute
begalih,galih,be,,,meno-mene
begam,gam,be,,,ngeno-ngene
begama,gama,be,,,ngeno-ngene
begambar,gambar,be,,,meno-mene
begamber,gamber,be,,,kuto-kute
begambu,gambu,be,,,general
begamel,gamel,be,,,kuto-kute
begang,gang,be,,,ngeno-ngene
beganggas,ganggas,be,,,meno-mene
begaq,gaq,be,,,meno-mene
begaqa,gaqa,be,,,kuto-kute
begati,gati,be,,,kuto-kute
begawah,gawah,be,,,meno-mene
begeboh,geboh,be,,,general
begedeng,gedeng,be,,,meno-mene
begegeti,gegeti,be,,,kuto-kute
begen,gen,be,,,ngeno-ngene
begeneng,geneng,be,,,meno-mene
begeres,geres,be,,,merikuq-merikaq
begerik,gerik,be,,,ngeno-ngene
begero,gero,be,,,ngeno-ngene
begetas,getas,be,,,meno-mene
begigi,gigi,be,,,general
begigih,gigih,be,,,ngeno-ngene
begik,gik,be,,,merikuq-merikaq
begika,gika,be,,,merikuq-merikaq
begodek,godek,be,,,meno-mene
begombas,gombas,be,,,merikuq-merikaq
begoreng,goreng,be,,,general
begoro,goro,be,,,ngeno-ngene
begorong,gorong,be,,,general
begubuk,gubuk,be,,,merikuq-merikaq
begula,gula,be,,,meno-mene
begunung,gunung,be,,,ngeno-ngene
beguru,guru,be,,,general
behajat,hajat,be,,,merikuq-merikaq
behaji,haji,be,,,ngeno-ngene
behalal,halal,be,,,ngeno-ngene
behat,hat,be,,,meno-mene
behianat,hianat,be,,,kuto-kute
beidup,idup,be,,,merikuq-merikaq
beijuk,ijuk,be,,,kuto-kute
beilen,ilen,be,,,general
beilham,ilham,be,,,general
beilmu,ilmu,be,,,kuto-kute
beima,ima,be,,,general
beimbuq,imbuq,be,,,kuto-kute
beinan,inan,be,,,ngeno-ngene
beinaq,inaq,be,,,general
beind,ind,be,,,general
beinem,inem,be,,,kuto-kute
beinget,inget,be,,,ngeno-ngene
beiroq,iroq,be,,,general
beisin,isin,be,,,general
beitem,item,be,,,meno-mene
beiwoq,iwoq,be,,,ngeno-ngene
bejadah,jadah,be,,,ngeno-ngene
bejagur,jagur,be,,,ngeno-ngene
bejai,jai,be,,,kuto-kute
bejamaq,jamaq,be,,,general
bejang,jang,be,,,general
bejangkih,jangkih,be,,,merikuq-merikaq
bejaran,jaran,be,,,merikuq-merikaq
bejari,jari,be,,,ngeno-ngene
bejawa,jawa,be,,,kuto-kute
bejeka,jeka,be,,,kuto-kute
bejelo,jelo,be,,,merikuq-merikaq
bejembung,jembung,be,,,ngeno-ngene
bejenazah,jenazah,be,,,merikuq-merikaq
bejenget,jenget,be,,,meno-mene
bejenis,jenis,be,,,merikuq-merikaq
bejero,jero,be,,,merikuq-merikaq
bejinten,jinten,be,,,ngeno-ngene
bejiwe,jiwe,be,,,merikuq-merikaq
bejol,jol,be,,,kuto-kute
bejongkong,jongkong,be,,,meno-mene
bejual,jual,be,,,kuto-kute
bejuaq,juaq,be,,,ngeno-ngene
bejubah,jubah,be,,,general
bejulu,julu,be,,,kuto-kute
bejuluq,juluq,be,,,ngeno-ngene
bejumadil,jumadil,be,,,meno-mene
bejumat,jumat,be,,,ngeno-ngene
bekabot,kabot,be,,,meno-mene
bekadaq,kadaq,be,,,general
bekadeng,kadeng,be,,,meno-mene
bekaget,kaget,be,,,merikuq-merikaq
bekagung,kagung,be,,,kuto-kute
bekaji,kaji,be,,,general
bekajum,kajum,be,,,merikuq-merikaq
bekaka,kaka,be,,,ngeno-ngene
bekakaq,kakaq,be,,,general
bekaken,kaken,be,,,general
bekakoq,kakoq,be,,,general
bekali,kali,be,,,kuto-kute
bekalialah,kalialah,be,,,meno-mene
bekaling,kaling,be,,,meno-mene
bekalung,kalung,be,,,ngeno-ngene
bekam,kam,be,,,kuto-kute
bekamban,kamban,be,,,ngeno-ngene
bekambes,kambes,be,,,general
bekambing,kambing,be,,,merikuq-merikaq
bekamboti,kamboti,be,,,merikuq-merikaq
bekamel,kamel,be,,,ngeno-ngene
bekan,kan,be,,,kuto-kute
bekanak,kanak,be,,,ngeno-ngene
bekance,kance,be,,,merikuq-merikaq
bekancing,kancing,be,,,general
bekandoq,kandoq,be,,,kuto-kute
bekangen,kangen,be,,,merikuq-merikaq
bekangker,kangker,be,,,kuto-kute
bekangkung,kangkung,be,,,merikuq-merikaq
bekaniayaq,kaniayaq,be,,,merikuq-merikaq
bekanyir,kanyir,be,,,kuto-kute
bekapal,kapal,be,,,merikuq-merikaq
bekapik,kapik,be,,,meno-mene
bekaq,kaq,be,,,meno-mene
bekarang,karang,be,,,kuto-kute
bekarepa,karepa,be,,,meno-mene
bekaro,karo,be,,,kuto-kute
bekas,kas,be,,,kuto-kute
bekasar,kasar,be,,,meno-mene
bekataq,kataq,be,,,general
bekaula,kaula,be,,,general
bekayu,kayu,be,,,merikuq-merikaq
bekayuq,kayuq,be,,,kuto-kute
bekeagung,keagung,be,,,kuto-kute
bekealim,kealim,be,,,kuto-kute
bekeam,keam,be,,,general
bekeamel,keamel,be,,,general
bekebabas,kebabas,be,,,general
bekebagus,kebagus,be,,,ngeno-ngene
bekebais,kebais,be,,,kuto-kute
bekebalik,kebalik,be,,,meno-mene
bekebalika,kebalika,be,,,merikuq-merikaq
bekebandel,kebandel,be,,,kuto-kute
bekebangaq,kebangaq,be,,,meno-mene
bekebanyaq,kebanyaq,be,,,kuto-kute
bekebao,kebao,be,,,merikuq-merikaq
bekebawaqa,kebawaqa,be,,,meno-mene
bekebebas,kebebas,be,,,meno-mene
bekebebel,kebebel,be,,,meno-mene
bekebecat,kebecat,be,,,merikuq-merikaq
bekebecik,kebecik,be,,,general
bekebedah,kebedah,be,,,meno-mene
bekebedak,kebedak,be,,,general
bekebedeng,kebedeng,be,,,meno-mene
bekebedu,kebedu,be,,,kuto-kute
bekebega,kebega,be,,,kuto-kute
bekebegal,kebegal,be,,,general
bekebegala,kebegala,be,,,kuto-kute
bekebegaq,kebegaq,be,,,meno-mene
bekebeket,kebeket,be,,,ngeno-ngene
bekebekol,kebekol,be,,,meno-mene
bekebel,kebel,be,,,merikuq-merikaq
bekebelek,kebelek,be,,,meno-mene
bekebeleq,kebeleq,be,,,meno-mene
bekebeler,kebeler,be,,,ngeno-ngene
bekebelet,kebelet,be,,,kuto-kute
bekebeleta,kebeleta,be,,,meno-mene
bekebelo,kebelo,be,,,kuto-kute
bekebeloh,kebeloh,be,,,ngeno-ngene
bekebelot,kebelot,be,,,general
bekebo,kebo,be,,,ngeno-ngene
bekebon,kebon,be,,,merikuq-merikaq
bekedebong,kedebong,be,,,general
bekeh,keh,be,,,meno-mene
bekejames,kejames,be,,,ngeno-ngene
bekejamesa,kejamesa,be,,,kuto-kute
bekel,kel,be,,,kuto-kute
bekelak,kelak,be,,,ngeno-ngene
bekelambi,kelambi,be,,,ngeno-ngene
bekelanjuh,kelanjuh,be,,,general
bekelaq,kelaq,be,,,meno-mene
bekelek,kelek,be,,,general
bekeloror,keloror,be,,,general
bekelutut,kelutut,be,,,meno-mene
bekemadeq,kemadeq,be,,,merikuq-merikaq
bekemalem,kemalem,be,,,general
bekemareq,kemareq,be,,,meno-mene
bekembalik,kembalik,be,,,ngeno-ngene
bekembalit,kembalit,be,,,meno-mene
bekembelet,kembelet,be,,,general
bekentare,kentare,be,,,ngeno-ngene
bekenyamboq,kenyamboq,be,,,kuto-kute
bekenyampoq,kenyampoq,be,,,ngeno-ngene
bekepeng,kepeng,be,,,meno-mene
bekeradeng,keradeng,be,,,merikuq-merikaq
bekeragkat,keragkat,be,,,meno-mene
bekeraku,keraku,be,,,ngeno-ngene
bekerakuqa,kerakuqa,be,,,meno-mene
bekerama,kerama,be,,,meno-mene
bekerangkat,kerangkat,be,,,kuto-kute
bekeraro,keraro,be,,,meno-mene
bekeras,keras,be,,,merikuq-merikaq
bekerdit,kerdit,be,,,general
bekerepeq,kerepeq,be,,,meno-mene
bekerta,kerta,be,,,merikuq-merikaq
bekerupuk,kerupuk,be,,,kuto-kute
bekeseq,keseq,be,,,general
bekesimbar,kesimbar,be,,,general
beket,ket,be,,,general
beketa,keta,be,,,kuto-kute
bekete,kete,be,,,kuto-kute
beketujur,ketujur,be,,,kuto-kute
bekikis,kikis,be,,,ngeno-ngene
bekikit,kikit,be,,,kuto-kute
bekirim,kirim,be,,,merikuq-merikaq
bekitap,kitap,be,,,ngeno-ngene
beklewang,klewang,be,,,general
bekoah,koah,be,,,general
bekocor,kocor,be,,,merikuq-merikaq
bekodeq,kodeq,be,,,ngeno-ngene
bekojor,kojor,be,,,meno-mene
bekokoh,kokoh,be,,,general
bekokoq,kokoq,be,,,kuto-kute
bekomb,komb,be,,,kuto-kute
bekomendan,komendan,be,,,ngeno-ngene
bekonteq,konteq,be,,,kuto-kute
bekop,kop,be,,,meno-mene
bekoreng,koreng,be,,,ngeno-ngene
bekorong,korong,be,,,ngeno-ngene
bekorot,korot,be,,,merikuq-merikaq
bekote,kote,be,,,ngeno-ngene
bekowok,kowok,be,,,merikuq-merikaq
bekti,kti,be,,,ngeno-ngene
bekulat,kulat,be,,,meno-mene
bekulup,kulup,be,,,meno-mene
bekungkuq,kungkuq,be,,,general
bekuni,kuni,be,,,kuto-kute
bekupi,kupi,be,,,general
bekurang,kurang,be,,,kuto-kute
bekurma,kurma,be,,,merikuq-merikaq
belaeq,laeq,be,,,meno-mene
belain,lain,be,,,ngeno-ngene
belajah,lajah,be,,,ngeno-ngene
belajar,lajar,be,,,ngeno-ngene
belakar,lakar,be,,,meno-mene
belakas,lakas,be,,,general
belakbak,lakbak,be,,,merikuq-merikaq
belakong,lakong,be,,,general
belalo,lalo,be,,,kuto-kute
belaloq,laloq,be,,,ngeno-ngene
belamb,lamb,be,,,meno-mene
belambah,lambah,be,,,merikuq-merikaq
belambek,lambek,be,,,merikuq-merikaq
belamp,lamp,be,,,kuto-kute
belampak,lampak,be,,,ngeno-ngene
belamun,lamun,be,,,merikuq-merikaq
belan,lan,be,,,meno-mene
belanat,lanat,be,,,merikuq-merikaq
belanda,landa,be,,,meno-mene
belandar,landar,be,,,general
belang,lang,be,,,general
belanggaq,langgaq,be,,,general
belangit,langit,be,,,merikuq-merikaq
belangsir,langsir,be,,,merikuq-merikaq
belanjaa,lanjaa,be,,,ngeno-ngene
belant,lant,be,,,ngeno-ngene
belanting,lanting,be,,,general
belantuk,lantuk,be,,,general
belapar,lapar,be,,,general
belaqa,laqa,be,,,ngeno-ngene
belar,lar,be,,,kuto-kute
belat,lat,be,,,ngeno-ngene
belata,lata,be,,,ngeno-ngene
belatung,latung,be,,,merikuq-merikaq
belaun,laun,be,,,kuto-kute
belauq,lauq,be,,,merikuq-merikaq
beledeng,ledeng,be,,,merikuq-merikaq
beledok,ledok,be,,,kuto-kute
beleka,leka,be,,,meno-mene
belekak,lekak,be,,,general
belekoq,lekoq,be,,,meno-mene
belelasuq,lelasuq,be,,,kuto-kute
beleleng,leleng,be,,,ngeno-ngene
belem,lem,be,,,general
belemaq,lemaq,be,,,meno-mene
belemba,lemba,be,,,kuto-kute
belempok,lempok,be,,,meno-mene
belenc,lenc,be,,,meno-mene
belencek,lencek,be,,,meno-mene
beleng,leng,be,,,merikuq-merikaq
belenge,lenge,be,,,general
belenggu,lenggu,be,,,merikuq-merikaq
belep,lep,be,,,kuto-kute
belepaq,lepaq,be,,,general
belepas,lepas,be,,,meno-mene
belepe,lepe,be,,,general
beleqa,leqa,be,,,meno-mene
beletaq,letaq,be,,,meno-mene
beleteng,leteng,be,,,ngeno-ngene
belia,lia,be,,,ngeno-ngene
belian,lian,be,,,ngeno-ngene
belida,lida,be,,,merikuq-merikaq
belik,lik,be,,,merikuq-merikaq
belikat,likat,be,,,kuto-kute
belikur,likur,be,,,kuto-kute
belimbing,limbing,be,,,merikuq-merikaq
belincek,lincek,be,,,merikuq-merikaq
belinga,linga,be,,,ngeno-ngene
belinggi,linggi,be,,,merikuq-merikaq
belinjo,linjo,be,,,merikuq-merikaq
belis,lis,be,,,general
belisung,lisung,be,,,meno-mene
beliung,liung,be,,,meno-mene
beloa,loa,be,,,kuto-kute
beloan,loan,be,,,kuto-kute
beloeq,loeq,be,,,merikuq-merikaq
beloh,loh,be,,,kuto-kute
belohor,lohor,be,,,meno-mene
belok,lok,be,,,ngeno-ngene
belokeng,lokeng,be,,,general
beloking,loking,be,,,kuto-kute
belolo,lolo,be,,,meno-mene
belolon,lolon,be,,,ngeno-ngene
belomar,lomar,be,,,general
belombok,lombok,be,,,merikuq-merikaq
belong,long,be,,,general
belubuk,lubuk,be,,,ngeno-ngene
belueq,lueq,be,,,merikuq-merikaq
belukbuk,lukbuk,be,,,merikuq-merikaq
belur,lur,be,,,kuto-kute
belutung,lutung,be,,,general
bemaca,maca,be,,,general
bemadeq,madeq,be,,,general
bemait,mait,be,,,merikuq-merikaq
bemajah,majah,be,,,general
bemakam,makam,be,,,kuto-kute
bemalem,malem,be,,,meno-mene
bemalesa,malesa,be,,,kuto-kute
bemalik,malik,be,,,ngeno-ngene
bemaling,maling,be,,,general
bemama,mama,be,,,ngeno-ngene
bemamah,mamah,be,,,meno-mene
bemambis,mambis,be,,,meno-mene
bemambu,mambu,be,,,meno-mene
bemambuq,mambuq,be,,,general
bemamiq,mamiq,be,,,ngeno-ngene
bemamiqa,mamiqa,be,,,ngeno-ngene
bemamper,mamper,be,,,kuto-kute
bemampoh,mampoh,be,,,meno-mene
bemangan,mangan,be,,,meno-mene
bemanis,manis,be,,,merikuq-merikaq
bemantot,mantot,be,,,meno-mene
bemanuk,manuk,be,,,meno-mene
bemaraq,maraq,be,,,merikuq-merikaq
bemareq,mareq,be,,,merikuq-merikaq
bemasbagiq,masbagiq,be,,,merikuq-merikaq
bemata,mata,be,,,ngeno-ngene
bematar,matar,be,,,general
bemate,mate,be,,,kuto-kute
bemau,mau,be,,,general
bemawa,mawa,be,,,kuto-kute
bemayah,mayah,be,,,ngeno-ngene
bemayung,mayung,be,,,general
bemebasa,mebasa,be,,,kuto-kute
bemebera,mebera,be,,,kuto-kute
bemedil,medil,be,,,meno-mene
bemegal,megal,be,,,ngeno-ngene
bemeja,meja,be,,,ngeno-ngene
bemejek,mejek,be,,,merikuq-merikaq
bemekah,mekah,be,,,meno-mene
bemel,mel,be,,,merikuq-merikaq
bemelakbak,melakbak,be,,,meno-mene
bemelaq,melaq,be,,,merikuq-merikaq
bemelaqa,melaqa,be,,,ngeno-ngene
bemeler,meler,be,,,meno-mene
bemeli,meli,be,,,merikuq-merikaq
bemelia,melia,be,,,kuto-kute
bememalik,memalik,be,,,general
bememayah,memayah,be,,,ngeno-ngene
bememedah,memedah,be,,,ngeno-ngene
bememedil,memedil,be,,,ngeno-ngene
bememeler,memeler,be,,,kuto-kute
bememeli,memeli,be,,,meno-mene
bememelota,memelota,be,,,kuto-kute
bememengga,memengga,be,,,kuto-kute
bemenak,menak,be,,,kuto-kute
bemengama,mengama,be,,,kuto-kute
bemeraiq,meraiq,be,,,merikuq-merikaq
bemeraiqa,meraiqa,be,,,general
bemerakona,merakona,be,,,ngeno-ngene
bemerama,merama,be,,,general
bemeramaq,meramaq,be,,,meno-mene
bemerariq,merariq,be,,,merikuq-merikaq
bemeriq,meriq,be,,,meno-mene
bemeta,meta,be,,,ngeno-ngene
beminyak,minyak,be,,,ngeno-ngene
bemontor,montor,be,,,meno-mene
bemudi,mudi,be,,,kuto-kute
bemukinat,mukinat,be,,,ngeno-ngene
bemuling,muling,be,,,merikuq-merikaq
benabas,nabas,be,,,kuto-kute
benae,nae,be,,,ngeno-ngene
benahi,nahi,be,,,kuto-kute
benalar,nalar,be,,,general
benampat,nampat,be,,,general
benampet,nampet,be,,,ngeno-ngene
benamung,namung,be,,,meno-mene
benan,nan,be,,,merikuq-merikaq
benanas,nanas,be,,,kuto-kute
benang,nang,be,,,merikuq-merikaq
benanggor,nanggor,be,,,meno-mene
benao,nao,be,,,meno-mene
benaos,naos,be,,,general
benasiq,nasiq,be,,,ngeno-ngene
bendaiq,ndaiq,be,,,meno-mene
bendeq,ndeq,be,,,kuto-kute
benekamba,nekamba,be,,,ngeno-ngene
beneng,neng,be,,,general
beneraka,neraka,be,,,merikuq-merikaq
benga,nga,be,,,merikuq-merikaq
bengac,ngac,be,,,general
bengkiwa,ngkiwa,be,,,general
bengku,ngku,be,,,merikuq-merikaq
benikah,nikah,be,,,general
benimpoh,nimpoh,be,,,general
benina,nina,be,,,kuto-kute
bensu,nsu,be,,,kuto-kute
bentu,ntu,be,,,general
benunggal,nunggal,be,,,general
benyala,nyala,be,,,merikuq-merikaq
benyale,nyale,be,,,merikuq-merikaq
benyalong,nyalong,be,,,ngeno-ngene
benyalor,nyalor,be,,,general
benyamasa,nyamasa,be,,,ngeno-ngene
benyambila,nyambila,be,,,ngeno-ngene
benyamboq,nyamboq,be,,,merikuq-merikaq
benyambuq,nyambuq,be,,,merikuq-merikaq
benyampeq,nyampeq,be,,,general
benyatus,nyatus,be,,,kuto-kute
benyatusa,nyatusa,be,,,merikuq-merikaq
benyet,nyet,be,,,general
benyur,nyur,be,,,general
beocong,ocong,be,,,kuto-kute
beodaq,odaq,be,,,ngeno-ngene
beolas,olas,be,,,merikuq-merikaq
beombeq,ombeq,be,,,meno-mene
beomber,omber,be,,,general
beonang,onang,be,,,ngeno-ngene
beonyaq,onyaq,be,,,kuto-kute
beopek,opek,be,,,general
beotak,otak,be,,,meno-mene
bepade,pade,be,,,meno-mene
bepadu,padu,be,,,merikuq-merikaq
bepanaq,panaq,be,,,ngeno-ngene
bepancer,pancer,be,,,kuto-kute
bepangarat,pangarat,be,,,general
bepaoq,paoq,be,,,meno-mene
bepapuq,papuq,be,,,meno-mene
beparan,paran,be,,,ngeno-ngene
bepardu,pardu,be,,,ngeno-ngene
bepasek,pasek,be,,,ngeno-ngene
bepatanah,patanah,be,,,general
bepati,pati,be,,,meno-mene
bepayung,payung,be,,,ngeno-ngene
bepealong,pealong,be,,,merikuq-merikaq
bepebawaq,pebawaq,be,,,merikuq-merikaq
bepebecat,pebecat,be,,,meno-mene
bepebegaq,pebegaq,be,,,meno-mene
bepebeleq,pebeleq,be,,,merikuq-merikaq
bepebeloq,pebeloq,be,,,ngeno-ngene
bepedang,pedang,be,,,kuto-kute
bepedes,pedes,be,,,merikuq-merikaq
bepedis,pedis,be,,,merikuq-merikaq
bepekok,pekok,be,,,general
bepelajah,pelajah,be,,,merikuq-merikaq
bepelajar,pelajar,be,,,general
bepelangka,pelangka,be,,,general
bepeledok,peledok,be,,,ngeno-ngene
bepelentong,pelentong,be,,,ngeno-ngene
bepelewas,pelewas,be,,,kuto-kute
bepelungguh,pelungguh,be,,,meno-mene
bependet,pendet,be,,,meno-mene
bepeneq,peneq,be,,,kuto-kute
bepepadu,pepadu,be,,,general
beperadal,peradal,be,,,ngeno-ngene
beperadok,peradok,be,,,general
beperaiq,peraiq,be,,,merikuq-merikaq
beperaiqa,peraiqa,be,,,merikuq-merikaq
beperajah,perajah,be,,,kuto-kute
beperajaha,perajaha,be,,,kuto-kute
beperakon,perakon,be,,,ngeno-ngene
beperakona,perakona,be,,,general
beperakuq,perakuq,be,,,ngeno-ngene
beperalat,peralat,be,,,kuto-kute
beperalis,peralis,be,,,merikuq-merikaq
beperama,perama,be,,,meno-mene
beperamaq,peramaq,be,,,kuto-kute
beperang,perang,be,,,kuto-kute
beperangen,perangen,be,,,ngeno-ngene
beperangguq,perangguq,be,,,kuto-kute
beperangken,perangken,be,,,ngeno-ngene
beperantiq,perantiq,be,,,general
beperara,perara,be,,,general
beperas,peras,be,,,ngeno-ngene
beperatas,peratas,be,,,kuto-kute
beperateq,perateq,be,,,kuto-kute
bepermamiq,permamiq,be,,,kuto-kute
bepetak,petak,be,,,kuto-kute
bepetung,petung,be,,,general
bepiatu,piatu,be,,,merikuq-merikaq
bepikir,pikir,be,,,general
bepil,pil,be,,,ngeno-ngene
bepinaq,pinaq,be,,,kuto-kute
bepinyak,pinyak,be,,,ngeno-ngene
bepireq,pireq,be,,,kuto-kute
bepiring,piring,be,,,meno-mene
bepisuara,pisuara,be,,,merikuq-merikaq
bepitung,pitung,be,,,merikuq-merikaq
bepramamiq,pramamiq,be,,,meno-mene
bepraya,praya,be,,,merikuq-merikaq
bepugut,pugut,be,,,ngeno-ngene
bepujut,pujut,be,,,merikuq-merikaq
bepulek,pulek,be,,,kuto-kute
bepulisi,pulisi,be,,,ngeno-ngene
bepulu,pulu,be,,,ngeno-ngene
bepuntiq,puntiq,be,,,meno-mene
bepuser,puser,be,,,general
bepusut,pusut,be,,,general
beputri,putri,be,,,general
beqan,qan,be,,,ngeno-ngene
berabiul,rabiul,be,,,meno-mene
beraden,raden,be,,,merikuq-merikaq
beradi,radi,be,,,general
berahir,rahir,be,,,ngeno-ngene
beraj,raj,be,,,meno-mene
beralis,ralis,be,,,ngeno-ngene
berambok,rambok,be,,,merikuq-merikaq
berambu,rambu,be,,,kuto-kute
berand,rand,be,,,ngeno-ngene
berani,rani,be,,,meno-mene
berantiq,rantiq,be,,,merikuq-merikaq
beraos,raos,be,,,ngeno-ngene
berari,rari,be,,,general
beras,ras,be,,,meno-mene
beratu,ratu,be,,,ngeno-ngene
beratur,ratur,be,,,ngeno-ngene
berau,rau,be,,,ngeno-ngene
berawak,rawak,be,,,general
berebo,rebo,be,,,meno-mene
berek,rek,be,,,kuto-kute
berekeng,rekeng,be,,,ngeno-ngene
berekia,rekia,be,,,meno-mene
bereng,reng,be,,,ngeno-ngene
berengkem,rengkem,be,,,merikuq-merikaq
berepes,repes,be,,,general
bereq,req,be,,,meno-mene
bereragi,reragi,be,,,merikuq-merikaq
bererek,rerek,be,,,meno-mene
beres,res,be,,,merikuq-merikaq
beribut,ribut,be,,,ngeno-ngene
bering,ring,be,,,kuto-kute
beriq,riq,be,,,kuto-kute
beroas,roas,be,,,general
beroboh,roboh,be,,,general
berong,rong,be,,,kuto-kute
beroq,roq,be,,,kuto-kute
beros,ros,be,,,general
berua,rua,be,,,meno-mene
berujak,rujak,be,,,kuto-kute
beruq,ruq,be,,,meno-mene
besai,sai,be,,,kuto-kute
besaidina,saidina,be,,,general
besaiq,saiq,be,,,kuto-kute
besajaq,sajaq,be,,,general
besakit,sakit,be,,,general
besakra,sakra,be,,,meno-mene
besalak,salak,be,,,general
besalaq,salaq,be,,,merikuq-merikaq
besaleh,saleh,be,,,ngeno-ngene
besaling,saling,be,,,ngeno-ngene
besamas,samas,be,,,general
besamasa,samasa,be,,,general
besambel,sambel,be,,,kuto-kute
besambil,sambil,be,,,kuto-kute
besambila,sambila,be,,,meno-mene
besampi,sampi,be,,,general
besampoq,sampoq,be,,,merikuq-merikaq
besand,sand,be,,,general
besangkakala,sangkakala,be,,,kuto-kute
besangu,sangu,be,,,general
besarak,sarak,be,,,merikuq-merikaq
besari,sari,be,,,kuto-kute
besasak,sasak,be,,,ngeno-ngene
besatak,satak,be,,,meno-mene
besatus,satus,be,,,kuto-kute
besaur,saur,be,,,kuto-kute
besawa,sawa,be,,,meno-mene
besayo,sayo,be,,,ngeno-ngene
besayur,sayur,be,,,meno-mene
beseampil,seampil,be,,,general
beseandena,seandena,be,,,kuto-kute
beseasta,seasta,be,,,general
besebanjah,sebanjah,be,,,ngeno-ngene
besebelek,sebelek,be,,,merikuq-merikaq
besebia,sebia,be,,,general
beseboq,seboq,be,,,general
besebut,sebut,be,,,general
besegara,segara,be,,,general
besegare,segare,be,,,meno-mene
besekat,sekat,be,,,ngeno-ngene
besekolah,sekolah,be,,,merikuq-merikaq
besekuh,sekuh,be,,,merikuq-merikaq
beselagalas,selagalas,be,,,kuto-kute
beselana,selana,be,,,general
beselat,selat,be,,,kuto-kute
beselema,selema,be,,,merikuq-merikaq
besemama,semama,be,,,merikuq-merikaq
besemamaa,semamaa,be,,,ngeno-ngene
besemamaq,semamaq,be,,,kuto-kute
besemangga,semangga,be,,,general
besembay,sembay,be,,,general
besembelah,sembelah,be,,,merikuq-merikaq
besemeton,semeton,be,,,ngeno-ngene
besempeda,sempeda,be,,,general
besendeqman,sendeqman,be,,,ngeno-ngene
besengaka,sengaka,be,,,meno-mene
besengano,sengano,be,,,meno-mene
besependaiq,sependaiq,be,,,kuto-kute
beseperadek,seperadek,be,,,kuto-kute
besepuq,sepuq,be,,,merikuq-merikaq
beserep,serep,be,,,meno-mene
beserut,serut,be,,,ngeno-ngene
besesangi,sesangi,be,,,general
besetanggor,setanggor,be,,,merikuq-merikaq
besia,sia,be,,,kuto-kute
besiar,siar,be,,,kuto-kute
besida,sida,be,,,kuto-kute
beside,side,be,,,meno-mene
besili,sili,be,,,general
besip,sip,be,,,general
besiu,siu,be,,,meno-mene
besolah,solah,be,,,kuto-kute
besongket,songket,be,,,general
besongkoq,songkoq,be,,,general
besten,sten,be,,,ngeno-ngene
besuah,suah,be,,,general
besubuh,subuh,be,,,ngeno-ngene
besugul,sugul,be,,,merikuq-merikaq
besumpah,sumpah,be,,,kuto-kute
besuna,suna,be,,,kuto-kute
besuralaga,suralaga,be,,,general
besusu,susu,be,,,ngeno-ngene
betab,tab,be,,,general
betabas,tabas,be,,,kuto-kute
betabek,tabek,be,,,merikuq-merikaq
betaben,taben,be,,,kuto-kute
betabih,tabih,be,,,kuto-kute
betabut,tabut,be,,,kuto-kute
betac,tac,be,,,ngeno-ngene
betad,tad,be,,,merikuq-merikaq
betadah,tadah,be,,,ngeno-ngene
betadas,tadas,be,,,ngeno-ngene
betadeq,tadeq,be,,,ngeno-ngene
betadil,tadil,be,,,merikuq-merikaq
betadok,tadok,be,,,meno-mene
betadon,tadon,be,,,meno-mene
betadong,tadong,be,,,merikuq-merikaq
betadu,tadu,be,,,ngeno-ngene
betaduk,taduk,be,,,merikuq-merikaq
betaek,taek,be,,,general
betagiq,tagiq,be,,,meno-mene
betagum,tagum,be,,,kuto-kute
betai,tai,be,,,merikuq-merikaq
betain,tain,be,,,merikuq-merikaq
betajah,tajah,be,,,meno-mene
betajaq,tajaq,be,,,ngeno-ngene
betaji,taji,be,,,kuto-kute
betajum,tajum,be,,,ngeno-ngene
betakal,takal,be,,,general
betakon,takon,be,,,meno-mene
betakuq,takuq,be,,,meno-mene
betal,tal,be,,,meno-mene
betalam,talam,be,,,kuto-kute
betaleh,taleh,be,,,general
betali,tali,be,,,meno-mene
betalir,talir,be,,,merikuq-merikaq
betalong,talong,be,,,general
betalu,talu,be,,,merikuq-merikaq
betalung,talung,be,,,ngeno-ngene
betalur,talur,be,,,general
betama,tama,be,,,merikuq-merikaq
betamah,tamah,be,,,general
betamaq,tamaq,be,,,merikuq-merikaq
betamar,tamar,be,,,meno-mene
betamas,tamas,be,,,meno-mene
betambal,tambal,be,,,kuto-kute
betambea,tambea,be,,,meno-mene
betambel,tambel,be,,,merikuq-merikaq
betamben,tamben,be,,,merikuq-merikaq
betambeng,tambeng,be,,,ngeno-ngene
betambes,tambes,be,,,kuto-kute
betambong,tambong,be,,,meno-mene
betambuq,tambuq,be,,,ngeno-ngene
betamer,tamer,be,,,kuto-kute
betames,tames,be,,,ngeno-ngene
betamet,tamet,be,,,ngeno-ngene
betamok,tamok,be,,,ngeno-ngene
betamong,tamong,be,,,ngeno-ngene
betampar,tampar,be,,,general
betampat,tampat,be,,,merikuq-merikaq
betampes,tampes,be,,,meno-mene
betampet,tampet,be,,,meno-mene
betampik,tampik,be,,,kuto-kute
betampok,tampok,be,,,general
betampuk,tampuk,be,,,ngeno-ngene
betamuk,tamuk,be,,,general
betanah,tanah,be,,,kuto-kute
betanaq,tanaq,be,,,merikuq-merikaq
betancot,tancot,be,,,meno-mene
betand,tand,be,,,kuto-kute
betandek,tandek,be,,,merikuq-merikaq
betandok,tandok,be,,,ngeno-ngene
betandos,tandos,be,,,merikuq-merikaq
betanduk,tanduk,be,,,general
betang,tang,be,,,ngeno-ngene
betanget,tanget,be,,,general
betanggah,tanggah,be,,,meno-mene
betanggep,tanggep,be,,,general
betanggor,tanggor,be,,,ngeno-ngene
betanggung,tanggung,be,,,merikuq-merikaq
betangguq,tangguq,be,,,meno-mene
betangkat,tangkat,be,,,ngeno-ngene
betangkel,tangkel,be,,,ngeno-ngene
betangkon,tangkon,be,,,general
betangkut,tangkut,be,,,meno-mene
betangsor,tangsor,be,,,meno-mene
betangsuh,tangsuh,be,,,ngeno-ngene
betangsul,tangsul,be,,,general
betangsur,tangsur,be,,,general
betaniayaq,taniayaq,be,,,meno-mene
betanjah,tanjah,be,,,kuto-kute
betanjar,tanjar,be,,,kuto-kute
betanjek,tanjek,be,,,general
betanjur,tanjur,be,,,meno-mene
betansuh,tansuh,be,,,merikuq-merikaq
betantem,tantem,be,,,ngeno-ngene
betantep,tantep,be,,,kuto-kute
betantih,tantih,be,,,general
betantiq,tantiq,be,,,merikuq-merikaq
betanton,tanton,be,,,kuto-kute
betantos,tantos,be,,,merikuq-merikaq
betantuq,tantuq,be,,,ngeno-ngene
betanuq,tanuq,be,,,meno-mene
betaon,taon,be,,,meno-mene
betap,tap,be,,,general
betapah,tapah,be,,,general
betapal,tapal,be,,,merikuq-merikaq
betapen,tapen,be,,,ngeno-ngene
betapeq,tapeq,be,,,ngeno-ngene
betapit,tapit,be,,,ngeno-ngene
betapsila,tapsila,be,,,meno-mene
betapuh,tapuh,be,,,merikuq-merikaq
betapur,tapur,be,,,merikuq-merikaq
betapus,tapus,be,,,kuto-kute
betar,tar,be,,,kuto-kute
betarah,tarah,be,,,meno-mene
betarat,tarat,be,,,ngeno-ngene
betarem,tarem,be,,,general
betarep,tarep,be,,,merikuq-merikaq
betareq,tareq,be,,,merikuq-merikaq
betarok,tarok,be,,,merikuq-merikaq
betarot,tarot,be,,,general
betarti,tarti,be,,,merikuq-merikaq
betasaq,tasaq,be,,,ngeno-ngene
betaser,taser,be,,,ngeno-ngene
betater,tater,be,,,kuto-kute
betatong,tatong,be,,,merikuq-merikaq
betatuh,tatuh,be,,,kuto-kute
betatur,tatur,be,,,meno-mene
betau,tau,be,,,kuto-kute
betaun,taun,be,,,merikuq-merikaq
betaut,taut,be,,,meno-mene
betawah,tawah,be,,,meno-mene
betawaq,tawaq,be,,,general
betawas,tawas,be,,,merikuq-merikaq
betawek,tawek,be,,,meno-mene
betawis,tawis,be,,,merikuq-merikaq
betawon,tawon,be,,,meno-mene
betawor,tawor,be,,,kuto-kute
betayaq,tayaq,be,,,merikuq-merikaq
betiang,tiang,be,,,kuto-kute
betiken,tiken,be,,,meno-mene
betimuq,timuq,be,,,kuto-kute
betindok,tindok,be,,,general
betiti,titi,be,,,general
betiwoq,tiwoq,be,,,general
betiy,tiy,be,,,kuto-kute
betiyang,tiyang,be,,,merikuq-merikaq
betoaq,toaq,be,,,merikuq-merikaq
betok,tok,be,,,merikuq-merikaq
betolang,tolang,be,,,kuto-kute
beton,ton,be,,,kuto-kute
betoya,toya,be,,,merikuq-merikaq
betuak,tuak,be,,,meno-mene
betuan,tuan,be,,,general
betubaj,tubaj,be,,,ngeno-ngene
betugu,tugu,be,,,meno-mene
betujaq,tujaq,be,,,general
betuk,tuk,be,,,ngeno-ngene
betulis,tulis,be,,,meno-mene
betulung,tulung,be,,,kuto-kute
betunggal,tunggal,be,,,ngeno-ngene
betunjuk,tunjuk,be,,,merikuq-merikaq
betuntut,tuntut,be,,,ngeno-ngene
beturis,turis,be,,,ngeno-ngene
beturun,turun,be,,,kuto-kute
betutul,tutul,be,,,kuto-kute
betutuq,tutuq,be,,,general
beugama,ugama,be,,,general
beugaq,ugaq,be,,,ngeno-ngene
beulu,ulu,be,,,meno-mene
beumbaq,umbaq,be,,,meno-mene
beuni,uni,be,,,general
beurup,urup,be,,,merikuq-merikaq
bewah,wah,be,,,kuto-kute
bewaktu,waktu,be,,,kuto-kute
bewaris,waris,be,,,kuto-kute
bewaru,waru,be,,,meno-mene
bewestu,westu,be,,,merikuq-merikaq
bewong,wong,be,,,ngeno-ngene
beyaqkup,yaqkup,be,,,merikuq-merikaq
beyatim,yatim,be,,,general
teabah,abah,te,,,merikuq-merikaq
teabak,abak,te,,,ngeno-ngene
teaban,aban,te,,,ngeno-ngene
teabang,abang,te,,,merikuq-merikaq
teabar,abar,te,,,merikuq-merikaq
teabas,abas,te,,,merikuq-merikaq
teabat,abat,te,,,meno-mene
teabek,abek,te,,,ngeno-ngene
teaben,aben,te,,,general
teabena,abena,te,,,merikuq-merikaq
teaber,aber,te,,,general
teabih,abih,te,,,ngeno-ngene
teabon,abon,te,,,merikuq-merikaq
teabong,abong,te,,,merikuq-merikaq
teabot,abot,te,,,meno-mene
teabu,abu,te,,,merikuq-merikaq
teabuk,abuk,te,,,meno-mene
teabut,abut,te,,,meno-mene
teabuta,abuta,te,,,general
teacan,acan,te,,,meno-mene
teaceh,aceh,te,,,ngeno-ngene
teaci,aci,te,,,ngeno-ngene
teacih,acih,te,,,meno-mene
teacong,acong,te,,,ngeno-ngene
teadah,adah,te,,,meno-mene
teadal,adal,te,,,meno-mene
teadala,adala,te,,,kuto-kute
teadam,adam,te,,,merikuq-merikaq
teadang,adang,te,,,kuto-kute
teadap,adap,te,,,kuto-kute
teadar,adar,te,,,general
teadas,adas,te,,,kuto-kute
teadasa,adasa,te,,,meno-mene
teadat,adat,te,,,meno-mene
teadata,adata,te,,,general
teadek,adek,te,,,ngeno-ngene
teadel,adel,te,,,merikuq-merikaq
teadem,adem,te,,,ngeno-ngene
teaden,aden,te,,,ngeno-ngene
teadeng,adeng,te,,,general
teadenga,adenga,te,,,general
teadep,adep,te,,,merikuq-merikaq
teadeq,adeq,te,,,general
teadeqa,adeqa,te,,,meno-mene
teadi,adi,te,,,meno-mene
teadik,adik,te,,,merikuq-merikaq
teadil,adil,te,,,merikuq-merikaq
teading,ading,te,,,kuto-kute
teadiq,adiq,te,,,kuto-kute
teaditya,aditya,te,,,ngeno-ngene
teado,ado,te,,,general
teadoh,adoh,te,,,meno-mene
teadok,adok,te,,,meno-mene
teadoka,adoka,te,,,general
teadon,adon,te,,,merikuq-merikaq
teadona,adona,te,,,ngeno-ngene
teadoq,adoq,te,,,kuto-kute
teadu,adu,te,,,ngeno-ngene
teadua,adua,te,,,kuto-kute
teaduh,aduh,te,,,meno-mene
teaduk,aduk,te,,,meno-mene
teaer,aer,te,,,merikuq-merikaq
teagama,agama,te,,,ngeno-ngene
teagas,agas,te,,,general
teagat,agat,te,,,kuto-kute
teagel,agel,te,,,general
teagem,agem,te,,,kuto-kute
teagen,agen,te,,,kuto-kute
teageq,ageq,te,,,kuto-kute
teaget,aget,te,,,meno-mene
teagin,agin,te,,,general
teagiq,agiq,te,,,general
teagiqa,agiqa,te,,,kuto-kute
teagir,agir,te,,,merikuq-merikaq
teagit,agit,te,,,general
teagol,agol,te,,,general
teagola,agola,te,,,general
teagon,agon,te,,,meno-mene
teagu,agu,te,,,kuto-kute
teaguk,aguk,te,,,merikuq-merikaq
teagul,agul,te,,,ngeno-ngene
teagum,agum,te,,,general
teagun,agun,te,,,ngeno-ngene
teagung,agung,te,,,kuto-kute
teagunga,agunga,te,,,general
teagus,agus,te,,,merikuq-merikaq
teahat,ahat,te,,,merikuq-merikaq
teahbakaq,ahbakaq,te,,,ngeno-ngene
teahbantar,ahbantar,te,,,kuto-kute
teahbebet,ahbebet,te,,,merikuq-merikaq
teaherat,aherat,te,,,general
teahir,ahir,te,,,general
teahlak,ahlak,te,,,kuto-kute
teahli,ahli,te,,,general
teahmat,ahmat,te,,,meno-mene
teaikmel,aikmel,te,,,ngeno-ngene
teain,ain,te,,,merikuq-merikaq
teaing,aing,te,,,kuto-kute
teaip,aip,te,,,merikuq-merikaq
teaiq,aiq,te,,,kuto-kute
teaiqa,aiqa,te,,,meno-mene
teair,air,te,,,meno-mene
teajah,ajah,te,,,merikuq-merikaq
teajaha,ajaha,te,,,ngeno-ngene
teajaip,ajaip,te,,,general
teajak,ajak,te,,,kuto-kute
teajal,ajal,te,,,general
teajaq,ajaq,te,,,general
teajaqa,ajaqa,te,,,merikuq-merikaq
teajar,ajar,te,,,general
teajara,ajara,te,,,general
teajat,ajat,te,,,meno-mene
teaji,aji,te,,,ngeno-ngene
teajia,ajia,te,,,ngeno-ngene
teajimat,ajimat,te,,,general
teajiq,ajiq,te,,,ngeno-ngene
teajir,ajir,te,,,general
teajo,ajo,te,,,general
teajong,ajong,te,,,ngeno-ngene
teajonga,ajonga,te,,,kuto-kute
teajor,ajor,te,,,ngeno-ngene
teajum,ajum,te,,,kuto-kute
teajur,ajur,te,,,ngeno-ngene
teakah,akah,te,,,kuto-kute
teakal,akal,te,,,kuto-kute
teakala,akala,te,,,meno-mene
teakan,akan,te,,,meno-mene
teakaq,akaq,te,,,meno-mene
teakar,akar,te,,,kuto-kute
teakat,akat,te,,,ngeno-ngene
teakata,akata,te,,,general
teakbar,akbar,te,,,meno-mene
teaki,aki,te,,,ngeno-ngene
teakik,akik,te,,,ngeno-ngene
teakikah,akikah,te,,,general
teakikat,akikat,te,,,merikuq-merikaq
teakil,akil,te,,,meno-mene
teakon,akon,te,,,merikuq-merikaq
teakor,akor,te,,,merikuq-merikaq
teakora,akora,te,,,kuto-kute
teaksama,aksama,te,,,ngeno-ngene
teaksara,aksara,te,,,general
teaksaraa,aksaraa,te,,,merikuq-merikaq
teaksi,aksi,te,,,meno-mene
teaku,aku,te,,,kuto-kute
teakua,akua,te,,,ngeno-ngene
teakup,akup,te,,,meno-mene
teakuq,akuq,te,,,ngeno-ngene
teakur,akur,te,,,kuto-kute
teala,ala,te,,,meno-mene
tealah,alah,te,,,ngeno-ngene
tealal,alal,te,,,general
tealala,alala,te,,,meno-mene
tealam,alam,te,,,kuto-kute
tealamat,alamat,te,,,ngeno-ngene
tealamata,alamata,te,,,meno-mene
tealang,alang,te,,,ngeno-ngene
tealap,alap,te,,,merikuq-merikaq
tealar,alar,te,,,ngeno-ngene
tealas,alas,te,,,merikuq-merikaq
tealat,alat,te,,,merikuq-merikaq
teale,ale,te,,,merikuq-merikaq
tealeh,aleh,te,,,meno-mene
tealeha,aleha,te,,,general
tealek,alek,te,,,ngeno-ngene
tealem,alem,te,,,kuto-kute
tealema,alema,te,,,merikuq-merikaq
tealeng,aleng,te,,,kuto-kute
tealep,alep,te,,,meno-mene
tealeq,aleq,te,,,kuto-kute
teales,ales,te,,,meno-mene
tealet,alet,te,,,meno-mene
tealeta,aleta,te,,,kuto-kute
tealhak,alhak,te,,,meno-mene
teali,ali,te,,,merikuq-merikaq
tealialah,alialah,te,,,merikuq-merikaq
tealias,alias,te,,,merikuq-merikaq
tealim,alim,te,,,merikuq-merikaq
tealing,aling,te,,,merikuq-merikaq
tealip,alip,te,,,meno-mene
tealir,alir,te,,,kuto-kute
tealira,alira,te,,,ngeno-ngene
tealis,alis,te,,,merikuq-merikaq
tealit,alit,te,,,kuto-kute
tealkas,alkas,te,,,general
tealo,alo,te,,,kuto-kute
tealoh,aloh,te,,,kuto-kute
tealok,alok,te,,,general
tealoka,aloka,te,,,kuto-kute
tealon,alon,te,,,kuto-kute
tealona,alona,te,,,meno-mene
tealong,along,te,,,kuto-kute
tealor,alor,te,,,kuto-kute
tealos,alos,te,,,general
tealot,alot,te,,,general
tealu,alu,te,,,ngeno-ngene
tealuat,aluat,te,,,kuto-kute
tealuh,aluh,te,,,ngeno-ngene
tealuha,aluha,te,,,kuto-kute
tealung,alung,te,,,kuto-kute
tealuq,aluq,te,,,meno-mene
tealur,alur,te,,,kuto-kute
tealura,alura,te,,,merikuq-merikaq
tealus,alus,te,,,general
tealusa,alusa,te,,,general
teama,ama,te,,,merikuq-merikaq
teamah,amah,te,,,merikuq-merikaq
teamal,amal,te,,,kuto-kute
teamala,amala,te,,,kuto-kute
teaman,aman,te,,,kuto-kute
teamana,amana,te,,,general
teamanah,amanah,te,,,general
teamanat,amanat,te,,,ngeno-ngene
teamanata,amanata,te,,,ngeno-ngene
teamaq,amaq,te,,,ngeno-ngene
teamar,amar,te,,,meno-mene
teamas,amas,te,,,general
teamat,amat,te,,,general
teamb,amb,te,,,ngeno-ngene
teamba,amba,te,,,ngeno-ngene
teambal,ambal,te,,,general
teambar,ambar,te,,,ngeno-ngene
teambara,ambara,te,,,meno-mene
teambe,ambe,te,,,kuto-kute
teambek,ambek,te,,,merikuq-merikaq
teambel,ambel,te,,,general
teamben,amben,te,,,merikuq-merikaq
teambeng,ambeng,te,,,merikuq-merikaq
teambes,ambes,te,,,meno-mene
teambik,ambik,te,,,merikuq-merikaq
teambil,ambil,te,,,merikuq-merikaq
teambila,ambila,te,,,general
teambis,ambis,te,,,meno-mene
teambon,ambon,te,,,kuto-kute
teambong,ambong,te,,,kuto-kute
teamboq,amboq,te,,,merikuq-merikaq
teambor,ambor,te,,,meno-mene
teambu,ambu,te,,,merikuq-merikaq
teambuk,ambuk,te,,,meno-mene
teambul,ambul,te,,,ngeno-ngene
teambula,ambula,te,,,kuto-kute
teambuq,ambuq,te,,,merikuq-merikaq
teambur,ambur,te,,,general
teambura,ambura,te,,,kuto-kute
teamek,amek,te,,,merikuq-merikaq
teamel,amel,te,,,merikuq-merikaq
teameng,ameng,te,,,kuto-kute
teameq,ameq,te,,,meno-mene
teamer,amer,te,,,merikuq-merikaq
teamera,amera,te,,,meno-mene
teames,ames,te,,,meno-mene
teamesa,amesa,te,,,ngeno-ngene
teamet,amet,te,,,meno-mene
teami,ami,te,,,meno-mene
teamil,amil,te,,,kuto-kute
teamin,amin,te,,,general
teamina,amina,te,,,kuto-kute
teamiq,amiq,te,,,meno-mene
teamiqa,amiqa,te,,,merikuq-merikaq
teamir,amir,te,,,kuto-kute
teamit,amit,te,,,kuto-kute
teamok,amok,te,,,general
teamong,among,te,,,general
teamor,amor,te,,,ngeno-ngene
teamoria,amoria,te,,,meno-mene
teamp,amp,te,,,ngeno-ngene
teampa,ampa,te,,,ngeno-ngene
teampah,ampah,te,,,kuto-kute
teampaha,ampaha,te,,,ngeno-ngene
teampak,ampak,te,,,kuto-kute
teampao,ampao,te,,,meno-mene
teampar,ampar,te,,,kuto-kute
teampat,ampat,te,,,ngeno-ngene
teampel,ampel,te,,,general
teampen,ampen,te,,,general
teamper,amper,te,,,ngeno-ngene
teampes,ampes,te,,,general
teampesa,ampesa,te,,,general
teampet,ampet,te,,,meno-mene
teampeta,ampeta,te,,,merikuq-merikaq
teampi,ampi,te,,,kuto-kute
teampia,ampia,te,,,general
teampik,ampik,te,,,meno-mene
teampil,ampil,te,,,merikuq-merikaq
teampiq,ampiq,te,,,meno-mene
teampir,ampir,te,,,kuto-kute
teampoh,ampoh,te,,,ngeno-ngene
teampok,ampok,te,,,meno-mene
teampoq,ampoq,te,,,ngeno-ngene
teampu,ampu,te,,,ngeno-ngene
teampuk,ampuk,te,,,meno-mene
teampun,ampun,te,,,meno-mene
teampuna,ampuna,te,,,meno-mene
teampung,ampung,te,,,general
teampura,ampura,te,,,meno-mene
teampuray,ampuray,te,,,ngeno-ngene
teamsah,amsah,te,,,merikuq-merikaq
teamu,amu,te,,,kuto-kute
teamuk,amuk,te,,,merikuq-merikaq
teamung,amung,te,,,merikuq-merikaq
teamuq,amuq,te,,,meno-mene
teanak,anak,te,,,ngeno-ngene
teanaka,anaka,te,,,merikuq-merikaq
teanang,anang,te,,,meno-mene
teancak,ancak,te,,,ngeno-ngene
teancar,ancar,te,,,merikuq-merikaq
teancot,ancot,te,,,general
teandam,andam,te,,,merikuq-merikaq
teandang,andang,te,,,meno-mene
teandanga,andanga,te,,,merikuq-merikaq
teandar,andar,te,,,merikuq-merikaq
teandara,andara,te,,,ngeno-ngene
teande,ande,te,,,general
teandea,andea,te,,,kuto-kute
teandek,andek,te,,,meno-mene
teandeka,andeka,te,,,ngeno-ngene
teandel,andel,te,,,ngeno-ngene
teandela,andela,te,,,ngeno-ngene
teanden,anden,te,,,meno-mene
teander,ander,te,,,kuto-kute
teandika,andika,te,,,meno-mene
teandikaa,andikaa,te,,,general
teandong,andong,te,,,kuto-kute
teandonga,andonga,te,,,merikuq-merikaq
teandos,andos,te,,,meno-mene
teandosa,andosa,te,,,kuto-kute
teanduk,anduk,te,,,kuto-kute
teaneh,aneh,te,,,meno-mene
teang,ang,te,,,kuto-kute
teangas,angas,te,,,merikuq-merikaq
teangasa,angasa,te,,,merikuq-merikaq
teangen,angen,te,,,meno-mene
teangena,angena,te,,,ngeno-ngene
teanget,anget,te,,,ngeno-ngene
teangeta,angeta,te,,,kuto-kute
teanggah,anggah,te,,,meno-mene
teanggar,anggar,te,,,meno-mene
teanggara,anggara,te,,,merikuq-merikaq
teanggek,anggek,te,,,meno-mene
teanggep,anggep,te,,,kuto-kute
teanggepa,anggepa,te,,,ngeno-ngene
teanggo,anggo,te,,,meno-mene
teanggop,anggop,te,,,general
teanggopa,anggopa,te,,,meno-mene
teanggoq,anggoq,te,,,kuto-kute
teanggoqa,anggoqa,te,,,general
teanggor,anggor,te,,,meno-mene
teangguk,angguk,te,,,general
teangguq,angguq,te,,,ngeno-ngene
teanggur,anggur,te,,,kuto-kute
teanggura,anggura,te,,,general
teangin,angin,te,,,ngeno-ngene
teangk,angk,te,,,meno-mene
teangka,angka,te,,,merikuq-merikaq
teangkaq,angkaq,te,,,kuto-kute
teangkat,angkat,te,,,merikuq-merikaq
teangkata,angkata,te,,,ngeno-ngene
teangken,angken,te,,,ngeno-ngene
teangker,angker,te,,,meno-mene
teangkon,angkon,te,,,merikuq-merikaq
teangkos,angkos,te,,,ngeno-ngene
teangkot,angkot,te,,,merikuq-merikaq
teangku,angku,te,,,merikuq-merikaq
teangkumpe,angkumpe,te,,,ngeno-ngene
teangkunda,angkunda,te,,,ngeno-ngene
teangkungku,angkungku,te,,,merikuq-merikaq
teangkunta,angkunta,te,,,ngeno-ngene
teangkus,angkus,te,,,meno-mene
teangkut,angkut,te,,,kuto-kute
teangop,angop,te,,,general
teangpao,angpao,te,,,merikuq-merikaq
teangsa,angsa,te,,,kuto-kute
teangsana,angsana,te,,,ngeno-ngene
teangsel,angsel,te,,,meno-mene
teangsela,angsela,te,,,merikuq-merikaq
teangsok,angsok,te,,,ngeno-ngene
teangsor,angsor,te,,,meno-mene
teangsora,angsora,te,,,general
teangsuh,angsuh,te,,,general
teangsul,angsul,te,,,kuto-kute
teangsur,angsur,te,,,meno-mene
teaniayaq,aniayaq,te,,,general
teaning,aning,te,,,general
teaniq,aniq,te,,,merikuq-merikaq
teanjah,anjah,te,,,general
teanjani,anjani,te,,,ngeno-ngene
teanjar,anjar,te,,,general
teanjara,anjara,te,,,general
teanjek,anjek,te,,,ngeno-ngene
teanjeka,anjeka,te,,,general
teanjeng,anjeng,te,,,merikuq-merikaq
teanjenga,anjenga,te,,,general
teanjok,anjok,te,,,general
teanjoka,anjoka,te,,,ngeno-ngene
teanjul,anjul,te,,,general
teanjung,anjung,te,,,kuto-kute
teanjur,anjur,te,,,kuto-kute
teanjura,anjura,te,,,merikuq-merikaq
teano,ano,te,,,meno-mene
teansel,ansel,te,,,meno-mene
teansen,ansen,te,,,ngeno-ngene
teansor,ansor,te,,,meno-mene
teansuh,ansuh,te,,,general
teansuha,ansuha,te,,,general
teansul,ansul,te,,,kuto-kute
teansun,ansun,te,,,merikuq-merikaq
teanta,anta,te,,,kuto-kute
teantaa,antaa,te,,,ngeno-ngene
teantap,antap,te,,,ngeno-ngene
teantem,antem,te,,,merikuq-merikaq
teantema,antema,te,,,merikuq-merikaq
teantep,antep,te,,,kuto-kute
teantih,antih,te,,,general
teanting,anting,te,,,merikuq-merikaq
teantiq,antiq,te,,,ngeno-ngene
teantiqa,antiqa,te,,,merikuq-merikaq
teanton,anton,te,,,merikuq-merikaq
teantos,antos,te,,,ngeno-ngene
teantu,antu,te,,,general
teantuk,antuk,te,,,kuto-kute
teantuka,antuka,te,,,general
teantuq,antuq,te,,,kuto-kute
teantuqa,antuqa,te,,,ngeno-ngene
teanuq,anuq,te,,,meno-mene
teanuqa,anuqa,te,,,ngeno-ngene
teanyam,anyam,te,,,ngeno-ngene
teanyir,anyir,te,,,merikuq-merikaq
teaoq,aoq,te,,,general
teapa,apa,te,,,general
teapah,apah,te,,,ngeno-ngene
teapaha,apaha,te,,,kuto-kute
teapak,apak,te,,,general
teapal,apal,te,,,merikuq-merikaq
teapala,apala,te,,,ngeno-ngene
teapem,apem,te,,,merikuq-merikaq
teapeq,apeq,te,,,kuto-kute
teapi,api,te,,,meno-mene
teapik,apik,te,,,merikuq-merikaq
teapika,apika,te,,,kuto-kute
teapin,apin,te,,,kuto-kute
teapit,apit,te,,,meno-mene
teapita,apita,te,,,meno-mene
teapuh,apuh,te,,,meno-mene
teapur,apur,te,,,ngeno-ngene
teapus,apus,te,,,general
teapusa,apusa,te,,,general
teara,ara,te,,,kuto-kute
tearah,arah,te,,,ngeno-ngene
tearak,arak,te,,,kuto-kute
tearan,aran,te,,,kuto-kute
tearang,arang,te,,,kuto-kute
tearap,arap,te,,,general
tearaq,araq,te,,,general
tearaqa,araqa,te,,,general
tearat,arat,te,,,meno-mene
tearata,arata,te,,,merikuq-merikaq
teare,are,te,,,kuto-kute
tearem,arem,te,,,ngeno-ngene
tearen,aren,te,,,kuto-kute
tearep,arep,te,,,general
tearepa,arepa,te,,,merikuq-merikaq
teareq,areq,te,,,general
teareqa,areqa,te,,,ngeno-ngene
teariq,ariq,te,,,meno-mene
tearit,arit,te,,,meno-mene
tearloji,arloji,te,,,merikuq-merikaq
tearo,aro,te,,,merikuq-merikaq
tearoh,aroh,te,,,meno-mene
tearok,arok,te,,,general
tearong,arong,te,,,meno-mene
tearot,arot,te,,,kuto-kute
tearpah,arpah,te,,,ngeno-ngene
tearta,arta,te,,,general
tearti,arti,te,,,meno-mene
teartia,artia,te,,,kuto-kute
tearu,aru,te,,,general
tearus,arus,te,,,meno-mene
tearusa,arusa,te,,,ngeno-ngene
tearwah,arwah,te,,,ngeno-ngene
teasah,asah,te,,,general
teasaha,asaha,te,,,kuto-kute
teasal,asal,te,,,ngeno-ngene
teasaq,asaq,te,,,general
teasar,asar,te,,,general
teasem,asem,te,,,ngeno-ngene
teaseq,aseq,te,,,meno-mene
teasera,asera,te,,,kuto-kute
teasil,asil,te,,,ngeno-ngene
teasila,asila,te,,,meno-mene
teasin,asin,te,,,kuto-kute
teasta,asta,te,,,merikuq-merikaq
teatak,atak,te,,,kuto-kute
teatas,atas,te,,,general
teatasa,atasa,te,,,ngeno-ngene
teatawa,atawa,te,,,ngeno-ngene
teate,ate,te,,,ngeno-ngene
teatea,atea,te,,,general
teatep,atep,te,,,merikuq-merikaq
teater,ater,te,,,merikuq-merikaq
teatera,atera,te,,,ngeno-ngene
teatom,atom,te,,,general
teatong,atong,te,,,merikuq-merikaq
teatonga,atonga,te,,,ngeno-ngene
teatuh,atuh,te,,,merikuq-merikaq
teatuha,atuha,te,,,general
teatur,atur,te,,,ngeno-ngene
teatura,atura,te,,,kuto-kute
teatus,atus,te,,,merikuq-merikaq
teaur,aur,te,,,ngeno-ngene
teaut,aut,te,,,merikuq-merikaq
teauta,auta,te,,,ngeno-ngene
teawa,awa,te,,,kuto-kute
teawak,awak,te,,,merikuq-merikaq
teawal,awal,te,,,merikuq-merikaq
teawam,awam,te,,,merikuq-merikaq
teawampe,awampe,te,,,merikuq-merikaq
teawan,awan,te,,,kuto-kute
teawanda,awanda,te,,,merikuq-merikaq
teawang,awang,te,,,general
teawangku,awangku,te,,,ngeno-ngene
teawaq,awaq,te,,,ngeno-ngene
teawas,awas,te,,,ngeno-ngene
teawek,awek,te,,,meno-mene
teaweka,aweka,te,,,meno-mene
teawet,awet,te,,,ngeno-ngene
teaweta,aweta,te,,,general
teawik,awik,te,,,general
teawin,awin,te,,,meno-mene
teawis,awis,te,,,general
teawisa,awisa,te,,,ngeno-ngene
teawon,awon,te,,,merikuq-merikaq
teawona,awona,te,,,meno-mene
teawor,awor,te,,,merikuq-merikaq
teawora,awora,te,,,kuto-kute
teawu,awu,te,,,ngeno-ngene
teawun,awun,te,,,kuto-kute
teayah,ayah,te,,,meno-mene
teayaq,ayaq,te,,,general
teayaqa,ayaqa,te,,,meno-mene
teayat,ayat,te,,,general
teazimat,azimat,te,,,general
tebabah,babah,te,,,general
tebabak,babak,te,,,merikuq-merikaq
tebabar,babar,te,,,kuto-kute
tebabas,babas,te,,,merikuq-merikaq
tebabat,babat,te,,,ngeno-ngene
tebaca,baca,te,,,general
tebacaa,bacaa,te,,,kuto-kute
tebacot,bacot,te,,,kuto-kute
tebadah,badah,te,,,merikuq-merikaq
tebadaq,badaq,te,,,general
tebadaqa,badaqa,te,,,general
tebadar,badar,te,,,kuto-kute
tebadas,badas,te,,,ngeno-ngene
tebadeq,badeq,te,,,meno-mene
tebadi,badi,te,,,meno-mene
tebadiq,badiq,te,,,meno-mene
tebadoq,badoq,te,,,kuto-kute
tebaduk,baduk,te,,,kuto-kute
tebadung,badung,te,,,kuto-kute
tebadunga,badunga,te,,,merikuq-merikaq
tebadut,badut,te,,,merikuq-merikaq
tebae,bae,te,,,meno-mene
tebaeh,baeh,te,,,merikuq-merikaq
tebaes,baes,te,,,meno-mene
tebag,bag,te,,,general
tebaga,baga,te,,,kuto-kute
tebageq,bageq,te,,,kuto-kute
tebagi,bagi,te,,,merikuq-merikaq
tebagia,bagia,te,,,kuto-kute
tebagu,bagu,te,,,meno-mene
tebagus,bagus,te,,,merikuq-merikaq
tebagusa,bagusa,te,,,merikuq-merikaq
tebahla,bahla,te,,,meno-mene
tebai,bai,te,,,ngeno-ngene
tebaiq,baiq,te,,,meno-mene
tebais,bais,te,,,kuto-kute
tebait,bait,te,,,general
tebaita,baita,te,,,meno-mene
tebaj,baj,te,,,ngeno-ngene
tebaja,baja,te,,,general
tebajah,bajah,te,,,kuto-kute
tebajaha,bajaha,te,,,meno-mene
tebajang,bajang,te,,,meno-mene
tebajar,bajar,te,,,ngeno-ngene
tebajo,bajo,te,,,merikuq-merikaq
tebajur,bajur,te,,,ngeno-ngene
tebak,bak,te,,,kuto-kute
tebakal,bakal,te,,,meno-mene
tebakaq,bakaq,te,,,general
tebakat,bakat,te,,,merikuq-merikaq
tebakeq,bakeq,te,,,meno-mene
tebako,bako,te,,,ngeno-ngene
tebakti,bakti,te,,,merikuq-merikaq
tebalaq,balaq,te,,,meno-mene
tebalaqa,balaqa,te,,,merikuq-merikaq
tebalar,balar,te,,,kuto-kute
tebalas,balas,te,,,general
tebale,bale,te,,,ngeno-ngene
tebalek,balek,te,,,ngeno-ngene
tebalen,balen,te,,,meno-mene
tebales,bales,te,,,meno-mene
tebalet,balet,te,,,merikuq-merikaq
tebali,bali,te,,,kuto-kute
tebalik,balik,te,,,ngeno-ngene
tebalika,balika,te,,,ngeno-ngene
tebalit,balit,te,,,general
tebalok,balok,te,,,kuto-kute
tebaloq,baloq,te,,,kuto-kute
tebalu,balu,te,,,kuto-kute
tebalung,balung,te,,,ngeno-ngene
tebalunga,balunga,te,,,kuto-kute
tebaluq,baluq,te,,,ngeno-ngene
tebaluqa,baluqa,te,,,general
tebamb,bamb,te,,,merikuq-merikaq
tebambung,bambung,te,,,ngeno-ngene
teban,ban,te,,,ngeno-ngene
tebancah,bancah,te,,,merikuq-merikaq
tebanda,banda,te,,,general
tebandel,bandel,te,,,meno-mene
tebandeng,bandeng,te,,,general
tebandenga,bandenga,te,,,kuto-kute
tebanding,banding,te,,,merikuq-merikaq
tebandung,bandung,te,,,general
tebandunga,bandunga,te,,,meno-mene
tebang,bang,te,,,kuto-kute
tebangaq,bangaq,te,,,meno-mene
tebanger,banger,te,,,ngeno-ngene
tebanget,banget,te,,,merikuq-merikaq
tebangga,bangga,te,,,general
tebanggaa,banggaa,te,,,ngeno-ngene
tebanggruq,banggruq,te,,,meno-mene
tebangk,bangk,te,,,kuto-kute
tebangkal,bangkal,te,,,ngeno-ngene
tebangkala,bangkala,te,,,general
tebangke,bangke,te,,,ngeno-ngene
tebangkel,bangkel,te,,,kuto-kute
tebangkela,bangkela,te,,,merikuq-merikaq
tebangken,bangken,te,,,meno-mene
tebangkes,bangkes,te,,,ngeno-ngene
tebangket,bangket,te,,,kuto-kute
tebangkok,bangkok,te,,,ngeno-ngene
tebangkol,bangkol,te,,,general
tebangkon,bangkon,te,,,general
tebangkrut,bangkrut,te,,,general
tebangku,bangku,te,,,meno-mene
tebangkuk,bangkuk,te,,,kuto-kute
tebangkung,bangkung,te,,,meno-mene
tebangsa,bangsa,te,,,meno-mene
tebangsat,bangsat,te,,,kuto-kute
tebangsit,bangsit,te,,,merikuq-merikaq
tebangun,bangun,te,,,ngeno-ngene
tebani,bani,te,,,kuto-kute
tebaniq,baniq,te,,,kuto-kute
tebanjah,banjah,te,,,kuto-kute
tebanjaha,banjaha,te,,,general
tebanjar,banjar,te,,,merikuq-merikaq
tebanjara,banjara,te,,,kuto-kute
tebanjur,banjur,te,,,ngeno-ngene
tebansu,bansu,te,,,general
tebanta,banta,te,,,meno-mene
tebantal,bantal,te,,,merikuq-merikaq
tebantar,bantar,te,,,general
tebantara,bantara,te,,,merikuq-merikaq
tebantat,bantat,te,,,meno-mene
tebante,bante,te,,,general
tebantek,bantek,te,,,ngeno-ngene
tebantel,bantel,te,,,kuto-kute
tebanten,banten,te,,,ngeno-ngene
tebanteng,banteng,te,,,general
tebanting,banting,te,,,kuto-kute
tebantinga,bantinga,te,,,general
tebantong,bantong,te,,,kuto-kute
tebantot,bantot,te,,,merikuq-merikaq
tebantota,bantota,te,,,merikuq-merikaq
tebantu,bantu,te,,,kuto-kute
tebantun,bantun,te,,,ngeno-ngene
tebanyaq,banyaq,te,,,general
tebanyol,banyol,te,,,kuto-kute
tebao,bao,te,,,merikuq-merikaq
tebaoa,baoa,te,,,meno-mene
tebaok,baok,te,,,ngeno-ngene
tebaoq,baoq,te,,,ngeno-ngene
tebaoqa,baoqa,te,,,ngeno-ngene
tebaos,baos,te,,,ngeno-ngene
tebaosa,baosa,te,,,meno-mene
tebapa,bapa,te,,,kuto-kute
tebapaq,bapaq,te,,,kuto-kute
tebaq,baq,te,,,general
tebaqd,baqd,te,,,kuto-kute
tebara,bara,te,,,merikuq-merikaq
tebaraa,baraa,te,,,merikuq-merikaq
tebarang,barang,te,,,merikuq-merikaq
tebaraq,baraq,te,,,ngeno-ngene
tebaraqa,baraqa,te,,,ngeno-ngene
tebarat,barat,te,,,general
tebareh,bareh,te,,,ngeno-ngene
tebareha,bareha,te,,,meno-mene
tebareng,bareng,te,,,ngeno-ngene
tebarenga,barenga,te,,,kuto-kute
tebares,bares,te,,,general
tebaret,baret,te,,,general
tebareta,bareta,te,,,merikuq-merikaq
tebari,bari,te,,,kuto-kute
tebaris,baris,te,,,merikuq-merikaq
tebarisa,barisa,te,,,ngeno-ngene
tebaro,baro,te,,,general
tebaroa,baroa,te,,,general
tebarsah,barsah,te,,,ngeno-ngene
tebaru,baru,te,,,meno-mene
tebarua,barua,te,,,general
tebarung,barung,te,,,general
tebaruq,baruq,te,,,general
tebarus,barus,te,,,kuto-kute
tebas,bas,te,,,general
tebasa,basa,te,,,kuto-kute
tebasaq,basaq,te,,,meno-mene
tebasaqa,basaqa,te,,,merikuq-merikaq
tebasong,basong,te,,,merikuq-merikaq
tebat,bat,te,,,meno-mene
tebata,bata,te,,,general
tebatah,batah,te,,,general
tebatal,batal,te,,,merikuq-merikaq
tebatala,batala,te,,,meno-mene
tebatang,batang,te,,,general
tebatar,batar,te,,,merikuq-merikaq
tebatbata,batbata,te,,,merikuq-merikaq
tebatek,batek,te,,,merikuq-merikaq
tebateq,bateq,te,,,general
tebates,bates,te,,,kuto-kute
tebati,bati,te,,,meno-mene
tebaton,baton,te,,,ngeno-ngene
tebatu,batu,te,,,general
tebatuk,batuk,te,,,kuto-kute
tebatur,batur,te,,,kuto-kute
tebau,bau,te,,,meno-mene
tebaung,baung,te,,,kuto-kute
tebaur,baur,te,,,meno-mene
tebaura,baura,te,,,ngeno-ngene
tebaw,baw,te,,,meno-mene
tebawaq,bawaq,te,,,general
tebawaqa,bawaqa,te,,,meno-mene
tebawi,bawi,te,,,meno-mene
tebawo,bawo,te,,,merikuq-merikaq
tebayah,bayah,te,,,kuto-kute
tebayaha,bayaha,te,,,general
tebayam,bayam,te,,,merikuq-merikaq
tebayar,bayar,te,,,merikuq-merikaq
tebayem,bayem,te,,,merikuq-merikaq
tebayu,bayu,te,,,ngeno-ngene
tebea,bea,te,,,general
tebeaq,beaq,te,,,merikuq-merikaq
tebebas,bebas,te,,,merikuq-merikaq
tebebek,bebek,te,,,meno-mene
tebec,bec,te,,,general
tebecat,becat,te,,,meno-mene
tebeda,beda,te,,,meno-mene
tebedah,bedah,te,,,kuto-kute
tebedak,bedak,te,,,merikuq-merikaq
tebedil,bedil,te,,,meno-mene
tebedog,bedog,te,,,ngeno-ngene
tebedu,bedu,te,,,merikuq-merikaq
tebeg,beg,te,,,merikuq-merikaq
tebega,bega,te,,,general
tebegu,begu,te,,,merikuq-merikaq
tebei,bei,te,,,general
tebejat,bejat,te,,,general
tebejek,bejek,te,,,merikuq-merikaq
tebeka,beka,te,,,general
tebekeq,bekeq,te,,,general
tebel,bel,te,,,meno-mene
tebela,bela,te,,,ngeno-ngene
tebelabur,belabur,te,,,general
tebelah,belah,te,,,kuto-kute
tebelanja,belanja,te,,,ngeno-ngene
tebelaq,belaq,te,,,general
tebelas,belas,te,,,kuto-kute
tebele,bele,te,,,kuto-kute
tebelek,belek,te,,,ngeno-ngene
tebeleq,beleq,te,,,ngeno-ngene
tebeler,beler,te,,,general
tebelet,belet,te,,,general
tebeli,beli,te,,,merikuq-merikaq
tebelo,belo,te,,,merikuq-merikaq
tebeloq,beloq,te,,,meno-mene
tebembeq,bembeq,te,,,ngeno-ngene
teben,ben,te,,,general
tebenda,benda,te,,,merikuq-merikaq
tebeng,beng,te,,,merikuq-merikaq
tebengal,bengal,te,,,general
tebengaq,bengaq,te,,,general
tebengkak,bengkak,te,,,merikuq-merikaq
tebengkel,bengkel,te,,,general
tebengkok,bengkok,te,,,ngeno-ngene
tebeni,beni,te,,,meno-mene
teber,ber,te,,,kuto-kute
tebera,bera,te,,,general
teberak,berak,te,,,merikuq-merikaq
teberaq,beraq,te,,,meno-mene
teberem,berem,te,,,general
teberora,berora,te,,,ngeno-ngene
teberoraq,beroraq,te,,,merikuq-merikaq
teberu,beru,te,,,general
tebeso,beso,te,,,meno-mene
tebet,bet,te,,,merikuq-merikaq
tebeta,beta,te,,,general
tebeti,beti,te,,,ngeno-ngene
tebetu,betu,te,,,meno-mene
tebeu,beu,te,,,kuto-kute
tebewen,bewen,te,,,kuto-kute
tebewi,bewi,te,,,general
tebialal,bialal,te,,,merikuq-merikaq
tebideng,bideng,te,,,ngeno-ngene
tebik,bik,te,,,ngeno-ngene
tebikas,bikas,te,,,kuto-kute
tebilaq,bilaq,te,,,general
tebiloq,biloq,te,,,merikuq-merikaq
tebingur,bingur,te,,,merikuq-merikaq
tebintang,bintang,te,,,merikuq-merikaq
tebireng,bireng,te,,,meno-mene
tebis,bis,te,,,general
tebisoq,bisoq,te,,,ngeno-ngene
tebitek,bitek,te,,,ngeno-ngene
tebobok,bobok,te,,,ngeno-ngene
tebon,bon,te,,,general
tebong,bong,te,,,ngeno-ngene
tebonges,bonges,te,,,kuto-kute
tebontol,bontol,te,,,general
tebuaq,buaq,te,,,kuto-kute
tebubur,bubur,te,,,kuto-kute
tebudaq,budaq,te,,,merikuq-merikaq
tebukaq,bukaq,te,,,merikuq-merikaq
tebulan,bulan,te,,,meno-mene
tebuloq,buloq,te,,,kuto-kute
tebulu,bulu,te,,,kuto-kute
tebuntut,buntut,te,,,meno-mene
teburaq,buraq,te,,,meno-mene
tecalon,calon,te,,,kuto-kute
tecampur,campur,te,,,kuto-kute
tecampura,campura,te,,,meno-mene
tecang,cang,te,,,meno-mene
tecanga,canga,te,,,kuto-kute
tecat,cat,te,,,general
tecata,cata,te,,,ngeno-ngene
tecela,cela,te,,,merikuq-merikaq
tecet,cet,te,,,meno-mene
tecicik,cicik,te,,,ngeno-ngene
tecik,cik,te,,,kuto-kute
tecip,cip,te,,,ngeno-ngene
teciq,ciq,te,,,meno-mene
tecobeq,cobeq,te,,,kuto-kute
tecucuk,cucuk,te,,,general
tecupak,cupak,te,,,general
tedaa,daa,te,,,merikuq-merikaq
tedac,dac,te,,,merikuq-merikaq
tedad,dad,te,,,meno-mene
tedadah,dadah,te,,,meno-mene
tedadar,dadar,te,,,meno-mene
tedag,dag,te,,,ngeno-ngene
tedagul,dagul,te,,,general
tedahir,dahir,te,,,general
tedaiq,daiq,te,,,meno-mene
tedait,dait,te,,,ngeno-ngene
tedak,dak,te,,,kuto-kute
tedalem,dalem,te,,,merikuq-merikaq
tedandok,dandok,te,,,ngeno-ngene
tedangkem,dangkem,te,,,meno-mene
tedap,dap,te,,,ngeno-ngene
tedareq,dareq,te,,,kuto-kute
tedas,das,te,,,ngeno-ngene
tedateng,dateng,te,,,kuto-kute
tedatu,datu,te,,,ngeno-ngene
tedaun,daun,te,,,general
tedaur,daur,te,,,kuto-kute
tedaya,daya,te,,,general
tedea,dea,te,,,ngeno-ngene
tedek,dek,te,,,merikuq-merikaq
tedel,del,te,,,kuto-kute
tedendeq,dendeq,te,,,ngeno-ngene
tedeng,deng,te,,,general
tedenga,denga,te,,,ngeno-ngene
tedengan,dengan,te,,,general
tedereq,dereq,te,,,kuto-kute
tedes,des,te,,,ngeno-ngene
tedesa,desa,te,,,ngeno-ngene
tedewa,dewa,te,,,kuto-kute
tedewek,dewek,te,,,meno-mene
tedin,din,te,,,general
tediriq,diriq,te,,,meno-mene
tedoe,doe,te,,,general
tedok,dok,te,,,meno-mene
tedomas,domas,te,,,merikuq-merikaq
tedowen,dowen,te,,,general
tedua,dua,te,,,general
teduan,duan,te,,,general
teduk,duk,te,,,merikuq-merikaq
tedup,dup,te,,,general
tedur,dur,te,,,merikuq-merikaq
teduri,duri,te,,,ngeno-ngene
tedus,dus,te,,,merikuq-merikaq
teebang,ebang,te,,,meno-mene
teebawaq,ebawaq,te,,,merikuq-merikaq
teebel,ebel,te,,,ngeno-ngene
teebela,ebela,te,,,ngeno-ngene
teebelet,ebelet,te,,,merikuq-merikaq
teebeleta,ebeleta,te,,,merikuq-merikaq
teeji,eji,te,,,general
teeku,eku,te,,,kuto-kute
teeladoq,eladoq,te,,,kuto-kute
teelaq,elaq,te,,,merikuq-merikaq
teelik,elik,te,,,ngeno-ngene
teelu,elu,te,,,meno-mene
teemas,emas,te,,,ngeno-ngene
teembe,embe,te,,,general
teembeq,embeq,te,,,merikuq-merikaq
teembor,embor,te,,,kuto-kute
teembu,embu,te,,,general
teembuq,embuq,te,,,merikuq-merikaq
teempak,empak,te,,,ngeno-ngene
teempaq,empaq,te,,,ngeno-ngene
teemper,emper,te,,,ngeno-ngene
teempoh,empoh,te,,,general
teempok,empok,te,,,kuto-kute
teenak,enak,te,,,general
teenda,enda,te,,,ngeno-ngene
teendaraq,endaraq,te,,,kuto-kute
teendeng,endeng,te,,,general
teendeq,endeq,te,,,kuto-kute
teendeqna,endeqna,te,,,merikuq-merikaq
teene,ene,te,,,merikuq-merikaq
teeng,eng,te,,,ngeno-ngene
teengger,engger,te,,,general
teenggih,enggih,te,,,ngeno-ngene
teengk,engk,te,,,ngeno-ngene
teengkaq,engkaq,te,,,merikuq-merikaq
teengkos,engkos,te,,,kuto-kute
teenjen,enjen,te,,,ngeno-ngene
teeno,eno,te,,,kuto-kute
teent,ent,te,,,ngeno-ngene
teentong,entong,te,,,ngeno-ngene
teentu,entu,te,,,merikuq-merikaq
teepi,epi,te,,,ngeno-ngene
teerat,erat,te,,,kuto-kute
tegaan,gaan,te,,,kuto-kute
tegaet,gaet,te,,,merikuq-merikaq
tegaji,gaji,te,,,kuto-kute
tegal,gal,te,,,general
tegalah,galah,te,,,merikuq-merikaq
tegaleng,galeng,te,,,ngeno-ngene
tegalih,galih,te,,,kuto-kute
tegam,gam,te,,,ngeno-ngene
tegama,gama,te,,,general
tegambar,gambar,te,,,general
tegamber,gamber,te,,,ngeno-ngene
tegambu,gambu,te,,,merikuq-merikaq
tegamel,gamel,te,,,merikuq-merikaq
tegang,gang,te,,,kuto-kute
teganggas,ganggas,te,,,ngeno-ngene
tegaq,gaq,te,,,kuto-kute
tegaqa,gaqa,te,,,merikuq-merikaq
tegati,gati,te,,,ngeno-ngene
tegawah,gawah,te,,,kuto-kute
tegeboh,geboh,te,,,ngeno-ngene
tegedeng,gedeng,te,,,merikuq-merikaq
tegegeti,gegeti,te,,,kuto-kute
tegen,gen,te,,,kuto-kute
tegeneng,geneng,te,,,ngeno-ngene
tegeres,geres,te,,,general
tegerik,gerik,te,,,kuto-kute
tegero,gero,te,,,meno-mene
tegetas,getas,te,,,general
tegigi,gigi,te,,,merikuq-merikaq
tegigih,gigih,te,,,general
tegik,gik,te,,,general
tegika,gika,te,,,ngeno-ngene
tegodek,godek,te,,,merikuq-merikaq
tegombas,gombas,te,,,merikuq-merikaq
tegoreng,goreng,te,,,kuto-kute
tegoro,goro,te,,,merikuq-merikaq
tegorong,gorong,te,,,merikuq-merikaq
tegubuk,gubuk,te,,,ngeno-ngene
tegula,gula,te,,,kuto-kute
tegunung,gunung,te,,,ngeno-ngene
teguru,guru,te,,,ngeno-ngene
tehajat,hajat,te,,,merikuq-merikaq
tehaji,haji,te,,,kuto-kute
tehalal,halal,te,,,merikuq-merikaq
tehat,hat,te,,,ngeno-ngene
tehianat,hianat,te,,,merikuq-merikaq
teidup,idup,te,,,merikuq-merikaq
teijuk,ijuk,te,,,merikuq-merikaq
teilen,ilen,te,,,meno-mene
teilham,ilham,te,,,ngeno-ngene
teilmu,ilmu,te,,,ngeno-ngene
teima,ima,te,,,merikuq-merikaq
teimbuq,imbuq,te,,,general
teinan,inan,te,,,merikuq-merikaq
teinaq,inaq,te,,,merikuq-merikaq
teind,ind,te,,,meno-mene
teinem,inem,te,,,meno-mene
teinget,inget,te,,,kuto-kute
teiroq,iroq,te,,,general
teisin,isin,te,,,general
teitem,item,te,,,merikuq-merikaq
teiwoq,iwoq,te,,,merikuq-merikaq
tejadah,jadah,te,,,merikuq-merikaq
tejagur,jagur,te,,,ngeno-ngene
tejai,jai,te,,,kuto-kute
tejamaq,jamaq,te,,,kuto-kute
tejang,jang,te,,,general
tejangkih,jangkih,te,,,meno-mene
tejaran,jaran,te,,,kuto-kute
tejari,jari,te,,,merikuq-merikaq
tejawa,jawa,te,,,meno-mene
tejeka,jeka,te,,,merikuq-merikaq
tejelo,jelo,te,,,meno-mene
tejembung,jembung,te,,,merikuq-merikaq
tejenazah,jenazah,te,,,ngeno-ngene
tejenget,jenget,te,,,kuto-kute
tejenis,jenis,te,,,merikuq-merikaq
tejero,jero,te,,,kuto-kute
tejinten,jinten,te,,,ngeno-ngene
tejiwe,jiwe,te,,,kuto-kute
tejol,jol,te,,,meno-mene
tejongkong,jongkong,te,,,general
tejual,jual,te,,,merikuq-merikaq
tejuaq,juaq,te,,,general
tejubah,jubah,te,,,ngeno-ngene
tejulu,julu,te,,,meno-mene
tejuluq,juluq,te,,,meno-mene
tejumadil,jumadil,te,,,meno-mene
tejumat,jumat,te,,,ngeno-ngene
tekabot,kabot,te,,,kuto-kute
tekadaq,kadaq,te,,,kuto-kute
tekadeng,kadeng,te,,,merikuq-merikaq
tekaget,kaget,te,,,meno-mene
tekagung,kagung,te,,,meno-mene
tekaji,kaji,te,,,meno-mene
tekajum,kajum,te,,,general
tekaka,kaka,te,,,meno-mene
tekakaq,kakaq,te,,,meno-mene
tekaken,kaken,te,,,merikuq-merikaq
tekakoq,kakoq,te,,,merikuq-merikaq
tekali,kali,te,,,general
tekalialah,kalialah,te,,,general
tekaling,kaling,te,,,ngeno-ngene
tekalung,kalung,te,,,merikuq-merikaq
tekam,kam,te,,,meno-mene
tekamban,kamban,te,,,kuto-kute
tekambes,kambes,te,,,ngeno-ngene
tekambing,kambing,te,,,general
tekamboti,kamboti,te,,,ngeno-ngene
tekamel,kamel,te,,,kuto-kute
tekanak,kanak,te,,,meno-mene
tekance,kance,te,,,ngeno-ngene
tekancing,kancing,te,,,ngeno-ngene
tekandoq,kandoq,te,,,general
tekangen,kangen,te,,,ngeno-ngene
tekangker,kangker,te,,,ngeno-ngene
tekangkung,kangkung,te,,,ngeno-ngene
tekaniayaq,kaniayaq,te,,,kuto-kute
tekanyir,kanyir,te,,,general
tekapal,kapal,te,,,ngeno-ngene
tekapik,kapik,te,,,meno-mene
tekaq,kaq,te,,,meno-mene
tekarang,karang,te,,,merikuq-merikaq
tekarepa,karepa,te,,,general
tekaro,karo,te,,,meno-mene
tekas,kas,te,,,meno-mene
tekasar,kasar,te,,,merikuq-merikaq
tekataq,kataq,te,,,merikuq-merikaq
tekaula,kaula,te,,,general
tekayu,kayu,te,,,meno-mene
tekayuq,kayuq,te,,,kuto-kute
tekeagung,keagung,te,,,ngeno-ngene
tekealim,kealim,te,,,kuto-kute
tekeam,keam,te,,,kuto-kute
tekeamel,keamel,te,,,ngeno-ngene
tekebabas,kebabas,te,,,general
tekebagus,kebagus,te,,,kuto-kute
tekebais,kebais,te,,,kuto-kute
tekebalik,kebalik,te,,,meno-mene
tekebalika,kebalika,te,,,meno-mene
tekebandel,kebandel,te,,,kuto-kute
tekebangaq,kebangaq,te,,,kuto-kute
tekebanyaq,kebanyaq,te,,,merikuq-merikaq
tekebao,kebao,te,,,merikuq-merikaq
tekebawaqa,kebawaqa,te,,,kuto-kute
tekebebas,kebebas,te,,,general
tekebebel,kebebel,te,,,merikuq-merikaq
tekebecat,kebecat,te,,,general
tekebecik,kebecik,te,,,kuto-kute
tekebedah,kebedah,te,,,ngeno-ngene
tekebedak,kebedak,te,,,kuto-kute
tekebedeng,kebedeng,te,,,meno-mene
tekebedu,kebedu,te,,,merikuq-merikaq
tekebega,kebega,te,,,kuto-kute
tekebegal,kebegal,te,,,kuto-kute
tekebegala,kebegala,te,,,merikuq-merikaq
tekebegaq,kebegaq,te,,,ngeno-ngene
tekebeket,kebeket,te,,,general
tekebekol,kebekol,te,,,general
tekebel,kebel,te,,,general
tekebelek,kebelek,te,,,merikuq-merikaq
tekebeleq,kebeleq,te,,,merikuq-merikaq
tekebeler,kebeler,te,,,kuto-kute
tekebelet,kebelet,te,,,general
tekebeleta,kebeleta,te,,,general
tekebelo,kebelo,te,,,ngeno-ngene
tekebeloh,kebeloh,te,,,merikuq-merikaq
tekebelot,kebelot,te,,,ngeno-ngene
tekebo,kebo,te,,,kuto-kute
tekebon,kebon,te,,,general
tekedebong,kedebong,te,,,ngeno-ngene
tekeh,keh,te,,,ngeno-ngene
tekejames,kejames,te,,,kuto-kute
tekejamesa,kejamesa,te,,,general
tekel,kel,te,,,meno-mene
tekelak,kelak,te,,,kuto-kute
tekelambi,kelambi,te,,,ngeno-ngene
tekelanjuh,kelanjuh,te,,,kuto-kute
tekelaq,kelaq,te,,,general
tekelek,kelek,te,,,kuto-kute
tekeloror,keloror,te,,,merikuq-merikaq
tekelutut,kelutut,te,,,general
tekemadeq,kemadeq,te,,,general
tekemalem,kemalem,te,,,general
tekemareq,kemareq,te,,,general
tekembalik,kembalik,te,,,kuto-kute
tekembalit,kembalit,te,,,kuto-kute
tekembelet,kembelet,te,,,ngeno-ngene
tekentare,kentare,te,,,kuto-kute
tekenyamboq,kenyamboq,te,,,ngeno-ngene
tekenyampoq,kenyampoq,te,,,meno-mene
tekepeng,kepeng,te,,,general
tekeradeng,keradeng,te,,,merikuq-merikaq
tekeragkat,keragkat,te,,,kuto-kute
tekeraku,keraku,te,,,merikuq-merikaq
tekerakuqa,kerakuqa,te,,,ngeno-ngene
tekerama,kerama,te,,,ngeno-ngene
tekerangkat,kerangkat,te,,,ngeno-ngene
tekeraro,keraro,te,,,kuto-kute
tekeras,keras,te,,,ngeno-ngene
tekerdit,kerdit,te,,,general
tekerepeq,kerepeq,te,,,meno-mene
tekerta,kerta,te,,,general
tekerupuk,kerupuk,te,,,meno-mene
tekeseq,keseq,te,,,general
tekesimbar,kesimbar,te,,,ngeno-ngene
teket,ket,te,,,ngeno-ngene
teketa,keta,te,,,meno-mene
tekete,kete,te,,,general
teketujur,ketujur,te,,,kuto-kute
tekikis,kikis,te,,,ngeno-ngene
tekikit,kikit,te,,,merikuq-merikaq
tekirim,kirim,te,,,merikuq-merikaq
tekitap,kitap,te,,,general
teklewang,klewang,te,,,merikuq-merikaq
tekoah,koah,te,,,ngeno-ngene
tekocor,kocor,te,,,ngeno-ngene
tekodeq,kodeq,te,,,kuto-kute
tekojor,kojor,te,,,general
tekokoh,kokoh,te,,,ngeno-ngene
tekokoq,kokoq,te,,,meno-mene
tekomb,komb,te,,,general
tekomendan,komendan,te,,,kuto-kute
tekonteq,konteq,te,,,meno-mene
tekop,kop,te,,,ngeno-ngene
tekoreng,koreng,te,,,merikuq-merikaq
tekorong,korong,te,,,general
tekorot,korot,te,,,general
tekote,kote,te,,,merikuq-merikaq
tekowok,kowok,te,,,merikuq-merikaq
tekti,kti,te,,,merikuq-merikaq
tekulat,kulat,te,,,ngeno-ngene
tekulup,kulup,te,,,ngeno-ngene
tekungkuq,kungkuq,te,,,meno-mene
tekuni,kuni,te,,,ngeno-ngene
tekupi,kupi,te,,,ngeno-ngene
tekurang,kurang,te,,,meno-mene
tekurma,kurma,te,,,ngeno-ngene
telaeq,laeq,te,,,kuto-kute
telain,lain,te,,,kuto-kute
telajah,lajah,te,,,merikuq-merikaq
telajar,lajar,te,,,kuto-kute
telakar,lakar,te,,,meno-mene
telakas,lakas,te,,,merikuq-merikaq
telakbak,lakbak,te,,,meno-mene
telakong,lakong,te,,,kuto-kute
telalo,lalo,te,,,meno-mene
telaloq,laloq,te,,,merikuq-merikaq
telamb,lamb,te,,,general
telambah,lambah,te,,,kuto-kute
telambek,lambek,te,,,ngeno-ngene
telamp,lamp,te,,,general
telampak,lampak,te,,,general
telamun,lamun,te,,,general
telan,lan,te,,,merikuq-merikaq
telanat,lanat,te,,,ngeno-ngene
telanda,landa,te,,,ngeno-ngene
telandar,landar,te,,,merikuq-merikaq
telang,lang,te,,,ngeno-ngene
telanggaq,langgaq,te,,,ngeno-ngene
telangit,langit,te,,,ngeno-ngene
telangsir,langsir,te,,,meno-mene
telanja,lanja,te,,,ngeno-ngene
telanjaa,lanjaa,te,,,kuto-kute
telant,lant,te,,,meno-mene
telanting,lanting,te,,,ngeno-ngene
telantuk,lantuk,te,,,kuto-kute
telapar,lapar,te,,,general
telaqa,laqa,te,,,ngeno-ngene
telar,lar,te,,,general
telat,lat,te,,,ngeno-ngene
telata,lata,te,,,merikuq-merikaq
telatung,latung,te,,,meno-mene
telaun,laun,te,,,ngeno-ngene
telauq,lauq,te,,,merikuq-merikaq
teledeng,ledeng,te,,,ngeno-ngene
teledok,ledok,te,,,ngeno-ngene
telek,lek,te,,,ngeno-ngene
teleka,leka,te,,,meno-mene
telekak,lekak,te,,,general
telekoq,lekoq,te,,,meno-mene
telelasuq,lelasuq,te,,,kuto-kute
teleleng,leleng,te,,,meno-mene
telem,lem,te,,,ngeno-ngene
telemaq,lemaq,te,,,general
telemba,lemba,te,,,meno-mene
telempok,lempok,te,,,meno-mene
telenc,lenc,te,,,merikuq-merikaq
telencek,lencek,te,,,general
teleng,leng,te,,,merikuq-merikaq
telenge,lenge,te,,,ngeno-ngene
telenggu,lenggu,te,,,meno-mene
telep,lep,te,,,general
telepaq,lepaq,te,,,ngeno-ngene
telepas,lepas,te,,,meno-mene
telepe,lepe,te,,,ngeno-ngene
teleq,leq,te,,,ngeno-ngene
teleqa,leqa,te,,,ngeno-ngene
teler,ler,te,,,general
teletaq,letaq,te,,,ngeno-ngene
teleteng,leteng,te,,,kuto-kute
telia,lia,te,,,meno-mene
telian,lian,te,,,meno-mene
telida,lida,te,,,general
telik,lik,te,,,kuto-kute
telikat,likat,te,,,merikuq-merikaq
telikur,likur,te,,,meno-mene
telimbing,limbing,te,,,ngeno-ngene
telincek,lincek,te,,,merikuq-merikaq
telinga,linga,te,,,merikuq-merikaq
telinggi,linggi,te,,,general
telinjo,linjo,te,,,ngeno-ngene
telis,lis,te,,,kuto-kute
telisung,lisung,te,,,general
teliung,liung,te,,,meno-mene
teloa,loa,te,,,kuto-kute
teloan,loan,te,,,merikuq-merikaq
teloeq,loeq,te,,,ngeno-ngene
teloh,loh,te,,,merikuq-merikaq
telohor,lohor,te,,,meno-mene
telok,lok,te,,,general
telokeng,lokeng,te,,,ngeno-ngene
teloking,loking,te,,,merikuq-merikaq
telolo,lolo,te,,,kuto-kute
telolon,lolon,te,,,meno-mene
telomar,lomar,te,,,merikuq-merikaq
telombok,lombok,te,,,ngeno-ngene
telong,long,te,,,kuto-kute
telubuk,lubuk,te,,,kuto-kute
telueq,lueq,te,,,meno-mene
telukbuk,lukbuk,te,,,merikuq-merikaq
telur,lur,te,,,kuto-kute
telutung,lutung,te,,,merikuq-merikaq
temaca,maca,te,,,kuto-kute
temadeq,madeq,te,,,meno-mene
temait,mait,te,,,ngeno-ngene
temajah,majah,te,,,general
temakam,makam,te,,,ngeno-ngene
temalem,malem,te,,,general
temalesa,malesa,te,,,ngeno-ngene
temalik,malik,te,,,meno-mene
temaling,maling,te,,,merikuq-merikaq
temama,mama,te,,,ngeno-ngene
temamah,mamah,te,,,kuto-kute
temambis,mambis,te,,,merikuq-merikaq
temambu,mambu,te,,,merikuq-merikaq
temambuq,mambuq,te,,,general
temamiq,mamiq,te,,,merikuq-merikaq
temamiqa,mamiqa,te,,,merikuq-merikaq
temamper,mamper,te,,,general
temampoh,mampoh,te,,,kuto-kute
temangan,mangan,te,,,general
temanis,manis,te,,,meno-mene
temantot,mantot,te,,,general
temanuk,manuk,te,,,general
temaraq,maraq,te,,,general
temareq,mareq,te,,,ngeno-ngene
temasbagiq,masbagiq,te,,,ngeno-ngene
temata,mata,te,,,merikuq-merikaq
tematar,matar,te,,,meno-mene
temate,mate,te,,,ngeno-ngene
temau,mau,te,,,kuto-kute
temawa,mawa,te,,,ngeno-ngene
temayah,mayah,te,,,kuto-kute
temayung,mayung,te,,,ngeno-ngene
temebasa,mebasa,te,,,general
temebera,mebera,te,,,meno-mene
temedil,medil,te,,,merikuq-merikaq
temegal,megal,te,,,merikuq-merikaq
temeja,meja,te,,,general
temejek,mejek,te,,,merikuq-merikaq
temekah,mekah,te,,,meno-mene
temel,mel,te,,,kuto-kute
temelakbak,melakbak,te,,,merikuq-merikaq
temelaq,melaq,te,,,general
temelaqa,melaqa,te,,,meno-mene
temeler,meler,te,,,meno-mene
temeli,meli,te,,,kuto-kute
temelia,melia,te,,,kuto-kute
tememalik,memalik,te,,,ngeno-ngene
tememayah,memayah,te,,,general
tememedah,memedah,te,,,kuto-kute
tememedil,memedil,te,,,kuto-kute
tememeler,memeler,te,,,general
tememeli,memeli,te,,,merikuq-merikaq
tememelota,memelota,te,,,merikuq-merikaq
tememengga,memengga,te,,,general
temenak,menak,te,,,general
temengama,mengama,te,,,meno-mene
temeraiq,meraiq,te,,,general
temeraiqa,meraiqa,te,,,kuto-kute
temerakona,merakona,te,,,kuto-kute
temerama,merama,te,,,merikuq-merikaq
temeramaq,meramaq,te,,,meno-mene
temerariq,merariq,te,,,meno-mene
temeriq,meriq,te,,,kuto-kute
temeta,meta,te,,,meno-mene
teminyak,minyak,te,,,meno-mene
temontor,montor,te,,,general
temudi,mudi,te,,,merikuq-merikaq
temukinat,mukinat,te,,,merikuq-merikaq
temuling,muling,te,,,general
tenabas,nabas,te,,,meno-mene
tenae,nae,te,,,merikuq-merikaq
tenahi,nahi,te,,,ngeno-ngene
tenalar,nalar,te,,,meno-mene
tenampat,nampat,te,,,merikuq-merikaq
tenampet,nampet,te,,,general
tenamung,namung,te,,,merikuq-merikaq
tenan,nan,te,,,ngeno-ngene
tenanas,nanas,te,,,meno-mene
tenang,nang,te,,,merikuq-merikaq
tenanggor,nanggor,te,,,meno-mene
tenao,nao,te,,,general
tenaos,naos,te,,,ngeno-ngene
tenasiq,nasiq,te,,,meno-mene
tendaiq,ndaiq,te,,,kuto-kute
tendeq,ndeq,te,,,merikuq-merikaq
tenekamba,nekamba,te,,,meno-mene
teneng,neng,te,,,ngeno-ngene
teneraka,neraka,te,,,kuto-kute
tenga,nga,te,,,kuto-kute
tengac,ngac,te,,,ngeno-ngene
tengkiwa,ngkiwa,te,,,meno-mene
tengku,ngku,te,,,kuto-kute
tenikah,nikah,te,,,meno-mene
tenimpoh,nimpoh,te,,,general
tenina,nina,te,,,ngeno-ngene
tensu,nsu,te,,,merikuq-merikaq
tentu,ntu,te,,,kuto-kute
tenunggal,nunggal,te,,,general
tenyala,nyala,te,,,ngeno-ngene
tenyale,nyale,te,,,merikuq-merikaq
tenyalong,nyalong,te,,,general
tenyalor,nyalor,te,,,meno-mene
tenyamasa,nyamasa,te,,,general
tenyambila,nyambila,te,,,meno-mene
tenyamboq,nyamboq,te,,,meno-mene
tenyambuq,nyambuq,te,,,ngeno-ngene
tenyampeq,nyampeq,te,,,general
tenyatus,nyatus,te,,,meno-mene
tenyatusa,nyatusa,te,,,kuto-kute
tenyet,nyet,te,,,merikuq-merikaq
tenyur,nyur,te,,,merikuq-merikaq
teocong,ocong,te,,,general
teodaq,odaq,te,,,general
teolas,olas,te,,,kuto-kute
teombeq,ombeq,te,,,ngeno-ngene
teomber,omber,te,,,meno-mene
teonang,onang,te,,,merikuq-merikaq
teonyaq,onyaq,te,,,general
teopek,opek,te,,,general
teotak,otak,te,,,general
tepade,pade,te,,,kuto-kute
tepadu,padu,te,,,kuto-kute
tepanaq,panaq,te,,,meno-mene
tepancer,pancer,te,,,merikuq-merikaq
tepangarat,pangarat,te,,,merikuq-merikaq
tepaoq,paoq,te,,,ngeno-ngene
tepapuq,papuq,te,,,kuto-kute
teparan,paran,te,,,ngeno-ngene
tepardu,pardu,te,,,general
tepasek,pasek,te,,,merikuq-merikaq
tepatanah,patanah,te,,,kuto-kute
tepati,pati,te,,,meno-mene
tepayung,payung,te,,,general
tepealong,pealong,te,,,ngeno-ngene
tepebawaq,pebawaq,te,,,meno-mene
tepebecat,pebecat,te,,,merikuq-merikaq
tepebegaq,pebegaq,te,,,kuto-kute
tepebeleq,pebeleq,te,,,kuto-kute
tepebeloq,pebeloq,te,,,merikuq-merikaq
tepedang,pedang,te,,,kuto-kute
tepedes,pedes,te,,,merikuq-merikaq
tepedis,pedis,te,,,merikuq-merikaq
tepekok,pekok,te,,,kuto-kute
tepelajah,pelajah,te,,,meno-mene
tepelajar,pelajar,te,,,general
tepelangka,pelangka,te,,,kuto-kute
tepeledok,peledok,te,,,meno-mene
tepelentong,pelentong,te,,,merikuq-merikaq
tepelewas,pelewas,te,,,kuto-kute
tepelungguh,pelungguh,te,,,ngeno-ngene
tepemangku,pemangku,te,,,merikuq-merikaq
tepemareq,pemareq,te,,,general
tepemekel,pemekel,te,,,merikuq-merikaq
tepemeler,pemeler,te,,,general
tepemutus,pemutus,te,,,kuto-kute
tependet,pendet,te,,,kuto-kute
tepeneq,peneq,te,,,merikuq-merikaq
tepenganten,penganten,te,,,ngeno-ngene
tepepadu,pepadu,te,,,ngeno-ngene
teperadal,peradal,te,,,merikuq-merikaq
teperadok,peradok,te,,,merikuq-merikaq
teperaiq,peraiq,te,,,general
teperaiqa,peraiqa,te,,,merikuq-merikaq
teperajah,perajah,te,,,general
teperajaha,perajaha,te,,,merikuq-merikaq
teperakon,perakon,te,,,meno-mene
teperakona,perakona,te,,,meno-mene
teperakuq,perakuq,te,,,general
teperalat,peralat,te,,,general
teperalis,peralis,te,,,merikuq-merikaq
teperama,perama,te,,,ngeno-ngene
teperamaq,peramaq,te,,,kuto-kute
teperang,perang,te,,,meno-mene
teperangen,perangen,te,,,kuto-kute
teperangguq,perangguq,te,,,ngeno-ngene
teperangken,perangken,te,,,general
teperantiq,perantiq,te,,,ngeno-ngene
teperara,perara,te,,,merikuq-merikaq
teperas,peras,te,,,merikuq-merikaq
teperatas,peratas,te,,,meno-mene
teperateq,perateq,te,,,ngeno-ngene
tepermamiq,permamiq,te,,,kuto-kute
tepetak,petak,te,,,meno-mene
tepetung,petung,te,,,general
tepiatu,piatu,te,,,general
tepikir,pikir,te,,,meno-mene
tepil,pil,te,,,kuto-kute
tepinaq,pinaq,te,,,merikuq-merikaq
tepinyak,pinyak,te,,,kuto-kute
tepireq,pireq,te,,,ngeno-ngene
tepiring,piring,te,,,meno-mene
tepisuara,pisuara,te,,,general
tepitung,pitung,te,,,general
tepramamiq,pramamiq,te,,,kuto-kute
tepraya,praya,te,,,general
tepugut,pugut,te,,,merikuq-merikaq
tepujut,pujut,te,,,general
tepulek,pulek,te,,,merikuq-merikaq
tepulisi,pulisi,te,,,meno-mene
tepulu,pulu,te,,,kuto-kute
tepuntiq,puntiq,te,,,general
tepuser,puser,te,,,ngeno-ngene
tepusut,pusut,te,,,ngeno-ngene
teputri,putri,te,,,meno-mene
teqan,qan,te,,,kuto-kute
terabiul,rabiul,te,,,kuto-kute
teraden,raden,te,,,merikuq-merikaq
teradi,radi,te,,,ngeno-ngene
terahir,rahir,te,,,merikuq-merikaq
teraj,raj,te,,,meno-mene
teralis,ralis,te,,,meno-mene
terambok,rambok,te,,,merikuq-merikaq
terambu,rambu,te,,,merikuq-merikaq
terand,rand,te,,,meno-mene
terani,rani,te,,,ngeno-ngene
terantiq,rantiq,te,,,kuto-kute
teraos,raos,te,,,general
terari,rari,te,,,meno-mene
teras,ras,te,,,kuto-kute
teratu,ratu,te,,,ngeno-ngene
teratur,ratur,te,,,ngeno-ngene
terau,rau,te,,,general
terawak,rawak,te,,,merikuq-merikaq
terebo,rebo,te,,,ngeno-ngene
terek,rek,te,,,merikuq-merikaq
terekeng,rekeng,te,,,merikuq-merikaq
terekia,rekia,te,,,meno-mene
tereng,reng,te,,,merikuq-merikaq
terengkem,rengkem,te,,,meno-mene
terepes,repes,te,,,merikuq-merikaq
tereq,req,te,,,general
tereragi,reragi,te,,,kuto-kute
tererek,rerek,te,,,ngeno-ngene
teres,res,te,,,general
teribut,ribut,te,,,ngeno-ngene
tering,ring,te,,,ngeno-ngene
teriq,riq,te,,,kuto-kute
teroas,roas,te,,,kuto-kute
teroboh,roboh,te,,,kuto-kute
terong,rong,te,,,meno-mene
teroq,roq,te,,,general
teros,ros,te,,,meno-mene
terua,rua,te,,,merikuq-merikaq
terujak,rujak,te,,,ngeno-ngene
teruq,ruq,te,,,meno-mene
tesai,sai,te,,,meno-mene
tesaidina,saidina,te,,,kuto-kute
tesaiq,saiq,te,,,general
tesajaq,sajaq,te,,,general
tesakit,sakit,te,,,ngeno-ngene
tesakra,sakra,te,,,ngeno-ngene
tesalak,salak,te,,,ngeno-ngene
tesalaq,salaq,te,,,general
tesaleh,saleh,te,,,ngeno-ngene
tesaling,saling,te,,,meno-mene
tesamas,samas,te,,,ngeno-ngene
tesamasa,samasa,te,,,merikuq-merikaq
tesambel,sambel,te,,,ngeno-ngene
tesambil,sambil,te,,,ngeno-ngene
tesambila,sambila,te,,,general
tesampi,sampi,te,,,merikuq-merikaq
tesampoq,sampoq,te,,,ngeno-ngene
tesand,sand,te,,,general
tesangkakala,sangkakala,te,,,ngeno-ngene
tesangu,sangu,te,,,merikuq-merikaq
tesarak,sarak,te,,,meno-mene
tesari,sari,te,,,ngeno-ngene
tesasak,sasak,te,,,kuto-kute
tesatak,satak,te,,,merikuq-merikaq
tesatus,satus,te,,,merikuq-merikaq
tesaur,saur,te,,,general
tesawa,sawa,te,,,kuto-kute
tesayo,sayo,te,,,ngeno-ngene
tesayur,sayur,te,,,ngeno-ngene
teseampil,seampil,te,,,ngeno-ngene
teseandena,seandena,te,,,kuto-kute
teseasta,seasta,te,,,meno-mene
tesebanjah,sebanjah,te,,,meno-mene
tesebelek,sebelek,te,,,ngeno-ngene
tesebia,sebia,te,,,kuto-kute
teseboq,seboq,te,,,ngeno-ngene
tesebut,sebut,te,,,general
tesegara,segara,te,,,kuto-kute
tesegare,segare,te,,,merikuq-merikaq
tesekat,sekat,te,,,kuto-kute
tesekolah,sekolah,te,,,merikuq-merikaq
tesekuh,sekuh,te,,,kuto-kute
teselagalas,selagalas,te,,,ngeno-ngene
teselana,selana,te,,,general
teselat,selat,te,,,ngeno-ngene
teselema,selema,te,,,merikuq-merikaq
tesemama,semama,te,,,general
tesemamaa,semamaa,te,,,meno-mene
tesemamaq,semamaq,te,,,merikuq-merikaq
tesemangga,semangga,te,,,kuto-kute
tesembay,sembay,te,,,meno-mene
tesembelah,sembelah,te,,,general
tesemeton,semeton,te,,,kuto-kute
tesempeda,sempeda,te,,,merikuq-merikaq
tesendeqman,sendeqman,te,,,ngeno-ngene
tesengaka,sengaka,te,,,general
tesengano,sengano,te,,,merikuq-merikaq
tesependaiq,sependaiq,te,,,kuto-kute
teseperadek,seperadek,te,,,meno-mene
tesepuq,sepuq,te,,,merikuq-merikaq
teserep,serep,te,,,kuto-kute
teserut,serut,te,,,kuto-kute
tesesangi,sesangi,te,,,ngeno-ngene
tesetanggor,setanggor,te,,,ngeno-ngene
tesia,sia,te,,,meno-mene
tesiar,siar,te,,,meno-mene
tesida,sida,te,,,merikuq-merikaq
teside,side,te,,,ngeno-ngene
tesili,sili,te,,,meno-mene
tesip,sip,te,,,merikuq-merikaq
tesiu,siu,te,,,kuto-kute
tesolah,solah,te,,,meno-mene
tesongket,songket,te,,,meno-mene
tesongkoq,songkoq,te,,,ngeno-ngene
testen,sten,te,,,ngeno-ngene
tesuah,suah,te,,,general
tesubuh,subuh,te,,,merikuq-merikaq
tesugul,sugul,te,,,meno-mene
tesumpah,sumpah,te,,,ngeno-ngene
tesuna,suna,te,,,merikuq-merikaq
tesuralaga,suralaga,te,,,ngeno-ngene
tesusu,susu,te,,,merikuq-merikaq
tetab,tab,te,,,kuto-kute
tetabas,tabas,te,,,ngeno-ngene
tetabek,tabek,te,,,kuto-kute
tetaben,taben,te,,,general
tetabih,tabih,te,,,merikuq-merikaq
tetabut,tabut,te,,,kuto-kute
tetac,tac,te,,,kuto-kute
tetad,tad,te,,,merikuq-merikaq
tetadah,tadah,te,,,ngeno-ngene
tetadas,tadas,te,,,merikuq-merikaq
tetadeq,tadeq,te,,,meno-mene
tetadil,tadil,te,,,merikuq-merikaq
tetadok,tadok,te,,,merikuq-merikaq
tetadon,tadon,te,,,ngeno-ngene
tetadong,tadong,te,,,meno-mene
tetadu,tadu,te,,,general
tetaduk,taduk,te,,,meno-mene
tetaek,taek,te,,,kuto-kute
tetagiq,tagiq,te,,,ngeno-ngene
tetagum,tagum,te,,,meno-mene
tetai,tai,te,,,merikuq-merikaq
tetain,tain,te,,,meno-mene
tetajah,tajah,te,,,kuto-kute
tetajaq,tajaq,te,,,kuto-kute
tetaji,taji,te,,,ngeno-ngene
tetajum,tajum,te,,,kuto-kute
tetakal,takal,te,,,ngeno-ngene
tetakon,takon,te,,,meno-mene
tetakuq,takuq,te,,,meno-mene
tetal,tal,te,,,ngeno-ngene
tetalam,talam,te,,,general
tetaleh,taleh,te,,,meno-mene
tetali,tali,te,,,kuto-kute
tetalir,talir,te,,,kuto-kute
tetalong,talong,te,,,kuto-kute
tetalu,talu,te,,,kuto-kute
tetalung,talung,te,,,merikuq-merikaq
tetalur,talur,te,,,general
tetama,tama,te,,,general
tetamah,tamah,te,,,kuto-kute
tetamaq,tamaq,te,,,ngeno-ngene
tetamar,tamar,te,,,kuto-kute
tetamas,tamas,te,,,meno-mene
tetambal,tambal,te,,,meno-mene
tetambea,tambea,te,,,meno-mene
tetambel,tambel,te,,,meno-mene
tetamben,tamben,te,,,meno-mene
tetambeng,tambeng,te,,,ngeno-ngene
tetambes,tambes,te,,,meno-mene
tetambong,tambong,te,,,kuto-kute
tetambuq,tambuq,te,,,merikuq-merikaq
tetamer,tamer,te,,,ngeno-ngene
tetames,tames,te,,,merikuq-merikaq
tetamet,tamet,te,,,kuto-kute
tetamok,tamok,te,,,merikuq-merikaq
tetamong,tamong,te,,,general
tetampar,tampar,te,,,kuto-kute
tetampat,tampat,te,,,kuto-kute
tetampes,tampes,te,,,merikuq-merikaq
tetampet,tampet,te,,,ngeno-ngene
tetampik,tampik,te,,,kuto-kute
tetampok,tampok,te,,,ngeno-ngene
tetampuk,tampuk,te,,,merikuq-merikaq
tetamuk,tamuk,te,,,merikuq-merikaq
tetanah,tanah,te,,,kuto-kute
tetanaq,tanaq,te,,,ngeno-ngene
tetancot,tancot,te,,,meno-mene
tetand,tand,te,,,ngeno-ngene
tetandek,tandek,te,,,ngeno-ngene
tetandok,tandok,te,,,meno-mene
tetandos,tandos,te,,,ngeno-ngene
tetanduk,tanduk,te,,,meno-mene
tetang,tang,te,,,ngeno-ngene
tetanget,tanget,te,,,meno-mene
tetanggah,tanggah,te,,,general
tetanggep,tanggep,te,,,ngeno-ngene
tetanggor,tanggor,te,,,general
tetanggung,tanggung,te,,,general
tetangguq,tangguq,te,,,kuto-kute
tetangkat,tangkat,te,,,meno-mene
tetangkel,tangkel,te,,,merikuq-merikaq
tetangkon,tangkon,te,,,meno-mene
tetangkut,tangkut,te,,,meno-mene
tetangsor,tangsor,te,,,meno-mene
tetangsuh,tangsuh,te,,,meno-mene
tetangsul,tangsul,te,,,kuto-kute
tetangsur,tangsur,te,,,kuto-kute
tetaniayaq,taniayaq,te,,,ngeno-ngene
tetanjah,tanjah,te,,,ngeno-ngene
tetanjar,tanjar,te,,,kuto-kute
tetanjek,tanjek,te,,,meno-mene
tetanjur,tanjur,te,,,general
tetansuh,tansuh,te,,,merikuq-merikaq
tetantem,tantem,te,,,kuto-kute
tetantep,tantep,te,,,kuto-kute
tetantih,tantih,te,,,ngeno-ngene
tetantiq,tantiq,te,,,meno-mene
tetanton,tanton,te,,,general
tetantos,tantos,te,,,general
tetantuq,tantuq,te,,,kuto-kute
tetanuq,tanuq,te,,,merikuq-merikaq
tetaon,taon,te,,,kuto-kute
tetap,tap,te,,,kuto-kute
tetapah,tapah,te,,,general
tetapal,tapal,te,,,general
tetapen,tapen,te,,,meno-mene
tetapeq,tapeq,te,,,meno-mene
tetapit,tapit,te,,,ngeno-ngene
tetapsila,tapsila,te,,,ngeno-ngene
tetapuh,tapuh,te,,,ngeno-ngene
tetapur,tapur,te,,,kuto-kute
tetapus,tapus,te,,,kuto-kute
tetar,tar,te,,,ngeno-ngene
tetarah,tarah,te,,,kuto-kute
tetarat,tarat,te,,,general
tetarem,tarem,te,,,merikuq-merikaq
tetarep,tarep,te,,,meno-mene
tetareq,tareq,te,,,meno-mene
tetarok,tarok,te,,,kuto-kute
tetarot,tarot,te,,,meno-mene
tetarti,tarti,te,,,meno-mene
tetasaq,tasaq,te,,,kuto-kute
tetaser,taser,te,,,kuto-kute
tetater,tater,te,,,meno-mene
tetatong,tatong,te,,,kuto-kute
tetatuh,tatuh,te,,,general
tetatur,tatur,te,,,merikuq-merikaq
tetau,tau,te,,,general
tetaun,taun,te,,,general
tetaut,taut,te,,,merikuq-merikaq
tetawah,tawah,te,,,kuto-kute
tetawaq,tawaq,te,,,ngeno-ngene
tetawas,tawas,te,,,general
tetawek,tawek,te,,,kuto-kute
tetawis,tawis,te,,,meno-mene
tetawon,tawon,te,,,ngeno-ngene
tetawor,tawor,te,,,ngeno-ngene
tetayaq,tayaq,te,,,ngeno-ngene
tetiang,tiang,te,,,meno-mene
tetiken,tiken,te,,,meno-mene
tetimuq,timuq,te,,,general
tetindok,tindok,te,,,meno-mene
tetiti,titi,te,,,meno-mene
tetiwoq,tiwoq,te,,,ngeno-ngene
tetiy,tiy,te,,,ngeno-ngene
tetiyang,tiyang,te,,,meno-mene
tetoaq,toaq,te,,,merikuq-merikaq
tetok,tok,te,,,ngeno-ngene
tetolang,tolang,te,,,merikuq-merikaq
teton,ton,te,,,ngeno-ngene
tetoya,toya,te,,,ngeno-ngene
tetuak,tuak,te,,,merikuq-merikaq
tetuan,tuan,te,,,merikuq-merikaq
tetubaj,tubaj,te,,,meno-mene
tetugu,tugu,te,,,ngeno-ngene
tetujaq,tujaq,te,,,meno-mene
tetuk,tuk,te,,,kuto-kute
tetulis,tulis,te,,,meno-mene
tetulung,tulung,te,,,meno-mene
tetunggal,tunggal,te,,,merikuq-merikaq
tetunjuk,tunjuk,te,,,meno-mene
tetuntut,tuntut,te,,,merikuq-merikaq
teturis,turis,te,,,meno-mene
teturun,turun,te,,,meno-mene
tetutul,tutul,te,,,kuto-kute
tetutuq,tutuq,te,,,meno-mene
teugama,ugama,te,,,meno-mene
teugaq,ugaq,te,,,meno-mene
teulu,ulu,te,,,general
teumbaq,umbaq,te,,,ngeno-ngene
teuni,uni,te,,,merikuq-merikaq
teurup,urup,te,,,merikuq-merikaq
tewah,wah,te,,,general
tewaktu,waktu,te,,,ngeno-ngene
tewaris,waris,te,,,kuto-kute
tewaru,waru,te,,,merikuq-merikaq
tewestu,westu,te,,,ngeno-ngene
tewong,wong,te,,,ngeno-ngene
teyaqkup,yaqkup,te,,,merikuq-merikaq
teyatim,yatim,te,,,ngeno-ngene
peabah,abah,pe,,,general
peabak,abak,pe,,,merikuq-merikaq
peaban,aban,pe,,,merikuq-merikaq
peabang,abang,pe,,,merikuq-merikaq
peabar,abar,pe,,,kuto-kute
peabas,abas,pe,,,kuto-kute
peabat,abat,pe,,,ngeno-ngene
peabek,abek,pe,,,meno-mene
peaben,aben,pe,,,kuto-kute
peabena,abena,pe,,,merikuq-merikaq
peaber,aber,pe,,,kuto-kute
peabih,abih,pe,,,ngeno-ngene
peabon,abon,pe,,,general
peabong,abong,pe,,,kuto-kute
peabot,abot,pe,,,kuto-kute
peabu,abu,pe,,,meno-mene
peabuk,abuk,pe,,,merikuq-merikaq
peabut,abut,pe,,,general
peabuta,abuta,pe,,,ngeno-ngene
peacan,acan,pe,,,general
peaceh,aceh,pe,,,merikuq-merikaq
peaci,aci,pe,,,general
peacih,acih,pe,,,kuto-kute
peacong,acong,pe,,,merikuq-merikaq
peadah,adah,pe,,,general
peadal,adal,pe,,,kuto-kute
peadala,adala,pe,,,merikuq-merikaq
peadam,adam,pe,,,ngeno-ngene
peadang,adang,pe,,,kuto-kute
peadap,adap,pe,,,ngeno-ngene
peadar,adar,pe,,,ngeno-ngene
peadas,adas,pe,,,kuto-kute
peadasa,adasa,pe,,,merikuq-merikaq
peadat,adat,pe,,,kuto-kute
peadata,adata,pe,,,general
peadek,adek,pe,,,general
peadel,adel,pe,,,meno-mene
peadem,adem,pe,,,ngeno-ngene
peaden,aden,pe,,,ngeno-ngene
peadeng,adeng,pe,,,general
peadenga,adenga,pe,,,merikuq-merikaq
peadep,adep,pe,,,merikuq-merikaq
peadeq,adeq,pe,,,merikuq-merikaq
peadeqa,adeqa,pe,,,merikuq-merikaq
peadi,adi,pe,,,ngeno-ngene
peadik,adik,pe,,,kuto-kute
peadil,adil,pe,,,kuto-kute
peading,ading,pe,,,merikuq-merikaq
peadiq,adiq,pe,,,meno-mene
peaditya,aditya,pe,,,meno-mene
peado,ado,pe,,,general
peadoh,adoh,pe,,,general
peadok,adok,pe,,,merikuq-merikaq
peadoka,adoka,pe,,,kuto-kute
peadon,adon,pe,,,ngeno-ngene
peadona,adona,pe,,,general
peadoq,adoq,pe,,,meno-mene
peadu,adu,pe,,,general
peadua,adua,pe,,,meno-mene
peaduh,aduh,pe,,,meno-mene
peaduk,aduk,pe,,,merikuq-merikaq
peaer,aer,pe,,,meno-mene
peagama,agama,pe,,,ngeno-ngene
peagas,agas,pe,,,merikuq-merikaq
peagat,agat,pe,,,ngeno-ngene
peagel,agel,pe,,,ngeno-ngene
peagem,agem,pe,,,kuto-kute
peagen,agen,pe,,,ngeno-ngene
peageq,ageq,pe,,,kuto-kute
peaget,aget,pe,,,ngeno-ngene
peagin,agin,pe,,,kuto-kute
peagiq,agiq,pe,,,merikuq-merikaq
peagiqa,agiqa,pe,,,ngeno-ngene
peagir,agir,pe,,,meno-mene
peagit,agit,pe,,,ngeno-ngene
peagol,agol,pe,,,general
peagola,agola,pe,,,ngeno-ngene
peagon,agon,pe,,,kuto-kute
peagu,agu,pe,,,ngeno-ngene
peaguk,aguk,pe,,,kuto-kute
peagul,agul,pe,,,meno-mene
peagum,agum,pe,,,general
peagun,agun,pe,,,meno-mene
peagung,agung,pe,,,merikuq-merikaq
peagunga,agunga,pe,,,ngeno-ngene
peagus,agus,pe,,,meno-mene
peahat,ahat,pe,,,meno-mene
peahbakaq,ahbakaq,pe,,,ngeno-ngene
peahbantar,ahbantar,pe,,,merikuq-merikaq
peahbebet,ahbebet,pe,,,kuto-kute
peaherat,aherat,pe,,,ngeno-ngene
peahir,ahir,pe,,,merikuq-merikaq
peahlak,ahlak,pe,,,general
peahli,ahli,pe,,,kuto-kute
peahmat,ahmat,pe,,,merikuq-merikaq
peaikmel,aikmel,pe,,,meno-mene
peain,ain,pe,,,merikuq-merikaq
peaing,aing,pe,,,ngeno-ngene
peaip,aip,pe,,,meno-mene
peaiq,aiq,pe,,,meno-mene
peaiqa,aiqa,pe,,,merikuq-merikaq
peair,air,pe,,,general
peajah,ajah,pe,,,merikuq-merikaq
peajaha,ajaha,pe,,,ngeno-ngene
peajaip,ajaip,pe,,,merikuq-merikaq
peajak,ajak,pe,,,merikuq-merikaq
peajal,ajal,pe,,,kuto-kute
peajaq,ajaq,pe,,,ngeno-ngene
peajaqa,ajaqa,pe,,,kuto-kute
peajar,ajar,pe,,,merikuq-merikaq
peajara,ajara,pe,,,kuto-kute
peajat,ajat,pe,,,meno-mene
peaji,aji,pe,,,merikuq-merikaq
peajia,ajia,pe,,,meno-mene
peajimat,ajimat,pe,,,general
peajiq,ajiq,pe,,,ngeno-ngene
peajir,ajir,pe,,,kuto-kute
peajo,ajo,pe,,,meno-mene
peajong,ajong,pe,,,merikuq-merikaq
peajonga,ajonga,pe,,,ngeno-ngene
peajor,ajor,pe,,,merikuq-merikaq
peajum,ajum,pe,,,merikuq-merikaq
peajur,ajur,pe,,,general
peakah,akah,pe,,,meno-mene
peakal,akal,pe,,,merikuq-merikaq
peakala,akala,pe,,,general
peakan,akan,pe,,,general
peakaq,akaq,pe,,,kuto-kute
peakar,akar,pe,,,merikuq-merikaq
peakat,akat,pe,,,merikuq-merikaq
peakata,akata,pe,,,kuto-kute
peakbar,akbar,pe,,,kuto-kute
peaki,aki,pe,,,meno-mene
peakik,akik,pe,,,general
peakikah,akikah,pe,,,kuto-kute
peakikat,akikat,pe,,,ngeno-ngene
peakil,akil,pe,,,merikuq-merikaq
peakon,akon,pe,,,kuto-kute
peakor,akor,pe,,,merikuq-merikaq
peakora,akora,pe,,,merikuq-merikaq
peaksama,aksama,pe,,,general
peaksara,aksara,pe,,,meno-mene
peaksaraa,aksaraa,pe,,,meno-mene
peaksi,aksi,pe,,,meno-mene
peaku,aku,pe,,,merikuq-merikaq
peakua,akua,pe,,,ngeno-ngene
peakup,akup,pe,,,general
peakuq,akuq,pe,,,merikuq-merikaq
peakur,akur,pe,,,ngeno-ngene
peala,ala,pe,,,merikuq-merikaq
pealah,alah,pe,,,general
pealal,alal,pe,,,ngeno-ngene
pealala,alala,pe,,,general
pealam,alam,pe,,,general
pealamat,alamat,pe,,,merikuq-merikaq
pealamata,alamata,pe,,,merikuq-merikaq
pealang,alang,pe,,,merikuq-merikaq
pealap,alap,pe,,,ngeno-ngene
pealar,alar,pe,,,merikuq-merikaq
pealas,alas,pe,,,kuto-kute
pealat,alat,pe,,,general
peale,ale,pe,,,merikuq-merikaq
pealeh,aleh,pe,,,merikuq-merikaq
pealeha,aleha,pe,,,general
pealek,alek,pe,,,merikuq-merikaq
pealem,alem,pe,,,kuto-kute
pealema,alema,pe,,,general
pealeng,aleng,pe,,,kuto-kute
pealep,alep,pe,,,general
pealeq,aleq,pe,,,merikuq-merikaq
peales,ales,pe,,,meno-mene
pealet,alet,pe,,,merikuq-merikaq
pealeta,aleta,pe,,,general
pealhak,alhak,pe,,,kuto-kute
peali,ali,pe,,,meno-mene
pealialah,alialah,pe,,,kuto-kute
pealias,alias,pe,,,meno-mene
pealim,alim,pe,,,kuto-kute
pealing,aling,pe,,,ngeno-ngene
pealip,alip,pe,,,meno-mene
pealir,alir,pe,,,merikuq-merikaq
pealira,alira,pe,,,general
pealis,alis,pe,,,merikuq-merikaq
pealit,alit,pe,,,general
pealkas,alkas,pe,,,merikuq-merikaq
pealo,alo,pe,,,ngeno-ngene
pealoh,aloh,pe,,,merikuq-merikaq
pealok,alok,pe,,,ngeno-ngene
pealoka,aloka,pe,,,general
pealon,alon,pe,,,ngeno-ngene
pealona,alona,pe,,,general
pealor,alor,pe,,,meno-mene
pealos,alos,pe,,,kuto-kute
pealot,alot,pe,,,meno-mene
pealu,alu,pe,,,general
pealuat,aluat,pe,,,general
pealuh,aluh,pe,,,general
pealuha,aluha,pe,,,kuto-kute
pealung,alung,pe,,,meno-mene
pealuq,aluq,pe,,,meno-mene
pealur,alur,pe,,,merikuq-merikaq
pealura,alura,pe,,,kuto-kute
pealus,alus,pe,,,general
pealusa,alusa,pe,,,meno-mene
peama,ama,pe,,,ngeno-ngene
peamah,amah,pe,,,meno-mene
peamal,amal,pe,,,merikuq-merikaq
peamala,amala,pe,,,ngeno-ngene
peaman,aman,pe,,,kuto-kute
peamana,amana,pe,,,kuto-kute
peamanah,amanah,pe,,,general
peamanat,amanat,pe,,,merikuq-merikaq
peamanata,amanata,pe,,,ngeno-ngene
peamaq,amaq,pe,,,ngeno-ngene
peamar,amar,pe,,,meno-mene
peamas,amas,pe,,,general
peamat,amat,pe,,,meno-mene
peamb,amb,pe,,,ngeno-ngene
peamba,amba,pe,,,kuto-kute
peambal,ambal,pe,,,meno-mene
peambar,ambar,pe,,,ngeno-ngene
peambara,ambara,pe,,,merikuq-merikaq
peambe,ambe,pe,,,meno-mene
peambek,ambek,pe,,,merikuq-merikaq
peambel,ambel,pe,,,ngeno-ngene
peamben,amben,pe,,,ngeno-ngene
peambeng,ambeng,pe,,,kuto-kute
peambes,ambes,pe,,,ngeno-ngene
peambik,ambik,pe,,,merikuq-merikaq
peambil,ambil,pe,,,kuto-kute
peambila,ambila,pe,,,merikuq-merikaq
peambis,ambis,pe,,,ngeno-ngene
peambon,ambon,pe,,,general
peambong,ambong,pe,,,merikuq-merikaq
peamboq,amboq,pe,,,ngeno-ngene
peambor,ambor,pe,,,ngeno-ngene
peambu,ambu,pe,,,ngeno-ngene
peambuk,ambuk,pe,,,kuto-kute
peambul,ambul,pe,,,merikuq-merikaq
peambula,ambula,pe,,,merikuq-merikaq
peambuq,ambuq,pe,,,general
peambur,ambur,pe,,,ngeno-ngene
peambura,ambura,pe,,,ngeno-ngene
peamek,amek,pe,,,kuto-kute
peamel,amel,pe,,,merikuq-merikaq
peameng,ameng,pe,,,kuto-kute
peameq,ameq,pe,,,merikuq-merikaq
peamer,amer,pe,,,meno-mene
peamera,amera,pe,,,merikuq-merikaq
peames,ames,pe,,,merikuq-merikaq
peamesa,amesa,pe,,,merikuq-merikaq
peamet,amet,pe,,,merikuq-merikaq
peami,ami,pe,,,merikuq-merikaq
peamil,amil,pe,,,kuto-kute
peamin,amin,pe,,,merikuq-merikaq
peamina,amina,pe,,,meno-mene
peamiq,amiq,pe,,,meno-mene
peamiqa,amiqa,pe,,,general
peamir,amir,pe,,,kuto-kute
peamit,amit,pe,,,ngeno-ngene
peamok,amok,pe,,,meno-mene
peamong,among,pe,,,general
peamor,amor,pe,,,general
peamoria,amoria,pe,,,ngeno-ngene
peamp,amp,pe,,,meno-mene
peampa,ampa,pe,,,ngeno-ngene
peampah,ampah,pe,,,general
peampaha,ampaha,pe,,,merikuq-merikaq
peampak,ampak,pe,,,ngeno-ngene
peampao,ampao,pe,,,merikuq-merikaq
peampar,ampar,pe,,,merikuq-merikaq
peampat,ampat,pe,,,general
peampel,ampel,pe,,,ngeno-ngene
peampen,ampen,pe,,,kuto-kute
peamper,amper,pe,,,general
peampes,ampes,pe,,,ngeno-ngene
peampesa,ampesa,pe,,,meno-mene
peampet,ampet,pe,,,kuto-kute
peampeta,ampeta,pe,,,meno-mene
peampi,ampi,pe,,,general
peampia,ampia,pe,,,general
peampik,ampik,pe,,,kuto-kute
peampil,ampil,pe,,,meno-mene
peampiq,ampiq,pe,,,ngeno-ngene
peampir,ampir,pe,,,merikuq-merikaq
peampoh,ampoh,pe,,,meno-mene
peampok,ampok,pe,,,meno-mene
peampoq,ampoq,pe,,,merikuq-merikaq
peampu,ampu,pe,,,merikuq-merikaq
peampuk,ampuk,pe,,,merikuq-merikaq
peampun,ampun,pe,,,general
peampuna,ampuna,pe,,,general
peampung,ampung,pe,,,meno-mene
peampura,ampura,pe,,,meno-mene
peampuray,ampuray,pe,,,meno-mene
peamsah,amsah,pe,,,general
peamu,amu,pe,,,meno-mene
peamuk,amuk,pe,,,ngeno-ngene
peamung,amung,pe,,,kuto-kute
peamuq,amuq,pe,,,meno-mene
peanak,anak,pe,,,merikuq-merikaq
peanaka,anaka,pe,,,meno-mene
peanang,anang,pe,,,ngeno-ngene
peancak,ancak,pe,,,general
peancar,ancar,pe,,,ngeno-ngene
peancot,ancot,pe,,,merikuq-merikaq
peandam,andam,pe,,,kuto-kute
peandang,andang,pe,,,merikuq-merikaq
peandanga,andanga,pe,,,kuto-kute
peandar,andar,pe,,,kuto-kute
peandara,andara,pe,,,general
peande,ande,pe,,,general
peandea,andea,pe,,,general
peandek,andek,pe,,,general
peandeka,andeka,pe,,,kuto-kute
peandel,andel,pe,,,general
peandela,andela,pe,,,general
peanden,anden,pe,,,merikuq-merikaq
peander,ander,pe,,,kuto-kute
peandika,andika,pe,,,merikuq-merikaq
peandikaa,andikaa,pe,,,merikuq-merikaq
peandong,andong,pe,,,merikuq-merikaq
peandonga,andonga,pe,,,merikuq-merikaq
peandos,andos,pe,,,general
peandosa,andosa,pe,,,general
peanduk,anduk,pe,,,general
peaneh,aneh,pe,,,general
peang,ang,pe,,,merikuq-merikaq
peangas,angas,pe,,,merikuq-merikaq
peangasa,angasa,pe,,,general
peangen,angen,pe,,,ngeno-ngene
peangena,angena,pe,,,kuto-kute
peanget,anget,pe,,,meno-mene
peangeta,angeta,pe,,,ngeno-ngene
peanggah,anggah,pe,,,general
peanggar,anggar,pe,,,meno-mene
peanggara,anggara,pe,,,merikuq-merikaq
peanggek,anggek,pe,,,ngeno-ngene
peanggep,anggep,pe,,,kuto-kute
peanggepa,anggepa,pe,,,kuto-kute
peanggo,anggo,pe,,,kuto-kute
peanggop,anggop,pe,,,meno-mene
peanggopa,anggopa,pe,,,general
peanggoq,anggoq,pe,,,merikuq-merikaq
peanggoqa,anggoqa,pe,,,kuto-kute
peanggor,anggor,pe,,,general
peangguk,angguk,pe,,,general
peangguq,angguq,pe,,,merikuq-merikaq
peanggur,anggur,pe,,,meno-mene
peanggura,anggura,pe,,,general
peangin,angin,pe,,,general
peangk,angk,pe,,,kuto-kute
peangka,angka,pe,,,meno-mene
peangkaq,angkaq,pe,,,meno-mene
peangkat,angkat,pe,,,kuto-kute
peangkata,angkata,pe,,,general
peangken,angken,pe,,,meno-mene
peangker,angker,pe,,,merikuq-merikaq
peangkon,angkon,pe,,,ngeno-ngene
peangkos,angkos,pe,,,general
peangkot,angkot,pe,,,merikuq-merikaq
peangku,angku,pe,,,meno-mene
peangkumpe,angkumpe,pe,,,general
peangkunda,angkunda,pe,,,general
peangkungku,angkungku,pe,,,kuto-kute
peangkunta,angkunta,pe,,,kuto-kute
peangkus,angkus,pe,,,ngeno-ngene
peangkut,angkut,pe,,,general
peangop,angop,pe,,,kuto-kute
peangpao,angpao,pe,,,kuto-kute
peangsa,angsa,pe,,,merikuq-merikaq
peangsana,angsana,pe,,,kuto-kute
peangsel,angsel,pe,,,meno-mene
peangsela,angsela,pe,,,kuto-kute
peangsok,angsok,pe,,,ngeno-ngene
peangsor,angsor,pe,,,ngeno-ngene
peangsora,angsora,pe,,,ngeno-ngene
peangsuh,angsuh,pe,,,ngeno-ngene
peangsul,angsul,pe,,,ngeno-ngene
peangsur,angsur,pe,,,kuto-kute
peaniayaq,aniayaq,pe,,,meno-mene
peaning,aning,pe,,,meno-mene
peaniq,aniq,pe,,,ngeno-ngene
peanjah,anjah,pe,,,meno-mene
peanjani,anjani,pe,,,meno-mene
peanjar,anjar,pe,,,general
peanjara,anjara,pe,,,general
peanjek,anjek,pe,,,kuto-kute
peanjeka,anjeka,pe,,,ngeno-ngene
peanjeng,anjeng,pe,,,meno-mene
peanjenga,anjenga,pe,,,general
peanjok,anjok,pe,,,kuto-kute
peanjoka,anjoka,pe,,,ngeno-ngene
peanjul,anjul,pe,,,merikuq-merikaq
peanjung,anjung,pe,,,merikuq-merikaq
peanjur,anjur,pe,,,ngeno-ngene
peanjura,anjura,pe,,,merikuq-merikaq
peano,ano,pe,,,merikuq-merikaq
peansel,ansel,pe,,,merikuq-merikaq
peansen,ansen,pe,,,merikuq-merikaq
peansor,ansor,pe,,,ngeno-ngene
peansuh,ansuh,pe,,,general
peansuha,ansuha,pe,,,ngeno-ngene
peansul,ansul,pe,,,merikuq-merikaq
peansun,ansun,pe,,,ngeno-ngene
peanta,anta,pe,,,ngeno-ngene
peantaa,antaa,pe,,,ngeno-ngene
peantap,antap,pe,,,ngeno-ngene
peantem,antem,pe,,,ngeno-ngene
peantema,antema,pe,,,general
peantep,antep,pe,,,general
peantih,antih,pe,,,kuto-kute
peanting,anting,pe,,,general
peantiq,antiq,pe,,,meno-mene
peantiqa,antiqa,pe,,,general
peanton,anton,pe,,,general
peantos,antos,pe,,,merikuq-merikaq
peantu,antu,pe,,,merikuq-merikaq
peantuk,antuk,pe,,,merikuq-merikaq
peantuka,antuka,pe,,,merikuq-merikaq
peantuq,antuq,pe,,,general
peantuqa,antuqa,pe,,,merikuq-merikaq
peanuq,anuq,pe,,,kuto-kute
peanuqa,anuqa,pe,,,merikuq-merikaq
peanyam,anyam,pe,,,meno-mene
peanyir,anyir,pe,,,kuto-kute
peaoq,aoq,pe,,,kuto-kute
peapa,apa,pe,,,kuto-kute
peapah,apah,pe,,,general
peapaha,apaha,pe,,,kuto-kute
peapak,apak,pe,,,ngeno-ngene
peapal,apal,pe,,,ngeno-ngene
peapala,apala,pe,,,kuto-kute
peapem,apem,pe,,,merikuq-merikaq
peapeq,apeq,pe,,,general
peapi,api,pe,,,kuto-kute
peapik,apik,pe,,,meno-mene
peapika,apika,pe,,,meno-mene
peapin,apin,pe,,,kuto-kute
peapit,apit,pe,,,merikuq-merikaq
peapita,apita,pe,,,merikuq-merikaq
peapuh,apuh,pe,,,kuto-kute
peapur,apur,pe,,,general
peapus,apus,pe,,,ngeno-ngene
peapusa,apusa,pe,,,kuto-kute
peara,ara,pe,,,merikuq-merikaq
pearah,arah,pe,,,merikuq-merikaq
pearak,arak,pe,,,kuto-kute
pearan,aran,pe,,,meno-mene
pearang,arang,pe,,,general
pearap,arap,pe,,,merikuq-merikaq
pearaq,araq,pe,,,meno-mene
pearaqa,araqa,pe,,,kuto-kute
pearat,arat,pe,,,ngeno-ngene
pearata,arata,pe,,,meno-mene
peare,are,pe,,,meno-mene
pearem,arem,pe,,,ngeno-ngene
pearen,aren,pe,,,meno-mene
pearep,arep,pe,,,kuto-kute
pearepa,arepa,pe,,,ngeno-ngene
peareq,areq,pe,,,merikuq-merikaq
peareqa,areqa,pe,,,merikuq-merikaq
peariq,ariq,pe,,,merikuq-merikaq
pearit,arit,pe,,,merikuq-merikaq
pearloji,arloji,pe,,,kuto-kute
pearo,aro,pe,,,merikuq-merikaq
pearoh,aroh,pe,,,meno-mene
pearok,arok,pe,,,meno-mene
pearong,arong,pe,,,meno-mene
pearot,arot,pe,,,general
pearpah,arpah,pe,,,kuto-kute
pearta,arta,pe,,,meno-mene
pearti,arti,pe,,,merikuq-merikaq
peartia,artia,pe,,,meno-mene
pearu,aru,pe,,,kuto-kute
pearus,arus,pe,,,meno-mene
pearusa,arusa,pe,,,kuto-kute
pearwah,arwah,pe,,,ngeno-ngene
peasah,asah,pe,,,ngeno-ngene
peasaha,asaha,pe,,,ngeno-ngene
peasal,asal,pe,,,kuto-kute
peasaq,asaq,pe,,,general
peasar,asar,pe,,,meno-mene
peasem,asem,pe,,,meno-mene
peaseq,aseq,pe,,,meno-mene
peasera,asera,pe,,,merikuq-merikaq
peasil,asil,pe,,,kuto-kute
peasila,asila,pe,,,ngeno-ngene
peasin,asin,pe,,,kuto-kute
peasta,asta,pe,,,general
peatak,atak,pe,,,meno-mene
peatas,atas,pe,,,ngeno-ngene
peatasa,atasa,pe,,,meno-mene
peatawa,atawa,pe,,,general
peate,ate,pe,,,meno-mene
peatea,atea,pe,,,general
peatep,atep,pe,,,general
peater,ater,pe,,,general
peatera,atera,pe,,,ngeno-ngene
peatom,atom,pe,,,merikuq-merikaq
peatong,atong,pe,,,general
peatonga,atonga,pe,,,kuto-kute
peatuh,atuh,pe,,,ngeno-ngene
peatuha,atuha,pe,,,merikuq-merikaq
peatur,atur,pe,,,merikuq-merikaq
peatura,atura,pe,,,general
peatus,atus,pe,,,meno-mene
peaur,aur,pe,,,meno-mene
peaut,aut,pe,,,general
peauta,auta,pe,,,meno-mene
peawa,awa,pe,,,ngeno-ngene
peawak,awak,pe,,,ngeno-ngene
peawal,awal,pe,,,general
peawam,awam,pe,,,ngeno-ngene
peawampe,awampe,pe,,,general
peawan,awan,pe,,,merikuq-merikaq
peawanda,awanda,pe,,,meno-mene
peawang,awang,pe,,,merikuq-merikaq
peawangku,awangku,pe,,,meno-mene
peawaq,awaq,pe,,,kuto-kute
peawas,awas,pe,,,general
peawek,awek,pe,,,kuto-kute
peaweka,aweka,pe,,,general
peawet,awet,pe,,,ngeno-ngene
peaweta,aweta,pe,,,merikuq-merikaq
peawik,awik,pe,,,general
peawin,awin,pe,,,kuto-kute
peawis,awis,pe,,,general
peawisa,awisa,pe,,,meno-mene
peawon,awon,pe,,,kuto-kute
peawona,awona,pe,,,kuto-kute
peawor,awor,pe,,,meno-mene
peawora,awora,pe,,,kuto-kute
peawu,awu,pe,,,ngeno-ngene
peawun,awun,pe,,,merikuq-merikaq
peayah,ayah,pe,,,general
peayaq,ayaq,pe,,,meno-mene
peayaqa,ayaqa,pe,,,merikuq-merikaq
peayat,ayat,pe,,,merikuq-merikaq
peazimat,azimat,pe,,,general
pebabah,babah,pe,,,general
pebabak,babak,pe,,,general
pebabar,babar,pe,,,meno-mene
pebabas,babas,pe,,,ngeno-ngene
pebabat,babat,pe,,,merikuq-merikaq
pebaca,baca,pe,,,merikuq-merikaq
pebacaa,bacaa,pe,,,general
pebacot,bacot,pe,,,merikuq-merikaq
pebadah,badah,pe,,,kuto-kute
pebadaq,badaq,pe,,,merikuq-merikaq
pebadaqa,badaqa,pe,,,kuto-kute
pebadar,badar,pe,,,kuto-kute
pebadas,badas,pe,,,general
pebadeq,badeq,pe,,,general
pebadi,badi,pe,,,ngeno-ngene
pebadiq,badiq,pe,,,merikuq-merikaq
pebadoq,badoq,pe,,,kuto-kute
pebaduk,baduk,pe,,,kuto-kute
pebadung,badung,pe,,,ngeno-ngene
pebadunga,badunga,pe,,,kuto-kute
pebadut,badut,pe,,,meno-mene
pebae,bae,pe,,,ngeno-ngene
pebaeh,baeh,pe,,,meno-mene
pebaes,baes,pe,,,general
pebag,bag,pe,,,meno-mene
pebaga,baga,pe,,,meno-mene
pebageq,bageq,pe,,,kuto-kute
pebagi,bagi,pe,,,general
pebagia,bagia,pe,,,meno-mene
pebagu,bagu,pe,,,general
pebagus,bagus,pe,,,meno-mene
pebagusa,bagusa,pe,,,merikuq-merikaq
pebahla,bahla,pe,,,kuto-kute
pebai,bai,pe,,,kuto-kute
pebaiq,baiq,pe,,,merikuq-merikaq
pebais,bais,pe,,,merikuq-merikaq
pebait,bait,pe,,,meno-mene
pebaita,baita,pe,,,kuto-kute
pebaj,baj,pe,,,general
pebaja,baja,pe,,,ngeno-ngene
pebajah,bajah,pe,,,merikuq-merikaq
pebajaha,bajaha,pe,,,ngeno-ngene
pebajang,bajang,pe,,,merikuq-merikaq
pebajar,bajar,pe,,,general
pebajo,bajo,pe,,,kuto-kute
pebajur,bajur,pe,,,general
pebak,bak,pe,,,kuto-kute
pebakal,bakal,pe,,,ngeno-ngene
pebakaq,bakaq,pe,,,ngeno-ngene
pebakat,bakat,pe,,,merikuq-merikaq
pebakeq,bakeq,pe,,,merikuq-merikaq
pebako,bako,pe,,,kuto-kute
pebakti,bakti,pe,,,general
pebalaq,balaq,pe,,,general
pebalaqa,balaqa,pe,,,meno-mene
pebalar,balar,pe,,,kuto-kute
pebalas,balas,pe,,,general
pebale,bale,pe,,,meno-mene
pebalek,balek,pe,,,ngeno-ngene
pebalen,balen,pe,,,kuto-kute
pebales,bales,pe,,,general
pebalet,balet,pe,,,ngeno-ngene
pebali,bali,pe,,,general
pebalik,balik,pe,,,ngeno-ngene
pebalika,balika,pe,,,general
pebalit,balit,pe,,,merikuq-merikaq
pebalok,balok,pe,,,ngeno-ngene
pebaloq,baloq,pe,,,ngeno-ngene
pebalu,balu,pe,,,general
pebalung,balung,pe,,,kuto-kute
pebalunga,balunga,pe,,,merikuq-merikaq
pebaluq,baluq,pe,,,meno-mene
pebaluqa,baluqa,pe,,,general
pebamb,bamb,pe,,,general
pebambung,bambung,pe,,,meno-mene
peban,ban,pe,,,general
pebancah,bancah,pe,,,kuto-kute
pebanda,banda,pe,,,ngeno-ngene
pebandel,bandel,pe,,,general
pebandeng,bandeng,pe,,,general
pebandenga,bandenga,pe,,,ngeno-ngene
pebanding,banding,pe,,,merikuq-merikaq
pebandung,bandung,pe,,,ngeno-ngene
pebandunga,bandunga,pe,,,general
pebang,bang,pe,,,kuto-kute
pebangaq,bangaq,pe,,,ngeno-ngene
pebanger,banger,pe,,,kuto-kute
pebanget,banget,pe,,,meno-mene
pebangga,bangga,pe,,,general
pebanggaa,banggaa,pe,,,kuto-kute
pebanggruq,banggruq,pe,,,merikuq-merikaq
pebangk,bangk,pe,,,ngeno-ngene
pebangkal,bangkal,pe,,,meno-mene
pebangkala,bangkala,pe,,,ngeno-ngene
pebangke,bangke,pe,,,meno-mene
pebangkel,bangkel,pe,,,merikuq-merikaq
pebangkela,bangkela,pe,,,general
pebangken,bangken,pe,,,merikuq-merikaq
pebangkes,bangkes,pe,,,kuto-kute
pebangket,bangket,pe,,,meno-mene
pebangkok,bangkok,pe,,,general
pebangkol,bangkol,pe,,,merikuq-merikaq
pebangkon,bangkon,pe,,,meno-mene
pebangkrut,bangkrut,pe,,,general
pebangku,bangku,pe,,,meno-mene
pebangkuk,bangkuk,pe,,,meno-mene
pebangkung,bangkung,pe,,,kuto-kute
pebangsa,bangsa,pe,,,general
pebangsat,bangsat,pe,,,meno-mene
pebangsit,bangsit,pe,,,merikuq-merikaq
pebangun,bangun,pe,,,general
pebani,bani,pe,,,meno-mene
pebaniq,baniq,pe,,,meno-mene
pebanjah,banjah,pe,,,meno-mene
pebanjaha,banjaha,pe,,,general
pebanjar,banjar,pe,,,meno-mene
pebanjara,banjara,pe,,,general
pebanjur,banjur,pe,,,merikuq-merikaq
pebansu,bansu,pe,,,kuto-kute
pebanta,banta,pe,,,kuto-kute
pebantal,bantal,pe,,,merikuq-merikaq
pebantar,bantar,pe,,,meno-mene
pebantara,bantara,pe,,,kuto-kute
pebantat,bantat,pe,,,general
pebante,bante,pe,,,ngeno-ngene
pebantek,bantek,pe,,,meno-mene
pebantel,bantel,pe,,,ngeno-ngene
pebanten,banten,pe,,,merikuq-merikaq
pebanteng,banteng,pe,,,kuto-kute
pebanting,banting,pe,,,ngeno-ngene
pebantinga,bantinga,pe,,,meno-mene
pebantong,bantong,pe,,,meno-mene
pebantot,bantot,pe,,,kuto-kute
pebantota,bantota,pe,,,general
pebantu,bantu,pe,,,kuto-kute
pebantun,bantun,pe,,,kuto-kute
pebanyaq,banyaq,pe,,,meno-mene
pebanyol,banyol,pe,,,ngeno-ngene
pebao,bao,pe,,,general
pebaoa,baoa,pe,,,kuto-kute
pebaok,baok,pe,,,general
pebaoq,baoq,pe,,,general
pebaoqa,baoqa,pe,,,kuto-kute
pebaos,baos,pe,,,meno-mene
pebaosa,baosa,pe,,,kuto-kute
pebapa,bapa,pe,,,meno-mene
pebapaq,bapaq,pe,,,meno-mene
pebaq,baq,pe,,,meno-mene
pebaqd,baqd,pe,,,general
pebara,bara,pe,,,kuto-kute
pebaraa,baraa,pe,,,general
pebarang,barang,pe,,,general
pebaraq,baraq,pe,,,ngeno-ngene
pebaraqa,baraqa,pe,,,kuto-kute
pebarat,barat,pe,,,meno-mene
pebareh,bareh,pe,,,general
pebareha,bareha,pe,,,ngeno-ngene
pebareng,bareng,pe,,,merikuq-merikaq
pebarenga,barenga,pe,,,kuto-kute
pebares,bares,pe,,,meno-mene
pebaret,baret,pe,,,kuto-kute
pebareta,bareta,pe,,,meno-mene
pebari,bari,pe,,,meno-mene
pebaris,baris,pe,,,meno-mene
pebarisa,barisa,pe,,,general
pebaro,baro,pe,,,meno-mene
pebaroa,baroa,pe,,,general
pebarsah,barsah,pe,,,kuto-kute
pebaru,baru,pe,,,kuto-kute
pebarua,barua,pe,,,merikuq-merikaq
pebarung,barung,pe,,,merikuq-merikaq
pebaruq,baruq,pe,,,merikuq-merikaq
pebarus,barus,pe,,,meno-mene
pebas,bas,pe,,,kuto-kute
pebasa,basa,pe,,,meno-mene
pebasaq,basaq,pe,,,merikuq-merikaq
pebasaqa,basaqa,pe,,,ngeno-ngene
pebasong,basong,pe,,,general
pebat,bat,pe,,,kuto-kute
pebata,bata,pe,,,meno-mene
pebatah,batah,pe,,,kuto-kute
pebatal,batal,pe,,,general
pebatala,batala,pe,,,general
pebatang,batang,pe,,,general
pebatar,batar,pe,,,ngeno-ngene
pebatbata,batbata,pe,,,meno-mene
pebatek,batek,pe,,,kuto-kute
pebateq,bateq,pe,,,general
pebates,bates,pe,,,general
pebati,bati,pe,,,merikuq-merikaq
pebaton,baton,pe,,,kuto-kute
pebatu,batu,pe,,,general
pebatuk,batuk,pe,,,general
pebatur,batur,pe,,,general
pebau,bau,pe,,,ngeno-ngene
pebaung,baung,pe,,,merikuq-merikaq
pebaur,baur,pe,,,meno-mene
pebaura,baura,pe,,,ngeno-ngene
pebaw,baw,pe,,,general
pebawaqa,bawaqa,pe,,,kuto-kute
pebawi,bawi,pe,,,merikuq-merikaq
pebawo,bawo,pe,,,kuto-kute
pebayah,bayah,pe,,,ngeno-ngene
pebayaha,bayaha,pe,,,merikuq-merikaq
pebayam,bayam,pe,,,meno-mene
pebayar,bayar,pe,,,merikuq-merikaq
pebayem,bayem,pe,,,merikuq-merikaq
pebayu,bayu,pe,,,meno-mene
pebea,bea,pe,,,kuto-kute
pebeaq,beaq,pe,,,meno-mene
pebebas,bebas,pe,,,kuto-kute
pebebek,bebek,pe,,,ngeno-ngene
pebec,bec,pe,,,merikuq-merikaq
pebeda,beda,pe,,,general
pebedah,bedah,pe,,,meno-mene
pebedak,bedak,pe,,,general
pebedil,bedil,pe,,,general
pebedog,bedog,pe,,,general
pebedu,bedu,pe,,,kuto-kute
pebeg,beg,pe,,,ngeno-ngene
pebega,bega,pe,,,general
pebegu,begu,pe,,,merikuq-merikaq
pebei,bei,pe,,,general
pebejat,bejat,pe,,,merikuq-merikaq
pebejek,bejek,pe,,,meno-mene
pebeka,beka,pe,,,ngeno-ngene
pebekeq,bekeq,pe,,,kuto-kute
pebel,bel,pe,,,merikuq-merikaq
pebela,bela,pe,,,merikuq-merikaq
pebelabur,belabur,pe,,,general
pebelah,belah,pe,,,general
pebelanja,belanja,pe,,,kuto-kute
pebelaq,belaq,pe,,,ngeno-ngene
pebelas,belas,pe,,,kuto-kute
pebele,bele,pe,,,merikuq-merikaq
pebelek,belek,pe,,,meno-mene
pebeler,beler,pe,,,merikuq-merikaq
pebelet,belet,pe,,,ngeno-ngene
pebeli,beli,pe,,,general
pebelo,belo,pe,,,merikuq-merikaq
pebembeq,bembeq,pe,,,meno-mene
peben,ben,pe,,,meno-mene
pebenda,benda,pe,,,ngeno-ngene
pebeng,beng,pe,,,meno-mene
pebengal,bengal,pe,,,general
pebengaq,bengaq,pe,,,merikuq-merikaq
pebengkak,bengkak,pe,,,kuto-kute
pebengkel,bengkel,pe,,,kuto-kute
pebengkok,bengkok,pe,,,kuto-kute
pebeni,beni,pe,,,kuto-kute
peber,ber,pe,,,meno-mene
pebera,bera,pe,,,meno-mene
peberak,berak,pe,,,meno-mene
peberaq,beraq,pe,,,merikuq-merikaq
peberem,berem,pe,,,meno-mene
peberora,berora,pe,,,general
peberoraq,beroraq,pe,,,meno-mene
peberu,beru,pe,,,meno-mene
pebeso,beso,pe,,,kuto-kute
pebet,bet,pe,,,ngeno-ngene
pebeta,beta,pe,,,merikuq-merikaq
pebeti,beti,pe,,,ngeno-ngene
pebetu,betu,pe,,,general
pebeu,beu,pe,,,kuto-kute
pebewen,bewen,pe,,,general
pebewi,bewi,pe,,,general
pebialal,bialal,pe,,,general
pebideng,bideng,pe,,,meno-mene
pebik,bik,pe,,,meno-mene
pebikas,bikas,pe,,,meno-mene
pebilaq,bilaq,pe,,,ngeno-ngene
pebiloq,biloq,pe,,,meno-mene
pebingur,bingur,pe,,,meno-mene
pebintang,bintang,pe,,,general
pebireng,bireng,pe,,,merikuq-merikaq
pebis,bis,pe,,,ngeno-ngene
pebisoq,bisoq,pe,,,kuto-kute
pebitek,bitek,pe,,,kuto-kute
pebobok,bobok,pe,,,meno-mene
pebon,bon,pe,,,general
pebong,bong,pe,,,general
pebonges,bonges,pe,,,merikuq-merikaq
pebontol,bontol,pe,,,ngeno-ngene
pebuaq,buaq,pe,,,general
pebubur,bubur,pe,,,merikuq-merikaq
pebudaq,budaq,pe,,,meno-mene
pebukaq,bukaq,pe,,,ngeno-ngene
pebulan,bulan,pe,,,ngeno-ngene
pebuloq,buloq,pe,,,kuto-kute
pebulu,bulu,pe,,,kuto-kute
pebuntut,buntut,pe,,,merikuq-merikaq
peburaq,buraq,pe,,,kuto-kute
pecalon,calon,pe,,,ngeno-ngene
pecampur,campur,pe,,,kuto-kute
pecampura,campura,pe,,,ngeno-ngene
pecang,cang,pe,,,general
pecanga,canga,pe,,,meno-mene
pecat,cat,pe,,,meno-mene
pecata,cata,pe,,,general
pecela,cela,pe,,,meno-mene
pecet,cet,pe,,,meno-mene
pecicik,cicik,pe,,,ngeno-ngene
pecik,cik,pe,,,ngeno-ngene
pecip,cip,pe,,,merikuq-merikaq
peciq,ciq,pe,,,kuto-kute
pecobeq,cobeq,pe,,,merikuq-merikaq
pecucuk,cucuk,pe,,,ngeno-ngene
pecupak,cupak,pe,,,kuto-kute
pedaa,daa,pe,,,merikuq-merikaq
pedac,dac,pe,,,meno-mene
pedad,dad,pe,,,ngeno-ngene
pedadah,dadah,pe,,,general
pedadar,dadar,pe,,,kuto-kute
pedag,dag,pe,,,general
pedagul,dagul,pe,,,meno-mene
pedahir,dahir,pe,,,general
pedaiq,daiq,pe,,,general
pedait,dait,pe,,,merikuq-merikaq
pedak,dak,pe,,,merikuq-merikaq
pedalem,dalem,pe,,,kuto-kute
pedandok,dandok,pe,,,ngeno-ngene
pedangkem,dangkem,pe,,,kuto-kute
pedap,dap,pe,,,general
pedareq,dareq,pe,,,ngeno-ngene
pedas,das,pe,,,general
pedateng,dateng,pe,,,merikuq-merikaq
pedatu,datu,pe,,,kuto-kute
pedaun,daun,pe,,,ngeno-ngene
pedaur,daur,pe,,,meno-mene
pedaya,daya,pe,,,kuto-kute
pedea,dea,pe,,,general
pedek,dek,pe,,,general
pedel,del,pe,,,general
pedendeq,dendeq,pe,,,general
pedeng,deng,pe,,,meno-mene
pedenga,denga,pe,,,kuto-kute
pedengan,dengan,pe,,,ngeno-ngene
pedereq,dereq,pe,,,kuto-kute
pedesa,desa,pe,,,ngeno-ngene
pedewa,dewa,pe,,,merikuq-merikaq
pedewek,dewek,pe,,,general
pedin,din,pe,,,kuto-kute
pediriq,diriq,pe,,,meno-mene
pedoe,doe,pe,,,ngeno-ngene
pedok,dok,pe,,,meno-mene
pedomas,domas,pe,,,general
pedowen,dowen,pe,,,merikuq-merikaq
pedua,dua,pe,,,ngeno-ngene
peduan,duan,pe,,,meno-mene
peduk,duk,pe,,,ngeno-ngene
pedup,dup,pe,,,general
pedur,dur,pe,,,kuto-kute
peduri,duri,pe,,,kuto-kute
pedus,dus,pe,,,meno-mene
peebang,ebang,pe,,,general
peebawaq,ebawaq,pe,,,general
peebel,ebel,pe,,,kuto-kute
peebela,ebela,pe,,,merikuq-merikaq
peebelet,ebelet,pe,,,merikuq-merikaq
peebeleta,ebeleta,pe,,,ngeno-ngene
peeji,eji,pe,,,general
peeku,eku,pe,,,merikuq-merikaq
peeladoq,eladoq,pe,,,meno-mene
peelaq,elaq,pe,,,general
peelik,elik,pe,,,merikuq-merikaq
peelu,elu,pe,,,ngeno-ngene
peemas,emas,pe,,,general
peembe,embe,pe,,,merikuq-merikaq
peembeq,embeq,pe,,,merikuq-merikaq
peembor,embor,pe,,,ngeno-ngene
peembu,embu,pe,,,meno-mene
peembuq,embuq,pe,,,general
peempak,empak,pe,,,kuto-kute
peempaq,empaq,pe,,,general
peemper,emper,pe,,,kuto-kute
peempoh,empoh,pe,,,kuto-kute
peempok,empok,pe,,,merikuq-merikaq
peenak,enak,pe,,,merikuq-merikaq
peenda,enda,pe,,,kuto-kute
peendaraq,endaraq,pe,,,ngeno-ngene
peendeng,endeng,pe,,,meno-mene
peendeq,endeq,pe,,,meno-mene
peendeqna,endeqna,pe,,,ngeno-ngene
peene,ene,pe,,,general
peeng,eng,pe,,,merikuq-merikaq
peengger,engger,pe,,,ngeno-ngene
peenggih,enggih,pe,,,kuto-kute
peengk,engk,pe,,,merikuq-merikaq
peengkaq,engkaq,pe,,,ngeno-ngene
peengkos,engkos,pe,,,general
peenjen,enjen,pe,,,kuto-kute
peeno,eno,pe,,,merikuq-merikaq
peent,ent,pe,,,general
peentong,entong,pe,,,meno-mene
peentu,entu,pe,,,merikuq-merikaq
peepi,epi,pe,,,ngeno-ngene
peerat,erat,pe,,,ngeno-ngene
pegaan,gaan,pe,,,meno-mene
pegaet,gaet,pe,,,kuto-kute
pegaji,gaji,pe,,,ngeno-ngene
pegal,gal,pe,,,kuto-kute
pegalah,galah,pe,,,general
pegaleng,galeng,pe,,,ngeno-ngene
pegalih,galih,pe,,,general
pegam,gam,pe,,,kuto-kute
pegama,gama,pe,,,kuto-kute
pegambar,gambar,pe,,,meno-mene
pegamber,gamber,pe,,,meno-mene
pegambu,gambu,pe,,,general
pegamel,gamel,pe,,,kuto-kute
pegang,gang,pe,,,meno-mene
peganggas,ganggas,pe,,,kuto-kute
pegaq,gaq,pe,,,ngeno-ngene
pegaqa,gaqa,pe,,,general
pegati,gati,pe,,,general
pegawah,gawah,pe,,,general
pegeboh,geboh,pe,,,merikuq-merikaq
pegedeng,gedeng,pe,,,merikuq-merikaq
pegegeti,gegeti,pe,,,kuto-kute
pegen,gen,pe,,,general
pegeneng,geneng,pe,,,ngeno-ngene
pegeres,geres,pe,,,kuto-kute
pegerik,gerik,pe,,,ngeno-ngene
pegero,gero,pe,,,kuto-kute
pegetas,getas,pe,,,ngeno-ngene
pegigi,gigi,pe,,,merikuq-merikaq
pegigih,gigih,pe,,,kuto-kute
pegik,gik,pe,,,general
pegika,gika,pe,,,merikuq-merikaq
pegodek,godek,pe,,,ngeno-ngene
pegombas,gombas,pe,,,meno-mene
pegoreng,goreng,pe,,,merikuq-merikaq
pegoro,goro,pe,,,ngeno-ngene
pegorong,gorong,pe,,,ngeno-ngene
pegubuk,gubuk,pe,,,ngeno-ngene
pegula,gula,pe,,,meno-mene
pegunung,gunung,pe,,,general
peguru,guru,pe,,,meno-mene
pehajat,hajat,pe,,,meno-mene
pehaji,haji,pe,,,general
pehalal,halal,pe,,,merikuq-merikaq
pehat,hat,pe,,,kuto-kute
pehianat,hianat,pe,,,ngeno-ngene
peidup,idup,pe,,,meno-mene
peijuk,ijuk,pe,,,kuto-kute
peilen,ilen,pe,,,general
peilham,ilham,pe,,,merikuq-merikaq
peilmu,ilmu,pe,,,merikuq-merikaq
peima,ima,pe,,,kuto-kute
peimbuq,imbuq,pe,,,kuto-kute
peinan,inan,pe,,,meno-mene
peinaq,inaq,pe,,,kuto-kute
peind,ind,pe,,,merikuq-merikaq
peinem,inem,pe,,,general
peinget,inget,pe,,,merikuq-merikaq
peiroq,iroq,pe,,,general
peisin,isin,pe,,,meno-mene
peitem,item,pe,,,general
peiwoq,iwoq,pe,,,kuto-kute
pejadah,jadah,pe,,,merikuq-merikaq
pejagur,jagur,pe,,,general
pejai,jai,pe,,,general
pejamaq,jamaq,pe,,,meno-mene
pejang,jang,pe,,,meno-mene
pejangkih,jangkih,pe,,,kuto-kute
pejaran,jaran,pe,,,kuto-kute
pejari,jari,pe,,,general
pejawa,jawa,pe,,,meno-mene
pejeka,jeka,pe,,,ngeno-ngene
pejelo,jelo,pe,,,general
pejembung,jembung,pe,,,kuto-kute
pejenazah,jenazah,pe,,,kuto-kute
pejenget,jenget,pe,,,ngeno-ngene
pejenis,jenis,pe,,,merikuq-merikaq
pejero,jero,pe,,,meno-mene
pejinten,jinten,pe,,,ngeno-ngene
pejiwe,jiwe,pe,,,merikuq-merikaq
pejol,jol,pe,,,merikuq-merikaq
pejongkong,jongkong,pe,,,ngeno-ngene
pejual,jual,pe,,,merikuq-merikaq
pejuaq,juaq,pe,,,meno-mene
pejubah,jubah,pe,,,general
pejulu,julu,pe,,,merikuq-merikaq
pejuluq,juluq,pe,,,kuto-kute
pejumadil,jumadil,pe,,,kuto-kute
pejumat,jumat,pe,,,merikuq-merikaq
pekabot,kabot,pe,,,general
pekadaq,kadaq,pe,,,merikuq-merikaq
pekadeng,kadeng,pe,,,general
pekaget,kaget,pe,,,general
pekagung,kagung,pe,,,meno-mene
pekaji,kaji,pe,,,ngeno-ngene
pekajum,kajum,pe,,,general
pekaka,kaka,pe,,,general
pekakaq,kakaq,pe,,,merikuq-merikaq
pekaken,kaken,pe,,,merikuq-merikaq
pekakoq,kakoq,pe,,,meno-mene
pekali,kali,pe,,,general
pekalialah,kalialah,pe,,,merikuq-merikaq
pekaling,kaling,pe,,,general
pekalung,kalung,pe,,,ngeno-ngene
pekam,kam,pe,,,merikuq-merikaq
pekamban,kamban,pe,,,merikuq-merikaq
pekambes,kambes,pe,,,meno-mene
pekambing,kambing,pe,,,general
pekamboti,kamboti,pe,,,meno-mene
pekamel,kamel,pe,,,kuto-kute
pekan,kan,pe,,,meno-mene
pekanak,kanak,pe,,,general
pekance,kance,pe,,,ngeno-ngene
pekancing,kancing,pe,,,meno-mene
pekandoq,kandoq,pe,,,kuto-kute
pekangen,kangen,pe,,,merikuq-merikaq
pekangker,kangker,pe,,,kuto-kute
pekangkung,kangkung,pe,,,kuto-kute
pekaniayaq,kaniayaq,pe,,,ngeno-ngene
pekanyir,kanyir,pe,,,meno-mene
pekapal,kapal,pe,,,meno-mene
pekapik,kapik,pe,,,kuto-kute
pekaq,kaq,pe,,,ngeno-ngene
pekarang,karang,pe,,,ngeno-ngene
pekarepa,karepa,pe,,,meno-mene
pekaro,karo,pe,,,merikuq-merikaq
pekas,kas,pe,,,meno-mene
pekasar,kasar,pe,,,merikuq-merikaq
pekataq,kataq,pe,,,meno-mene
pekaula,kaula,pe,,,kuto-kute
pekayu,kayu,pe,,,meno-mene
pekayuq,kayuq,pe,,,ngeno-ngene
pekeagung,keagung,pe,,,kuto-kute
pekealim,kealim,pe,,,merikuq-merikaq
pekeam,keam,pe,,,merikuq-merikaq
pekeamel,keamel,pe,,,general
pekebabas,kebabas,pe,,,merikuq-merikaq
pekebagus,kebagus,pe,,,ngeno-ngene
pekebais,kebais,pe,,,ngeno-ngene
pekebalik,kebalik,pe,,,ngeno-ngene
pekebalika,kebalika,pe,,,merikuq-merikaq
pekebandel,kebandel,pe,,,meno-mene
pekebangaq,kebangaq,pe,,,meno-mene
pekebanyaq,kebanyaq,pe,,,kuto-kute
pekebao,kebao,pe,,,kuto-kute
pekebawaqa,kebawaqa,pe,,,merikuq-merikaq
pekebebas,kebebas,pe,,,general
pekebebel,kebebel,pe,,,kuto-kute
pekebecat,kebecat,pe,,,meno-mene
pekebecik,kebecik,pe,,,kuto-kute
pekebedah,kebedah,pe,,,kuto-kute
pekebedak,kebedak,pe,,,kuto-kute
pekebedeng,kebedeng,pe,,,ngeno-ngene
pekebedu,kebedu,pe,,,ngeno-ngene
pekebega,kebega,pe,,,ngeno-ngene
pekebegal,kebegal,pe,,,kuto-kute
pekebegala,kebegala,pe,,,general
pekebegaq,kebegaq,pe,,,merikuq-merikaq
pekebeket,kebeket,pe,,,meno-mene
pekebekol,kebekol,pe,,,meno-mene
pekebel,kebel,pe,,,kuto-kute
pekebelek,kebelek,pe,,,ngeno-ngene
pekebeleq,kebeleq,pe,,,merikuq-merikaq
pekebeler,kebeler,pe,,,merikuq-merikaq
pekebelet,kebelet,pe,,,meno-mene
pekebeleta,kebeleta,pe,,,general
pekebelo,kebelo,pe,,,ngeno-ngene
pekebeloh,kebeloh,pe,,,meno-mene
pekebelot,kebelot,pe,,,merikuq-merikaq
pekebo,kebo,pe,,,general
pekebon,kebon,pe,,,kuto-kute
pekedebong,kedebong,pe,,,general
pekeh,keh,pe,,,ngeno-ngene
pekejames,kejames,pe,,,merikuq-merikaq
pekejamesa,kejamesa,pe,,,kuto-kute
pekel,kel,pe,,,general
pekelak,kelak,pe,,,merikuq-merikaq
pekelambi,kelambi,pe,,,merikuq-merikaq
pekelanjuh,kelanjuh,pe,,,meno-mene
pekelaq,kelaq,pe,,,general
pekelek,kelek,pe,,,meno-mene
pekeloror,keloror,pe,,,general
pekelutut,kelutut,pe,,,merikuq-merikaq
pekemadeq,kemadeq,pe,,,merikuq-merikaq
pekemalem,kemalem,pe,,,general
pekemareq,kemareq,pe,,,kuto-kute
pekembalik,kembalik,pe,,,ngeno-ngene
pekembalit,kembalit,pe,,,meno-mene
pekembelet,kembelet,pe,,,general
pekentare,kentare,pe,,,meno-mene
pekenyamboq,kenyamboq,pe,,,merikuq-merikaq
pekenyampoq,kenyampoq,pe,,,ngeno-ngene
pekepeng,kepeng,pe,,,general
pekeradeng,keradeng,pe,,,general
pekeragkat,keragkat,pe,,,kuto-kute
pekeraku,keraku,pe,,,kuto-kute
pekerakuqa,kerakuqa,pe,,,general
pekerama,kerama,pe,,,ngeno-ngene
pekerangkat,kerangkat,pe,,,kuto-kute
pekeraro,keraro,pe,,,general
pekeras,keras,pe,,,ngeno-ngene
pekerdit,kerdit,pe,,,kuto-kute
pekerepeq,kerepeq,pe,,,general
pekerta,kerta,pe,,,kuto-kute
pekerupuk,kerupuk,pe,,,general
pekeseq,keseq,pe,,,general
pekesimbar,kesimbar,pe,,,meno-mene
peket,ket,pe,,,ngeno-ngene
peketa,keta,pe,,,kuto-kute
pekete,kete,pe,,,ngeno-ngene
peketujur,ketujur,pe,,,ngeno-ngene
pekikis,kikis,pe,,,meno-mene
pekikit,kikit,pe,,,kuto-kute
pekirim,kirim,pe,,,ngeno-ngene
pekitap,kitap,pe,,,general
peklewang,klewang,pe,,,meno-mene
pekoah,koah,pe,,,general
pekocor,kocor,pe,,,ngeno-ngene
pekodeq,kodeq,pe,,,ngeno-ngene
pekojor,kojor,pe,,,general
pekokoh,kokoh,pe,,,merikuq-merikaq
pekokoq,kokoq,pe,,,general
pekomb,komb,pe,,,meno-mene
pekomendan,komendan,pe,,,general
pekonteq,konteq,pe,,,ngeno-ngene
pekop,kop,pe,,,kuto-kute
pekoreng,koreng,pe,,,kuto-kute
pekorong,korong,pe,,,ngeno-ngene
pekorot,korot,pe,,,general
pekote,kote,pe,,,kuto-kute
pekowok,kowok,pe,,,merikuq-merikaq
pekti,kti,pe,,,general
pekulat,kulat,pe,,,kuto-kute
pekulup,kulup,pe,,,ngeno-ngene
pekungkuq,kungkuq,pe,,,merikuq-merikaq
pekuni,kuni,pe,,,general
pekupi,kupi,pe,,,general
pekurang,kurang,pe,,,meno-mene
pekurma,kurma,pe,,,merikuq-merikaq
pelaeq,laeq,pe,,,merikuq-merikaq
pelain,lain,pe,,,merikuq-merikaq
pelakar,lakar,pe,,,general
pelakas,lakas,pe,,,kuto-kute
pelakbak,lakbak,pe,,,ngeno-ngene
pelakong,lakong,pe,,,merikuq-merikaq
pelalo,lalo,pe,,,general
pelaloq,laloq,pe,,,kuto-kute
pelamb,lamb,pe,,,kuto-kute
pelambah,lambah,pe,,,meno-mene
pelambek,lambek,pe,,,ngeno-ngene
pelamp,lamp,pe,,,general
pelampak,lampak,pe,,,merikuq-merikaq
pelamun,lamun,pe,,,general
pelan,lan,pe,,,merikuq-merikaq
pelanat,lanat,pe,,,kuto-kute
pelanda,landa,pe,,,kuto-kute
pelandar,landar,pe,,,merikuq-merikaq
pelang,lang,pe,,,ngeno-ngene
pelanggaq,langgaq,pe,,,ngeno-ngene
pelangit,langit,pe,,,general
pelangsir,langsir,pe,,,meno-mene
pelanja,lanja,pe,,,meno-mene
pelanjaa,lanjaa,pe,,,meno-mene
pelant,lant,pe,,,meno-mene
pelanting,lanting,pe,,,kuto-kute
pelantuk,lantuk,pe,,,meno-mene
pelapar,lapar,pe,,,general
pelaqa,laqa,pe,,,meno-mene
pelar,lar,pe,,,merikuq-merikaq
pelat,lat,pe,,,general
pelata,lata,pe,,,merikuq-merikaq
pelatung,latung,pe,,,meno-mene
pelaun,laun,pe,,,meno-mene
pelauq,lauq,pe,,,general
peledeng,ledeng,pe,,,merikuq-merikaq
pelek,lek,pe,,,merikuq-merikaq
peleka,leka,pe,,,general
pelekak,lekak,pe,,,ngeno-ngene
pelekoq,lekoq,pe,,,kuto-kute
pelelasuq,lelasuq,pe,,,ngeno-ngene
peleleng,leleng,pe,,,kuto-kute
pelem,lem,pe,,,meno-mene
pelemaq,lemaq,pe,,,meno-mene
pelemba,lemba,pe,,,meno-mene
pelempok,lempok,pe,,,kuto-kute
pelenc,lenc,pe,,,ngeno-ngene
pelencek,lencek,pe,,,meno-mene
peleng,leng,pe,,,meno-mene
pelenge,lenge,pe,,,meno-mene
pelenggu,lenggu,pe,,,ngeno-ngene
pelep,lep,pe,,,general
pelepaq,lepaq,pe,,,ngeno-ngene
pelepas,lepas,pe,,,kuto-kute
pelepe,lepe,pe,,,kuto-kute
peleq,leq,pe,,,merikuq-merikaq
peleqa,leqa,pe,,,meno-mene
peler,ler,pe,,,ngeno-ngene
peletaq,letaq,pe,,,meno-mene
peleteng,leteng,pe,,,meno-mene
pelia,lia,pe,,,meno-mene
pelian,lian,pe,,,general
pelida,lida,pe,,,general
pelik,lik,pe,,,kuto-kute
pelikat,likat,pe,,,ngeno-ngene
pelikur,likur,pe,,,merikuq-merikaq
pelimbing,limbing,pe,,,merikuq-merikaq
pelincek,lincek,pe,,,general
pelinga,linga,pe,,,ngeno-ngene
pelinggi,linggi,pe,,,meno-mene
pelinjo,linjo,pe,,,kuto-kute
pelis,lis,pe,,,ngeno-ngene
pelisung,lisung,pe,,,general
peliung,liung,pe,,,merikuq-merikaq
peloa,loa,pe,,,ngeno-ngene
peloan,loan,pe,,,kuto-kute
peloeq,loeq,pe,,,ngeno-ngene
peloh,loh,pe,,,meno-mene
pelohor,lohor,pe,,,general
pelok,lok,pe,,,merikuq-merikaq
pelokeng,lokeng,pe,,,ngeno-ngene
peloking,loking,pe,,,meno-mene
pelolo,lolo,pe,,,general
pelolon,lolon,pe,,,ngeno-ngene
pelomar,lomar,pe,,,ngeno-ngene
pelombok,lombok,pe,,,general
pelong,long,pe,,,meno-mene
pelubuk,lubuk,pe,,,general
pelueq,lueq,pe,,,merikuq-merikaq
pelukbuk,lukbuk,pe,,,merikuq-merikaq
pelur,lur,pe,,,general
pelutung,lutung,pe,,,general
pemaca,maca,pe,,,ngeno-ngene
pemadeq,madeq,pe,,,merikuq-merikaq
pemait,mait,pe,,,ngeno-ngene
pemajah,majah,pe,,,ngeno-ngene
pemakam,makam,pe,,,merikuq-merikaq
pemalem,malem,pe,,,ngeno-ngene
pemalesa,malesa,pe,,,meno-mene
pemalik,malik,pe,,,kuto-kute
pemaling,maling,pe,,,merikuq-merikaq
pemama,mama,pe,,,merikuq-merikaq
pemamah,mamah,pe,,,merikuq-merikaq
pemambis,mambis,pe,,,kuto-kute
pemambu,mambu,pe,,,kuto-kute
pemambuq,mambuq,pe,,,kuto-kute
pemamiq,mamiq,pe,,,kuto-kute
pemamiqa,mamiqa,pe,,,merikuq-merikaq
pemamper,mamper,pe,,,kuto-kute
pemampoh,mampoh,pe,,,general
pemangan,mangan,pe,,,ngeno-ngene
pemanis,manis,pe,,,ngeno-ngene
pemantot,mantot,pe,,,merikuq-merikaq
pemanuk,manuk,pe,,,meno-mene
pemaraq,maraq,pe,,,merikuq-merikaq
pemasbagiq,masbagiq,pe,,,ngeno-ngene
pemata,mata,pe,,,meno-mene
pematar,matar,pe,,,meno-mene
pemate,mate,pe,,,general
pemau,mau,pe,,,ngeno-ngene
pemawa,mawa,pe,,,kuto-kute
pemayah,mayah,pe,,,meno-mene
pemayung,mayung,pe,,,general
pemebasa,mebasa,pe,,,general
pemebera,mebera,pe,,,general
pemedil,medil,pe,,,meno-mene
pemegal,megal,pe,,,meno-mene
pemeja,meja,pe,,,merikuq-merikaq
pemejek,mejek,pe,,,ngeno-ngene
pemekah,mekah,pe,,,ngeno-ngene
pemel,mel,pe,,,merikuq-merikaq
pemelakbak,melakbak,pe,,,general
pemelaq,melaq,pe,,,merikuq-merikaq
pemelaqa,melaqa,pe,,,ngeno-ngene
pemeli,meli,pe,,,general
pemelia,melia,pe,,,ngeno-ngene
pememalik,memalik,pe,,,kuto-kute
pememayah,memayah,pe,,,meno-mene
pememedah,memedah,pe,,,meno-mene
pememedil,memedil,pe,,,kuto-kute
pememeler,memeler,pe,,,kuto-kute
pememeli,memeli,pe,,,meno-mene
pememelota,memelota,pe,,,ngeno-ngene
pememengga,memengga,pe,,,kuto-kute
pemenak,menak,pe,,,kuto-kute
pemengama,mengama,pe,,,general
pemeraiq,meraiq,pe,,,ngeno-ngene
pemeraiqa,meraiqa,pe,,,general
pemerakona,merakona,pe,,,ngeno-ngene
pemerama,merama,pe,,,meno-mene
pemeramaq,meramaq,pe,,,general
pemerariq,merariq,pe,,,ngeno-ngene
pemeriq,meriq,pe,,,ngeno-ngene
pemeta,meta,pe,,,kuto-kute
peminyak,minyak,pe,,,kuto-kute
pemontor,montor,pe,,,merikuq-merikaq
pemudi,mudi,pe,,,general
pemukinat,mukinat,pe,,,kuto-kute
pemuling,muling,pe,,,ngeno-ngene
penabas,nabas,pe,,,ngeno-ngene
penae,nae,pe,,,merikuq-merikaq
penahi,nahi,pe,,,meno-mene
penalar,nalar,pe,,,kuto-kute
penampat,nampat,pe,,,meno-mene
penampet,nampet,pe,,,ngeno-ngene
penamung,namung,pe,,,general
penan,nan,pe,,,meno-mene
penanas,nanas,pe,,,ngeno-ngene
penang,nang,pe,,,merikuq-merikaq
penanggor,nanggor,pe,,,merikuq-merikaq
penao,nao,pe,,,ngeno-ngene
penaos,naos,pe,,,merikuq-merikaq
penasiq,nasiq,pe,,,merikuq-merikaq
pendaiq,ndaiq,pe,,,meno-mene
pendeq,ndeq,pe,,,kuto-kute
penekamba,nekamba,pe,,,kuto-kute
peneng,neng,pe,,,ngeno-ngene
peneraka,neraka,pe,,,ngeno-ngene
penga,nga,pe,,,meno-mene
pengac,ngac,pe,,,general
pengkiwa,ngkiwa,pe,,,merikuq-merikaq
pengku,ngku,pe,,,meno-mene
penikah,nikah,pe,,,meno-mene
penimpoh,nimpoh,pe,,,meno-mene
penina,nina,pe,,,meno-mene
pensu,nsu,pe,,,ngeno-ngene
pentu,ntu,pe,,,meno-mene
penunggal,nunggal,pe,,,ngeno-ngene
penyala,nyala,pe,,,merikuq-merikaq
penyale,nyale,pe,,,kuto-kute
penyalong,nyalong,pe,,,merikuq-merikaq
penyalor,nyalor,pe,,,general
penyamasa,nyamasa,pe,,,ngeno-ngene
penyambila,nyambila,pe,,,general
penyamboq,nyamboq,pe,,,meno-mene
penyambuq,nyambuq,pe,,,meno-mene
penyampeq,nyampeq,pe,,,merikuq-merikaq
penyatus,nyatus,pe,,,kuto-kute
penyatusa,nyatusa,pe,,,kuto-kute
penyet,nyet,pe,,,kuto-kute
penyur,nyur,pe,,,ngeno-ngene
peocong,ocong,pe,,,kuto-kute
peodaq,odaq,pe,,,ngeno-ngene
peolas,olas,pe,,,general
peombeq,ombeq,pe,,,general
peomber,omber,pe,,,meno-mene
peonang,onang,pe,,,meno-mene
peonyaq,onyaq,pe,,,merikuq-merikaq
peopek,opek,pe,,,ngeno-ngene
peotak,otak,pe,,,kuto-kute
pepade,pade,pe,,,ngeno-ngene
pepanaq,panaq,pe,,,general
pepancer,pancer,pe,,,kuto-kute
pepangarat,pangarat,pe,,,general
pepaoq,paoq,pe,,,general
pepapuq,papuq,pe,,,meno-mene
peparan,paran,pe,,,meno-mene
pepardu,pardu,pe,,,meno-mene
pepasek,pasek,pe,,,kuto-kute
pepatanah,patanah,pe,,,ngeno-ngene
pepati,pati,pe,,,ngeno-ngene
pepayung,payung,pe,,,kuto-kute
pepiatu,piatu,pe,,,ngeno-ngene
pepikir,pikir,pe,,,ngeno-ngene
pepil,pil,pe,,,general
pepinaq,pinaq,pe,,,meno-mene
pepinyak,pinyak,pe,,,ngeno-ngene
pepireq,pireq,pe,,,ngeno-ngene
pepiring,piring,pe,,,merikuq-merikaq
pepisuara,pisuara,pe,,,general
pepitung,pitung,pe,,,general
pepramamiq,pramamiq,pe,,,kuto-kute
pepraya,praya,pe,,,merikuq-merikaq
pepugut,pugut,pe,,,ngeno-ngene
pepujut,pujut,pe,,,meno-mene
pepulek,pulek,pe,,,kuto-kute
pepulisi,pulisi,pe,,,merikuq-merikaq
pepulu,pulu,pe,,,kuto-kute
pepuntiq,puntiq,pe,,,meno-mene
pepuser,puser,pe,,,kuto-kute
pepusut,pusut,pe,,,merikuq-merikaq
peputri,putri,pe,,,meno-mene
peqan,qan,pe,,,meno-mene
perabiul,rabiul,pe,,,ngeno-ngene
peraden,raden,pe,,,meno-mene
peradi,radi,pe,,,kuto-kute
perahir,rahir,pe,,,ngeno-ngene
peraj,raj,pe,,,merikuq-merikaq
perambok,rambok,pe,,,kuto-kute
perambu,rambu,pe,,,kuto-kute
perand,rand,pe,,,general
perani,rani,pe,,,meno-mene
peraos,raos,pe,,,kuto-kute
perari,rari,pe,,,meno-mene
peratu,ratu,pe,,,ngeno-ngene
peratur,ratur,pe,,,merikuq-merikaq
perau,rau,pe,,,ngeno-ngene
perawak,rawak,pe,,,kuto-kute
perebo,rebo,pe,,,ngeno-ngene
perek,rek,pe,,,kuto-kute
perekeng,rekeng,pe,,,general
perekia,rekia,pe,,,merikuq-merikaq
pereng,reng,pe,,,merikuq-merikaq
perengkem,rengkem,pe,,,merikuq-merikaq
perepes,repes,pe,,,merikuq-merikaq
pereq,req,pe,,,merikuq-merikaq
pereragi,reragi,pe,,,kuto-kute
pererek,rerek,pe,,,general
peres,res,pe,,,ngeno-ngene
peribut,ribut,pe,,,meno-mene
pering,ring,pe,,,meno-mene
periq,riq,pe,,,meno-mene
peroas,roas,pe,,,ngeno-ngene
peroboh,roboh,pe,,,general
perong,rong,pe,,,merikuq-merikaq
peroq,roq,pe,,,merikuq-merikaq
peros,ros,pe,,,kuto-kute
perua,rua,pe,,,kuto-kute
perujak,rujak,pe,,,meno-mene
peruq,ruq,pe,,,meno-mene
pesai,sai,pe,,,kuto-kute
pesaidina,saidina,pe,,,merikuq-merikaq
pesaiq,saiq,pe,,,general
pesajaq,sajaq,pe,,,ngeno-ngene
pesakit,sakit,pe,,,general
pesakra,sakra,pe,,,kuto-kute
pesalak,salak,pe,,,meno-mene
pesalaq,salaq,pe,,,ngeno-ngene
pesaleh,saleh,pe,,,kuto-kute
pesaling,saling,pe,,,kuto-kute
pesamas,samas,pe,,,general
pesamasa,samasa,pe,,,meno-mene
pesambel,sambel,pe,,,kuto-kute
pesambil,sambil,pe,,,ngeno-ngene
pesambila,sambila,pe,,,merikuq-merikaq
pesampi,sampi,pe,,,meno-mene
pesampoq,sampoq,pe,,,merikuq-merikaq
pesand,sand,pe,,,general
pesangkakala,sangkakala,pe,,,merikuq-merikaq
pesangu,sangu,pe,,,ngeno-ngene
pesarak,sarak,pe,,,meno-mene
pesari,sari,pe,,,merikuq-merikaq
pesasak,sasak,pe,,,meno-mene
pesatak,satak,pe,,,meno-mene
pesatus,satus,pe,,,ngeno-ngene
pesaur,saur,pe,,,ngeno-ngene
pesawa,sawa,pe,,,kuto-kute
pesayo,sayo,pe,,,ngeno-ngene
pesayur,sayur,pe,,,ngeno-ngene
peseampil,seampil,pe,,,ngeno-ngene
peseandena,seandena,pe,,,meno-mene
peseasta,seasta,pe,,,kuto-kute
pesebanjah,sebanjah,pe,,,meno-mene
pesebelek,sebelek,pe,,,kuto-kute
pesebia,sebia,pe,,,merikuq-merikaq
peseboq,seboq,pe,,,kuto-kute
pesebut,sebut,pe,,,general
pesegara,segara,pe,,,ngeno-ngene
pesegare,segare,pe,,,kuto-kute
pesekat,sekat,pe,,,meno-mene
pesekolah,sekolah,pe,,,general
pesekuh,sekuh,pe,,,meno-mene
peselagalas,selagalas,pe,,,ngeno-ngene
peselana,selana,pe,,,ngeno-ngene
peselat,selat,pe,,,general
peselema,selema,pe,,,ngeno-ngene
pesemama,semama,pe,,,merikuq-merikaq
pesemamaa,semamaa,pe,,,general
pesemamaq,semamaq,pe,,,general
pesemangga,semangga,pe,,,meno-mene
pesembay,sembay,pe,,,ngeno-ngene
pesembelah,sembelah,pe,,,general
pesemeton,semeton,pe,,,kuto-kute
pesempeda,sempeda,pe,,,meno-mene
pesendeqman,sendeqman,pe,,,general
pesengaka,sengaka,pe,,,meno-mene
pesengano,sengano,pe,,,meno-mene
pesependaiq,sependaiq,pe,,,meno-mene
peseperadek,seperadek,pe,,,general
pesepuq,sepuq,pe,,,merikuq-merikaq
peserep,serep,pe,,,merikuq-merikaq
peserut,serut,pe,,,general
pesesangi,sesangi,pe,,,kuto-kute
pesetanggor,setanggor,pe,,,ngeno-ngene
pesia,sia,pe,,,merikuq-merikaq
pesiar,siar,pe,,,ngeno-ngene
pesida,sida,pe,,,merikuq-merikaq
peside,side,pe,,,meno-mene
pesili,sili,pe,,,kuto-kute
pesip,sip,pe,,,ngeno-ngene
pesiu,siu,pe,,,general
pesolah,solah,pe,,,meno-mene
pesongket,songket,pe,,,meno-mene
pesongkoq,songkoq,pe,,,merikuq-merikaq
pesten,sten,pe,,,kuto-kute
pesuah,suah,pe,,,ngeno-ngene
pesubuh,subuh,pe,,,merikuq-merikaq
pesugul,sugul,pe,,,merikuq-merikaq
pesumpah,sumpah,pe,,,general
pesuna,suna,pe,,,meno-mene
pesuralaga,suralaga,pe,,,ngeno-ngene
pesusu,susu,pe,,,general
petab,tab,pe,,,meno-mene
petabas,tabas,pe,,,general
petabek,tabek,pe,,,ngeno-ngene
petaben,taben,pe,,,ngeno-ngene
petabih,tabih,pe,,,general
petabut,tabut,pe,,,kuto-kute
petac,tac,pe,,,ngeno-ngene
petad,tad,pe,,,merikuq-merikaq
petadah,tadah,pe,,,general
petadas,tadas,pe,,,ngeno-ngene
petadeq,tadeq,pe,,,kuto-kute
petadil,tadil,pe,,,meno-mene
petadok,tadok,pe,,,merikuq-merikaq
petadon,tadon,pe,,,merikuq-merikaq
petadong,tadong,pe,,,kuto-kute
petadu,tadu,pe,,,general
petaduk,taduk,pe,,,kuto-kute
petaek,taek,pe,,,general
petagiq,tagiq,pe,,,meno-mene
petagum,tagum,pe,,,kuto-kute
petai,tai,pe,,,meno-mene
petain,tain,pe,,,ngeno-ngene
petajah,tajah,pe,,,general
petajaq,tajaq,pe,,,kuto-kute
petaji,taji,pe,,,general
petajum,tajum,pe,,,merikuq-merikaq
petakal,takal,pe,,,meno-mene
petakon,takon,pe,,,meno-mene
petakuq,takuq,pe,,,general
petal,tal,pe,,,general
petalam,talam,pe,,,ngeno-ngene
petaleh,taleh,pe,,,general
petali,tali,pe,,,general
petalir,talir,pe,,,kuto-kute
petalong,talong,pe,,,merikuq-merikaq
petalu,talu,pe,,,ngeno-ngene
petalung,talung,pe,,,kuto-kute
petalur,talur,pe,,,meno-mene
petama,tama,pe,,,kuto-kute
petamah,tamah,pe,,,ngeno-ngene
petamaq,tamaq,pe,,,meno-mene
petamar,tamar,pe,,,general
petamas,tamas,pe,,,ngeno-ngene
petambal,tambal,pe,,,general
petambea,tambea,pe,,,meno-mene
petambel,tambel,pe,,,merikuq-merikaq
petamben,tamben,pe,,,general
petambeng,tambeng,pe,,,meno-mene
petambes,tambes,pe,,,kuto-kute
petambong,tambong,pe,,,kuto-kute
petambuq,tambuq,pe,,,meno-mene
petamer,tamer,pe,,,ngeno-ngene
petames,tames,pe,,,meno-mene
petamet,tamet,pe,,,ngeno-ngene
petamok,tamok,pe,,,ngeno-ngene
petamong,tamong,pe,,,kuto-kute
petampar,tampar,pe,,,merikuq-merikaq
petampat,tampat,pe,,,kuto-kute
petampes,tampes,pe,,,kuto-kute
petampet,tampet,pe,,,meno-mene
petampik,tampik,pe,,,merikuq-merikaq
petampok,tampok,pe,,,merikuq-merikaq
petampuk,tampuk,pe,,,kuto-kute
petamuk,tamuk,pe,,,merikuq-merikaq
petanah,tanah,pe,,,general
petanaq,tanaq,pe,,,kuto-kute
petancot,tancot,pe,,,ngeno-ngene
petand,tand,pe,,,meno-mene
petandek,tandek,pe,,,general
petandok,tandok,pe,,,meno-mene
petandos,tandos,pe,,,ngeno-ngene
petanduk,tanduk,pe,,,meno-mene
petang,tang,pe,,,kuto-kute
petanget,tanget,pe,,,merikuq-merikaq
petanggah,tanggah,pe,,,ngeno-ngene
petanggep,tanggep,pe,,,kuto-kute
petanggor,tanggor,pe,,,meno-mene
petanggung,tanggung,pe,,,ngeno-ngene
petangguq,tangguq,pe,,,kuto-kute
petangkat,tangkat,pe,,,kuto-kute
petangkel,tangkel,pe,,,kuto-kute
petangkon,tangkon,pe,,,meno-mene
petangkut,tangkut,pe,,,ngeno-ngene
petangsor,tangsor,pe,,,ngeno-ngene
petangsuh,tangsuh,pe,,,meno-mene
petangsul,tangsul,pe,,,meno-mene
petangsur,tangsur,pe,,,general
petaniayaq,taniayaq,pe,,,kuto-kute
petanjah,tanjah,pe,,,meno-mene
petanjar,tanjar,pe,,,merikuq-merikaq
petanjek,tanjek,pe,,,meno-mene
petanjur,tanjur,pe,,,merikuq-merikaq
petansuh,tansuh,pe,,,merikuq-merikaq
petantem,tantem,pe,,,ngeno-ngene
petantep,tantep,pe,,,ngeno-ngene
petantih,tantih,pe,,,merikuq-merikaq
petantiq,tantiq,pe,,,kuto-kute
petanton,tanton,pe,,,merikuq-merikaq
petantos,tantos,pe,,,merikuq-merikaq
petantuq,tantuq,pe,,,meno-mene
petanuq,tanuq,pe,,,meno-mene
petaon,taon,pe,,,ngeno-ngene
petap,tap,pe,,,kuto-kute
petapah,tapah,pe,,,merikuq-merikaq
petapal,tapal,pe,,,kuto-kute
petapen,tapen,pe,,,merikuq-merikaq
petapeq,tapeq,pe,,,merikuq-merikaq
petapit,tapit,pe,,,merikuq-merikaq
petapsila,tapsila,pe,,,merikuq-merikaq
petapuh,tapuh,pe,,,merikuq-merikaq
petapur,tapur,pe,,,general
petapus,tapus,pe,,,meno-mene
petar,tar,pe,,,general
petarah,tarah,pe,,,kuto-kute
petarat,tarat,pe,,,ngeno-ngene
petarem,tarem,pe,,,ngeno-ngene
petarep,tarep,pe,,,kuto-kute
petareq,tareq,pe,,,general
petarok,tarok,pe,,,merikuq-merikaq
petarot,tarot,pe,,,general
petarti,tarti,pe,,,kuto-kute
petasaq,tasaq,pe,,,kuto-kute
petaser,taser,pe,,,merikuq-merikaq
petater,tater,pe,,,ngeno-ngene
petatong,tatong,pe,,,meno-mene
petatuh,tatuh,pe,,,meno-mene
petatur,tatur,pe,,,meno-mene
petau,tau,pe,,,merikuq-merikaq
petaun,taun,pe,,,meno-mene
petaut,taut,pe,,,kuto-kute
petawah,tawah,pe,,,merikuq-merikaq
petawaq,tawaq,pe,,,merikuq-merikaq
petawas,tawas,pe,,,ngeno-ngene
petawek,tawek,pe,,,merikuq-merikaq
petawis,tawis,pe,,,ngeno-ngene
petawon,tawon,pe,,,general
petawor,tawor,pe,,,general
petayaq,tayaq,pe,,,merikuq-merikaq
peteh,teh,pe,,,kuto-kute
petek,tek,pe,,,kuto-kute
petekan,tekan,pe,,,general
petelih,telih,pe,,,kuto-kute
peteloq,teloq,pe,,,ngeno-ngene
petelu,telu,pe,,,ngeno-ngene
petiang,tiang,pe,,,merikuq-merikaq
petiken,tiken,pe,,,merikuq-merikaq
petimuq,timuq,pe,,,ngeno-ngene
petindok,tindok,pe,,,kuto-kute
petiti,titi,pe,,,kuto-kute
petiwoq,tiwoq,pe,,,general
petiy,tiy,pe,,,general
petiyang,tiyang,pe,,,kuto-kute
petoaq,toaq,pe,,,ngeno-ngene
petok,tok,pe,,,meno-mene
petolang,tolang,pe,,,ngeno-ngene
peton,ton,pe,,,kuto-kute
petoya,toya,pe,,,merikuq-merikaq
petuak,tuak,pe,,,meno-mene
petuan,tuan,pe,,,general
petubaj,tubaj,pe,,,general
petugu,tugu,pe,,,merikuq-merikaq
petujaq,tujaq,pe,,,kuto-kute
petuk,tuk,pe,,,ngeno-ngene
petulis,tulis,pe,,,kuto-kute
petulung,tulung,pe,,,general
petunggal,tunggal,pe,,,ngeno-ngene
petunjuk,tunjuk,pe,,,ngeno-ngene
petuntut,tuntut,pe,,,general
peturis,turis,pe,,,general
peturun,turun,pe,,,general
petutul,tutul,pe,,,general
petutuq,tutuq,pe,,,merikuq-merikaq
peugama,ugama,pe,,,kuto-kute
peugaq,ugaq,pe,,,kuto-kute
peulu,ulu,pe,,,kuto-kute
peumbaq,umbaq,pe,,,kuto-kute
peuni,uni,pe,,,kuto-kute
peurup,urup,pe,,,kuto-kute
pewah,wah,pe,,,meno-mene
pewaktu,waktu,pe,,,kuto-kute
pewaris,waris,pe,,,meno-mene
pewaru,waru,pe,,,general
pewestu,westu,pe,,,ngeno-ngene
pewong,wong,pe,,,ngeno-ngene
peyaqkup,yaqkup,pe,,,general
peyatim,yatim,pe,,,merikuq-merikaq
seabah,abah,se,,,general
seabak,abak,se,,,ngeno-ngene
seaban,aban,se,,,ngeno-ngene
seabang,abang,se,,,meno-mene
seabar,abar,se,,,meno-mene
seabas,abas,se,,,ngeno-ngene
seabat,abat,se,,,ngeno-ngene
seabek,abek,se,,,kuto-kute
seaben,aben,se,,,kuto-kute
seabena,abena,se,,,meno-mene
seaber,aber,se,,,ngeno-ngene
seabih,abih,se,,,general
seabon,abon,se,,,ngeno-ngene
seabong,abong,se,,,general
seabot,abot,se,,,kuto-kute
seabu,abu,se,,,ngeno-ngene
seabuk,abuk,se,,,merikuq-merikaq
seabut,abut,se,,,merikuq-merikaq
seabuta,abuta,se,,,merikuq-merikaq
seacan,acan,se,,,kuto-kute
seaceh,aceh,se,,,kuto-kute
seaci,aci,se,,,meno-mene
seacih,acih,se,,,ngeno-ngene
seacong,acong,se,,,meno-mene
seadah,adah,se,,,ngeno-ngene
seadal,adal,se,,,general
seadala,adala,se,,,ngeno-ngene
seadam,adam,se,,,merikuq-merikaq
seadang,adang,se,,,merikuq-merikaq
seadap,adap,se,,,kuto-kute
seadar,adar,se,,,ngeno-ngene
seadas,adas,se,,,ngeno-ngene
seadasa,adasa,se,,,ngeno-ngene
seadat,adat,se,,,meno-mene
seadata,adata,se,,,ngeno-ngene
seadek,adek,se,,,merikuq-merikaq
seadel,adel,se,,,general
seadem,adem,se,,,general
seaden,aden,se,,,general
seadeng,adeng,se,,,general
seadenga,adenga,se,,,meno-mene
seadep,adep,se,,,general
seadeq,adeq,se,,,ngeno-ngene
seadeqa,adeqa,se,,,kuto-kute
seadi,adi,se,,,meno-mene
seadik,adik,se,,,kuto-kute
seadil,adil,se,,,kuto-kute
seading,ading,se,,,meno-mene
seadiq,adiq,se,,,kuto-kute
seaditya,aditya,se,,,kuto-kute
seado,ado,se,,,meno-mene
seadoh,adoh,se,,,general
seadok,adok,se,,,kuto-kute
seadoka,adoka,se,,,ngeno-ngene
seadon,adon,se,,,meno-mene
seadona,adona,se,,,merikuq-merikaq
seadoq,adoq,se,,,general
seadu,adu,se,,,kuto-kute
seadua,adua,se,,,merikuq-merikaq
seaduh,aduh,se,,,meno-mene
seaduk,aduk,se,,,meno-mene
seaer,aer,se,,,kuto-kute
seagama,agama,se,,,ngeno-ngene
seagas,agas,se,,,meno-mene
seagat,agat,se,,,meno-mene
seagel,agel,se,,,meno-mene
seagem,agem,se,,,ngeno-ngene
seagen,agen,se,,,ngeno-ngene
seageq,ageq,se,,,ngeno-ngene
seaget,aget,se,,,ngeno-ngene
seagin,agin,se,,,ngeno-ngene
seagiq,agiq,se,,,merikuq-merikaq
seagiqa,agiqa,se,,,ngeno-ngene
seagir,agir,se,,,kuto-kute
seagit,agit,se,,,general
seagol,agol,se,,,merikuq-merikaq
seagola,agola,se,,,ngeno-ngene
seagon,agon,se,,,meno-mene
seagu,agu,se,,,general
seaguk,aguk,se,,,kuto-kute
seagul,agul,se,,,merikuq-merikaq
seagum,agum,se,,,general
seagun,agun,se,,,meno-mene
seagung,agung,se,,,ngeno-ngene
seagunga,agunga,se,,,meno-mene
seagus,agus,se,,,merikuq-merikaq
seahat,ahat,se,,,general
seahbakaq,ahbakaq,se,,,kuto-kute
seahbantar,ahbantar,se,,,general
seahbebet,ahbebet,se,,,ngeno-ngene
seaherat,aherat,se,,,kuto-kute
seahir,ahir,se,,,ngeno-ngene
seahlak,ahlak,se,,,merikuq-merikaq
seahli,ahli,se,,,general
seahmat,ahmat,se,,,ngeno-ngene
seaikmel,aikmel,se,,,ngeno-ngene
seain,ain,se,,,kuto-kute
seaing,aing,se,,,general
seaip,aip,se,,,kuto-kute
seaiq,aiq,se,,,ngeno-ngene
seaiqa,aiqa,se,,,ngeno-ngene
seair,air,se,,,general
seajah,ajah,se,,,kuto-kute
seajaha,ajaha,se,,,general
seajaip,ajaip,se,,,general
seajak,ajak,se,,,merikuq-merikaq
seajal,ajal,se,,,merikuq-merikaq
seajaq,ajaq,se,,,merikuq-merikaq
seajaqa,ajaqa,se,,,kuto-kute
seajar,ajar,se,,,general
seajara,ajara,se,,,kuto-kute
seajat,ajat,se,,,kuto-kute
seaji,aji,se,,,kuto-kute
seajia,ajia,se,,,kuto-kute
seajimat,ajimat,se,,,merikuq-merikaq
seajiq,ajiq,se,,,kuto-kute
seajir,ajir,se,,,meno-mene
seajo,ajo,se,,,general
seajong,ajong,se,,,ngeno-ngene
seajonga,ajonga,se,,,merikuq-merikaq
seajor,ajor,se,,,kuto-kute
seajum,ajum,se,,,ngeno-ngene
seajur,ajur,se,,,meno-mene
seakah,akah,se,,,merikuq-merikaq
seakal,akal,se,,,general
seakala,akala,se,,,meno-mene
seakan,akan,se,,,ngeno-ngene
seakaq,akaq,se,,,kuto-kute
seakar,akar,se,,,merikuq-merikaq
seakat,akat,se,,,meno-mene
seakata,akata,se,,,general
seakbar,akbar,se,,,kuto-kute
seaki,aki,se,,,merikuq-merikaq
seakik,akik,se,,,ngeno-ngene
seakikah,akikah,se,,,merikuq-merikaq
seakikat,akikat,se,,,meno-mene
seakil,akil,se,,,general
seakon,akon,se,,,meno-mene
seakor,akor,se,,,merikuq-merikaq
seakora,akora,se,,,kuto-kute
seaksama,aksama,se,,,kuto-kute
seaksara,aksara,se,,,ngeno-ngene
seaksaraa,aksaraa,se,,,kuto-kute
seaksi,aksi,se,,,ngeno-ngene
seaku,aku,se,,,ngeno-ngene
seakua,akua,se,,,general
seakup,akup,se,,,merikuq-merikaq
seakuq,akuq,se,,,ngeno-ngene
seakur,akur,se,,,meno-mene
seala,ala,se,,,kuto-kute
sealah,alah,se,,,kuto-kute
sealal,alal,se,,,kuto-kute
sealala,alala,se,,,ngeno-ngene
sealam,alam,se,,,ngeno-ngene
sealamat,alamat,se,,,ngeno-ngene
sealamata,alamata,se,,,meno-mene
sealang,alang,se,,,general
sealap,alap,se,,,merikuq-merikaq
sealar,alar,se,,,meno-mene
sealas,alas,se,,,merikuq-merikaq
sealat,alat,se,,,meno-mene
seale,ale,se,,,kuto-kute
sealeh,aleh,se,,,kuto-kute
sealeha,aleha,se,,,ngeno-ngene
sealek,alek,se,,,meno-mene
sealem,alem,se,,,kuto-kute
sealema,alema,se,,,kuto-kute
sealeng,aleng,se,,,meno-mene
sealep,alep,se,,,ngeno-ngene
sealeq,aleq,se,,,merikuq-merikaq
seales,ales,se,,,meno-mene
sealet,alet,se,,,meno-mene
sealeta,aleta,se,,,merikuq-merikaq
sealhak,alhak,se,,,meno-mene
seali,ali,se,,,meno-mene
sealialah,alialah,se,,,ngeno-ngene
sealias,alias,se,,,meno-mene
sealim,alim,se,,,meno-mene
sealing,aling,se,,,meno-mene
sealip,alip,se,,,merikuq-merikaq
sealir,alir,se,,,merikuq-merikaq
sealira,alira,se,,,merikuq-merikaq
sealis,alis,se,,,general
sealit,alit,se,,,meno-mene
sealkas,alkas,se,,,meno-mene
sealo,alo,se,,,merikuq-merikaq
sealoh,aloh,se,,,ngeno-ngene
sealok,alok,se,,,ngeno-ngene
sealoka,aloka,se,,,general
sealon,alon,se,,,ngeno-ngene
sealona,alona,se,,,ngeno-ngene
sealong,along,se,,,meno-mene
sealor,alor,se,,,ngeno-ngene
sealos,alos,se,,,kuto-kute
sealot,alot,se,,,ngeno-ngene
sealu,alu,se,,,general
sealuat,aluat,se,,,general
sealuh,aluh,se,,,general
sealuha,aluha,se,,,meno-mene
sealung,alung,se,,,general
sealuq,aluq,se,,,general
sealur,alur,se,,,general
sealura,alura,se,,,kuto-kute
sealus,alus,se,,,kuto-kute
sealusa,alusa,se,,,ngeno-ngene
seama,ama,se,,,merikuq-merikaq
seamah,amah,se,,,general
seamal,amal,se,,,ngeno-ngene
seamala,amala,se,,,kuto-kute
seaman,aman,se,,,ngeno-ngene
seamana,amana,se,,,merikuq-merikaq
seamanah,amanah,se,,,general
seamanat,amanat,se,,,kuto-kute
seamanata,amanata,se,,,merikuq-merikaq
seamaq,amaq,se,,,merikuq-merikaq
seamar,amar,se,,,meno-mene
seamas,amas,se,,,merikuq-merikaq
seamat,amat,se,,,kuto-kute
seamb,amb,se,,,merikuq-merikaq
seamba,amba,se,,,merikuq-merikaq
seambal,ambal,se,,,general
seambar,ambar,se,,,general
seambara,ambara,se,,,meno-mene
seambe,ambe,se,,,kuto-kute
seambek,ambek,se,,,ngeno-ngene
seambel,ambel,se,,,meno-mene
seamben,amben,se,,,kuto-kute
seambeng,ambeng,se,,,kuto-kute
seambes,ambes,se,,,ngeno-ngene
seambik,ambik,se,,,kuto-kute
seambil,ambil,se,,,merikuq-merikaq
seambila,ambila,se,,,ngeno-ngene
seambis,ambis,se,,,ngeno-ngene
seambon,ambon,se,,,ngeno-ngene
seambong,ambong,se,,,ngeno-ngene
seamboq,amboq,se,,,general
seambor,ambor,se,,,kuto-kute
seambu,ambu,se,,,meno-mene
seambuk,ambuk,se,,,meno-mene
seambul,ambul,se,,,merikuq-merikaq
seambula,ambula,se,,,ngeno-ngene
seambuq,ambuq,se,,,ngeno-ngene
seambur,ambur,se,,,meno-mene
seambura,ambura,se,,,kuto-kute
seamek,amek,se,,,merikuq-merikaq
seamel,amel,se,,,kuto-kute
seameng,ameng,se,,,merikuq-merikaq
seameq,ameq,se,,,general
seamer,amer,se,,,general
seamera,amera,se,,,kuto-kute
seames,ames,se,,,merikuq-merikaq
seamesa,amesa,se,,,meno-mene
seamet,amet,se,,,kuto-kute
seami,ami,se,,,merikuq-merikaq
seamil,amil,se,,,general
seamin,amin,se,,,meno-mene
seamina,amina,se,,,general
seamiq,amiq,se,,,merikuq-merikaq
seamiqa,amiqa,se,,,meno-mene
seamir,amir,se,,,ngeno-ngene
seamit,amit,se,,,ngeno-ngene
seamok,amok,se,,,general
seamong,among,se,,,ngeno-ngene
seamor,amor,se,,,merikuq-merikaq
seamoria,amoria,se,,,merikuq-merikaq
seamp,amp,se,,,meno-mene
seampa,ampa,se,,,general
seampah,ampah,se,,,meno-mene
seampaha,ampaha,se,,,ngeno-ngene
seampak,ampak,se,,,merikuq-merikaq
seampao,ampao,se,,,merikuq-merikaq
seampar,ampar,se,,,general
seampat,ampat,se,,,meno-mene
seampel,ampel,se,,,merikuq-merikaq
seampen,ampen,se,,,ngeno-ngene
seamper,amper,se,,,ngeno-ngene
seampes,ampes,se,,,ngeno-ngene
seampesa,ampesa,se,,,meno-mene
seampet,ampet,se,,,kuto-kute
seampeta,ampeta,se,,,meno-mene
seampi,ampi,se,,,kuto-kute
seampia,ampia,se,,,meno-mene
seampik,ampik,se,,,ngeno-ngene
seampiq,ampiq,se,,,merikuq-merikaq
seampir,ampir,se,,,meno-mene
seampoh,ampoh,se,,,ngeno-ngene
seampok,ampok,se,,,merikuq-merikaq
seampoq,ampoq,se,,,ngeno-ngene
seampu,ampu,se,,,general
seampuk,ampuk,se,,,merikuq-merikaq
seampun,ampun,se,,,general
seampuna,ampuna,se,,,meno-mene
seampung,ampung,se,,,merikuq-merikaq
seampura,ampura,se,,,merikuq-merikaq
seampuray,ampuray,se,,,general
seamsah,amsah,se,,,merikuq-merikaq
seamu,amu,se,,,general
seamuk,amuk,se,,,meno-mene
seamung,amung,se,,,general
seamuq,amuq,se,,,kuto-kute
seanak,anak,se,,,merikuq-merikaq
seanaka,anaka,se,,,merikuq-merikaq
seanang,anang,se,,,ngeno-ngene
seancak,ancak,se,,,merikuq-merikaq
seancar,ancar,se,,,kuto-kute
seancot,ancot,se,,,meno-mene
seandam,andam,se,,,kuto-kute
seandang,andang,se,,,merikuq-merikaq
seandanga,andanga,se,,,ngeno-ngene
seandar,andar,se,,,general
seandara,andara,se,,,merikuq-merikaq
seande,ande,se,,,merikuq-merikaq
seandea,andea,se,,,merikuq-merikaq
seandek,andek,se,,,kuto-kute
seandeka,andeka,se,,,merikuq-merikaq
seandel,andel,se,,,meno-mene
seandela,andela,se,,,kuto-kute
seanden,anden,se,,,meno-mene
seander,ander,se,,,merikuq-merikaq
seandika,andika,se,,,general
seandikaa,andikaa,se,,,general
seandong,andong,se,,,merikuq-merikaq
seandonga,andonga,se,,,ngeno-ngene
seandos,andos,se,,,merikuq-merikaq
seandosa,andosa,se,,,meno-mene
seanduk,anduk,se,,,merikuq-merikaq
seaneh,aneh,se,,,kuto-kute
seang,ang,se,,,ngeno-ngene
seangas,angas,se,,,general
seangasa,angasa,se,,,merikuq-merikaq
seangen,angen,se,,,kuto-kute
seangena,angena,se,,,meno-mene
seanget,anget,se,,,kuto-kute
seangeta,angeta,se,,,merikuq-merikaq
seanggah,anggah,se,,,ngeno-ngene
seanggar,anggar,se,,,merikuq-merikaq
seanggara,anggara,se,,,kuto-kute
seanggek,anggek,se,,,merikuq-merikaq
seanggep,anggep,se,,,merikuq-merikaq
seanggepa,anggepa,se,,,ngeno-ngene
seanggo,anggo,se,,,merikuq-merikaq
seanggop,anggop,se,,,kuto-kute
seanggopa,anggopa,se,,,kuto-kute
seanggoq,anggoq,se,,,kuto-kute
seanggoqa,anggoqa,se,,,general
seanggor,anggor,se,,,general
seangguk,angguk,se,,,merikuq-merikaq
seangguq,angguq,se,,,general
seanggur,anggur,se,,,meno-mene
seanggura,anggura,se,,,kuto-kute
seangin,angin,se,,,kuto-kute
seangk,angk,se,,,merikuq-merikaq
seangka,angka,se,,,ngeno-ngene
seangkaq,angkaq,se,,,ngeno-ngene
seangkat,angkat,se,,,kuto-kute
seangkata,angkata,se,,,merikuq-merikaq
seangken,angken,se,,,kuto-kute
seangker,angker,se,,,ngeno-ngene
seangkon,angkon,se,,,meno-mene
seangkos,angkos,se,,,ngeno-ngene
seangkot,angkot,se,,,kuto-kute
seangku,angku,se,,,general
seangkumpe,angkumpe,se,,,merikuq-merikaq
seangkunda,angkunda,se,,,meno-mene
seangkungku,angkungku,se,,,merikuq-merikaq
seangkunta,angkunta,se,,,merikuq-merikaq
seangkus,angkus,se,,,meno-mene
seangkut,angkut,se,,,general
seangop,angop,se,,,kuto-kute
seangpao,angpao,se,,,meno-mene
seangsa,angsa,se,,,ngeno-ngene
seangsana,angsana,se,,,meno-mene
seangsel,angsel,se,,,meno-mene
seangsela,angsela,se,,,general
seangsok,angsok,se,,,ngeno-ngene
seangsor,angsor,se,,,ngeno-ngene
seangsora,angsora,se,,,merikuq-merikaq
seangsuh,angsuh,se,,,general
seangsul,angsul,se,,,ngeno-ngene
seangsur,angsur,se,,,kuto-kute
seaniayaq,aniayaq,se,,,meno-mene
seaning,aning,se,,,kuto-kute
seaniq,aniq,se,,,general
seanjah,anjah,se,,,ngeno-ngene
seanjani,anjani,se,,,kuto-kute
seanjar,anjar,se,,,merikuq-merikaq
seanjara,anjara,se,,,meno-mene
seanjek,anjek,se,,,general
seanjeka,anjeka,se,,,meno-mene
seanjeng,anjeng,se,,,merikuq-merikaq
seanjenga,anjenga,se,,,meno-mene
seanjok,anjok,se,,,meno-mene
seanjoka,anjoka,se,,,general
seanjul,anjul,se,,,meno-mene
seanjung,anjung,se,,,general
seanjur,anjur,se,,,general
seanjura,anjura,se,,,meno-mene
seano,ano,se,,,merikuq-merikaq
seansel,ansel,se,,,merikuq-merikaq
seansen,ansen,se,,,kuto-kute
seansor,ansor,se,,,merikuq-merikaq
seansuh,ansuh,se,,,kuto-kute
seansuha,ansuha,se,,,ngeno-ngene
seansul,ansul,se,,,general
seansun,ansun,se,,,kuto-kute
seanta,anta,se,,,merikuq-merikaq
seantaa,antaa,se,,,general
seantap,antap,se,,,ngeno-ngene
seantem,antem,se,,,general
seantema,antema,se,,,merikuq-merikaq
seantep,antep,se,,,ngeno-ngene
seantih,antih,se,,,kuto-kute
seanting,anting,se,,,kuto-kute
seantiq,antiq,se,,,ngeno-ngene
seantiqa,antiqa,se,,,kuto-kute
seanton,anton,se,,,kuto-kute
seantos,antos,se,,,meno-mene
seantu,antu,se,,,ngeno-ngene
seantuk,antuk,se,,,general
seantuka,antuka,se,,,meno-mene
seantuq,antuq,se,,,ngeno-ngene
seantuqa,antuqa,se,,,meno-mene
seanuq,anuq,se,,,ngeno-ngene
seanuqa,anuqa,se,,,kuto-kute
seanyam,anyam,se,,,merikuq-merikaq
seanyir,anyir,se,,,merikuq-merikaq
seaoq,aoq,se,,,ngeno-ngene
seapa,apa,se,,,kuto-kute
seapah,apah,se,,,kuto-kute
seapaha,apaha,se,,,ngeno-ngene
seapak,apak,se,,,meno-mene
seapal,apal,se,,,ngeno-ngene
seapala,apala,se,,,merikuq-merikaq
seapem,apem,se,,,general
seapeq,apeq,se,,,ngeno-ngene
seapi,api,se,,,general
seapik,apik,se,,,ngeno-ngene
seapika,apika,se,,,kuto-kute
seapin,apin,se,,,merikuq-merikaq
seapit,apit,se,,,meno-mene
seapita,apita,se,,,kuto-kute
seapuh,apuh,se,,,merikuq-merikaq
seapur,apur,se,,,kuto-kute
seapus,apus,se,,,kuto-kute
seapusa,apusa,se,,,kuto-kute
seara,ara,se,,,meno-mene
searah,arah,se,,,general
searak,arak,se,,,kuto-kute
searan,aran,se,,,merikuq-merikaq
searang,arang,se,,,ngeno-ngene
searap,arap,se,,,ngeno-ngene
searaq,araq,se,,,merikuq-merikaq
searaqa,araqa,se,,,meno-mene
searat,arat,se,,,general
searata,arata,se,,,meno-mene
seare,are,se,,,general
searem,arem,se,,,meno-mene
searen,aren,se,,,kuto-kute
searep,arep,se,,,general
searepa,arepa,se,,,kuto-kute
seareq,areq,se,,,general
seareqa,areqa,se,,,merikuq-merikaq
seariq,ariq,se,,,ngeno-ngene
searit,arit,se,,,general
searloji,arloji,se,,,meno-mene
searo,aro,se,,,kuto-kute
searoh,aroh,se,,,kuto-kute
searok,arok,se,,,merikuq-merikaq
searong,arong,se,,,general
searot,arot,se,,,kuto-kute
searpah,arpah,se,,,kuto-kute
searta,arta,se,,,ngeno-ngene
searti,arti,se,,,general
seartia,artia,se,,,meno-mene
searu,aru,se,,,meno-mene
searus,arus,se,,,merikuq-merikaq
searusa,arusa,se,,,merikuq-merikaq
searwah,arwah,se,,,kuto-kute
seasah,asah,se,,,kuto-kute
seasaha,asaha,se,,,meno-mene
seasal,asal,se,,,meno-mene
seasaq,asaq,se,,,merikuq-merikaq
seasar,asar,se,,,ngeno-ngene
seasem,asem,se,,,ngeno-ngene
seaseq,aseq,se,,,ngeno-ngene
seasera,asera,se,,,kuto-kute
seasil,asil,se,,,general
seasila,asila,se,,,ngeno-ngene
seasin,asin,se,,,general
seatak,atak,se,,,ngeno-ngene
seatas,atas,se,,,ngeno-ngene
seatasa,atasa,se,,,kuto-kute
seatawa,atawa,se,,,general
seate,ate,se,,,ngeno-ngene
seatea,atea,se,,,general
seatep,atep,se,,,kuto-kute
seater,ater,se,,,merikuq-merikaq
seatera,atera,se,,,ngeno-ngene
seatom,atom,se,,,kuto-kute
seatong,atong,se,,,kuto-kute
seatonga,atonga,se,,,meno-mene
seatuh,atuh,se,,,ngeno-ngene
seatuha,atuha,se,,,kuto-kute
seatur,atur,se,,,kuto-kute
seatura,atura,se,,,meno-mene
seatus,atus,se,,,kuto-kute
seaur,aur,se,,,merikuq-merikaq
seaut,aut,se,,,kuto-kute
seauta,auta,se,,,meno-mene
seawa,awa,se,,,kuto-kute
seawak,awak,se,,,meno-mene
seawal,awal,se,,,general
seawam,awam,se,,,general
seawampe,awampe,se,,,general
seawan,awan,se,,,merikuq-merikaq
seawanda,awanda,se,,,ngeno-ngene
seawang,awang,se,,,meno-mene
seawangku,awangku,se,,,meno-mene
seawaq,awaq,se,,,meno-mene
seawas,awas,se,,,general
seawek,awek,se,,,general
seaweka,aweka,se,,,general
seawet,awet,se,,,general
seaweta,aweta,se,,,ngeno-ngene
seawik,awik,se,,,merikuq-merikaq
seawin,awin,se,,,general
seawis,awis,se,,,ngeno-ngene
seawisa,awisa,se,,,merikuq-merikaq
seawon,awon,se,,,merikuq-merikaq
seawona,awona,se,,,ngeno-ngene
seawor,awor,se,,,kuto-kute
seawora,awora,se,,,kuto-kute
seawu,awu,se,,,kuto-kute
seawun,awun,se,,,meno-mene
seayah,ayah,se,,,general
seayaq,ayaq,se,,,general
seayaqa,ayaqa,se,,,ngeno-ngene
seayat,ayat,se,,,meno-mene
seazimat,azimat,se,,,general
sebabah,babah,se,,,general
sebabak,babak,se,,,general
sebabar,babar,se,,,kuto-kute
sebabas,babas,se,,,merikuq-merikaq
sebabat,babat,se,,,merikuq-merikaq
sebaca,baca,se,,,general
sebacaa,bacaa,se,,,kuto-kute
sebacot,bacot,se,,,general
sebadah,badah,se,,,merikuq-merikaq
sebadaq,badaq,se,,,meno-mene
sebadaqa,badaqa,se,,,meno-mene
sebadar,badar,se,,,meno-mene
sebadas,badas,se,,,general
sebadeq,badeq,se,,,meno-mene
sebadi,badi,se,,,general
sebadiq,badiq,se,,,general
sebadoq,badoq,se,,,kuto-kute
sebaduk,baduk,se,,,merikuq-merikaq
sebadung,badung,se,,,kuto-kute
sebadunga,badunga,se,,,meno-mene
sebadut,badut,se,,,kuto-kute
sebae,bae,se,,,general
sebaeh,baeh,se,,,meno-mene
sebaes,baes,se,,,meno-mene
sebag,bag,se,,,kuto-kute
sebaga,baga,se,,,ngeno-ngene
sebageq,bageq,se,,,general
sebagi,bagi,se,,,merikuq-merikaq
sebagia,bagia,se,,,merikuq-merikaq
sebagu,bagu,se,,,kuto-kute
sebagus,bagus,se,,,kuto-kute
sebagusa,bagusa,se,,,kuto-kute
sebahla,bahla,se,,,kuto-kute
sebai,bai,se,,,meno-mene
sebaiq,baiq,se,,,kuto-kute
sebais,bais,se,,,general
sebait,bait,se,,,ngeno-ngene
sebaita,baita,se,,,ngeno-ngene
sebaj,baj,se,,,meno-mene
sebaja,baja,se,,,meno-mene
sebajah,bajah,se,,,general
sebajaha,bajaha,se,,,meno-mene
sebajang,bajang,se,,,general
sebajar,bajar,se,,,general
sebajo,bajo,se,,,general
sebajur,bajur,se,,,kuto-kute
sebak,bak,se,,,meno-mene
sebakal,bakal,se,,,meno-mene
sebakaq,bakaq,se,,,kuto-kute
sebakat,bakat,se,,,ngeno-ngene
sebakeq,bakeq,se,,,merikuq-merikaq
sebako,bako,se,,,general
sebakti,bakti,se,,,meno-mene
sebalaq,balaq,se,,,meno-mene
sebalaqa,balaqa,se,,,meno-mene
sebalar,balar,se,,,general
sebalas,balas,se,,,general
sebale,bale,se,,,kuto-kute
sebalek,balek,se,,,merikuq-merikaq
sebalen,balen,se,,,general
sebales,bales,se,,,kuto-kute
sebalet,balet,se,,,general
sebali,bali,se,,,merikuq-merikaq
sebalik,balik,se,,,general
sebalika,balika,se,,,meno-mene
sebalit,balit,se,,,merikuq-merikaq
sebalok,balok,se,,,kuto-kute
sebaloq,baloq,se,,,kuto-kute
sebalu,balu,se,,,merikuq-merikaq
sebalung,balung,se,,,kuto-kute
sebalunga,balunga,se,,,ngeno-ngene
sebaluq,baluq,se,,,general
sebaluqa,baluqa,se,,,merikuq-merikaq
sebamb,bamb,se,,,merikuq-merikaq
sebambung,bambung,se,,,meno-mene
seban,ban,se,,,ngeno-ngene
sebancah,bancah,se,,,ngeno-ngene
sebanda,banda,se,,,ngeno-ngene
sebandel,bandel,se,,,general
sebandeng,bandeng,se,,,ngeno-ngene
sebandenga,bandenga,se,,,merikuq-merikaq
sebanding,banding,se,,,kuto-kute
sebandung,bandung,se,,,general
sebandunga,bandunga,se,,,meno-mene
sebang,bang,se,,,kuto-kute
sebangaq,bangaq,se,,,general
sebanger,banger,se,,,general
sebanget,banget,se,,,kuto-kute
sebangga,bangga,se,,,kuto-kute
sebanggaa,banggaa,se,,,general
sebanggruq,banggruq,se,,,kuto-kute
sebangk,bangk,se,,,general
sebangkal,bangkal,se,,,general
sebangkala,bangkala,se,,,general
sebangke,bangke,se,,,kuto-kute
sebangkel,bangkel,se,,,ngeno-ngene
sebangkela,bangkela,se,,,kuto-kute
sebangken,bangken,se,,,ngeno-ngene
sebangkes,bangkes,se,,,general
sebangket,bangket,se,,,ngeno-ngene
sebangkok,bangkok,se,,,ngeno-ngene
sebangkol,bangkol,se,,,general
sebangkon,bangkon,se,,,meno-mene
sebangkrut,bangkrut,se,,,merikuq-merikaq
sebangku,bangku,se,,,ngeno-ngene
sebangkuk,bangkuk,se,,,general
sebangkung,bangkung,se,,,ngeno-ngene
sebangsa,bangsa,se,,,general
sebangsat,bangsat,se,,,kuto-kute
sebangsit,bangsit,se,,,kuto-kute
sebangun,bangun,se,,,merikuq-merikaq
sebani,bani,se,,,kuto-kute
sebaniq,baniq,se,,,meno-mene
sebanjaha,banjaha,se,,,general
sebanjar,banjar,se,,,ngeno-ngene
sebanjara,banjara,se,,,ngeno-ngene
sebanjur,banjur,se,,,general
sebansu,bansu,se,,,ngeno-ngene
sebanta,banta,se,,,ngeno-ngene
sebantal,bantal,se,,,general
sebantar,bantar,se,,,general
sebantara,bantara,se,,,merikuq-merikaq
sebantat,bantat,se,,,ngeno-ngene
sebante,bante,se,,,ngeno-ngene
sebantek,bantek,se,,,merikuq-merikaq
sebantel,bantel,se,,,ngeno-ngene
sebanten,banten,se,,,merikuq-merikaq
sebanteng,banteng,se,,,kuto-kute
sebanting,banting,se,,,ngeno-ngene
sebantinga,bantinga,se,,,meno-mene
sebantong,bantong,se,,,ngeno-ngene
sebantot,bantot,se,,,general
sebantota,bantota,se,,,ngeno-ngene
sebantu,bantu,se,,,kuto-kute
sebantun,bantun,se,,,meno-mene
sebanyaq,banyaq,se,,,ngeno-ngene
sebanyol,banyol,se,,,kuto-kute
sebao,bao,se,,,meno-mene
sebaoa,baoa,se,,,meno-mene
sebaok,baok,se,,,ngeno-ngene
sebaoq,baoq,se,,,meno-mene
sebaoqa,baoqa,se,,,general
sebaos,baos,se,,,meno-mene
sebaosa,baosa,se,,,kuto-kute
sebapa,bapa,se,,,ngeno-ngene
sebapaq,bapaq,se,,,meno-mene
sebaq,baq,se,,,ngeno-ngene
sebaqd,baqd,se,,,meno-mene
sebara,bara,se,,,kuto-kute
sebaraa,baraa,se,,,general
sebarang,barang,se,,,ngeno-ngene
sebaraq,baraq,se,,,merikuq-merikaq
sebaraqa,baraqa,se,,,merikuq-merikaq
sebarat,barat,se,,,ngeno-ngene
sebareh,bareh,se,,,general
sebareha,bareha,se,,,meno-mene
sebareng,bareng,se,,,ngeno-ngene
sebarenga,barenga,se,,,meno-mene
sebares,bares,se,,,meno-mene
sebaret,baret,se,,,meno-mene
sebareta,bareta,se,,,kuto-kute
sebari,bari,se,,,ngeno-ngene
sebaris,baris,se,,,kuto-kute
sebarisa,barisa,se,,,ngeno-ngene
sebaro,baro,se,,,general
sebaroa,baroa,se,,,general
sebarsah,barsah,se,,,merikuq-merikaq
sebaru,baru,se,,,ngeno-ngene
sebarua,barua,se,,,kuto-kute
sebarung,barung,se,,,merikuq-merikaq
sebaruq,baruq,se,,,merikuq-merikaq
sebarus,barus,se,,,meno-mene
sebas,bas,se,,,kuto-kute
sebasa,basa,se,,,merikuq-merikaq
sebasaq,basaq,se,,,meno-mene
sebasaqa,basaqa,se,,,ngeno-ngene
sebasong,basong,se,,,general
sebat,bat,se,,,kuto-kute
sebata,bata,se,,,general
sebatah,batah,se,,,merikuq-merikaq
sebatal,batal,se,,,kuto-kute
sebatala,batala,se,,,ngeno-ngene
sebatang,batang,se,,,kuto-kute
sebatar,batar,se,,,merikuq-merikaq
sebatbata,batbata,se,,,kuto-kute
sebatek,batek,se,,,ngeno-ngene
sebateq,bateq,se,,,general
sebates,bates,se,,,merikuq-merikaq
sebati,bati,se,,,kuto-kute
sebaton,baton,se,,,general
sebatu,batu,se,,,meno-mene
sebatuk,batuk,se,,,meno-mene
sebatur,batur,se,,,merikuq-merikaq
sebau,bau,se,,,general
sebaung,baung,se,,,general
sebaur,baur,se,,,merikuq-merikaq
sebaura,baura,se,,,general
sebaw,baw,se,,,general
sebawaq,bawaq,se,,,merikuq-merikaq
sebawaqa,bawaqa,se,,,meno-mene
sebawi,bawi,se,,,general
sebawo,bawo,se,,,kuto-kute
sebayah,bayah,se,,,kuto-kute
sebayaha,bayaha,se,,,merikuq-merikaq
sebayam,bayam,se,,,merikuq-merikaq
sebayar,bayar,se,,,merikuq-merikaq
sebayem,bayem,se,,,merikuq-merikaq
sebayu,bayu,se,,,ngeno-ngene
sebea,bea,se,,,general
sebeaq,beaq,se,,,general
sebebas,bebas,se,,,general
sebebek,bebek,se,,,ngeno-ngene
sebec,bec,se,,,meno-mene
sebecat,becat,se,,,kuto-kute
sebeda,beda,se,,,kuto-kute
sebedah,bedah,se,,,ngeno-ngene
sebedak,bedak,se,,,ngeno-ngene
sebedil,bedil,se,,,general
sebedog,bedog,se,,,general
sebedu,bedu,se,,,meno-mene
sebeg,beg,se,,,meno-mene
sebega,bega,se,,,merikuq-merikaq
sebegu,begu,se,,,merikuq-merikaq
sebei,bei,se,,,kuto-kute
sebejat,bejat,se,,,general
sebejek,bejek,se,,,meno-mene
sebeka,beka,se,,,general
sebekeq,bekeq,se,,,general
sebel,bel,se,,,kuto-kute
sebela,bela,se,,,merikuq-merikaq
sebelabur,belabur,se,,,meno-mene
sebelah,belah,se,,,ngeno-ngene
sebelanja,belanja,se,,,ngeno-ngene
sebelaq,belaq,se,,,general
sebelas,belas,se,,,meno-mene
sebele,bele,se,,,ngeno-ngene
sebeleq,beleq,se,,,general
sebeler,beler,se,,,kuto-kute
sebelet,belet,se,,,general
sebeli,beli,se,,,general
sebelo,belo,se,,,ngeno-ngene
sebeloq,beloq,se,,,meno-mene
sebembeq,bembeq,se,,,ngeno-ngene
seben,ben,se,,,ngeno-ngene
sebenda,benda,se,,,ngeno-ngene
sebeng,beng,se,,,merikuq-merikaq
sebengal,bengal,se,,,meno-mene
sebengaq,bengaq,se,,,kuto-kute
sebengkak,bengkak,se,,,merikuq-merikaq
sebengkel,bengkel,se,,,ngeno-ngene
sebengkok,bengkok,se,,,kuto-kute
sebeni,beni,se,,,kuto-kute
seber,ber,se,,,kuto-kute
sebera,bera,se,,,meno-mene
seberak,berak,se,,,kuto-kute
seberaq,beraq,se,,,merikuq-merikaq
seberem,berem,se,,,merikuq-merikaq
seberora,berora,se,,,ngeno-ngene
seberoraq,beroraq,se,,,meno-mene
seberu,beru,se,,,ngeno-ngene
sebeso,beso,se,,,kuto-kute
sebet,bet,se,,,meno-mene
sebeta,beta,se,,,ngeno-ngene
sebeti,beti,se,,,kuto-kute
sebetu,betu,se,,,meno-mene
sebeu,beu,se,,,ngeno-ngene
sebewen,bewen,se,,,ngeno-ngene
sebewi,bewi,se,,,merikuq-merikaq
sebialal,bialal,se,,,general
sebideng,bideng,se,,,ngeno-ngene
sebik,bik,se,,,general
sebikas,bikas,se,,,merikuq-merikaq
sebilaq,bilaq,se,,,general
sebiloq,biloq,se,,,general
sebingur,bingur,se,,,ngeno-ngene
sebintang,bintang,se,,,meno-mene
sebireng,bireng,se,,,meno-mene
sebis,bis,se,,,merikuq-merikaq
sebisoq,bisoq,se,,,merikuq-merikaq
sebitek,bitek,se,,,kuto-kute
sebobok,bobok,se,,,general
sebon,bon,se,,,meno-mene
sebong,bong,se,,,general
sebonges,bonges,se,,,meno-mene
sebontol,bontol,se,,,ngeno-ngene
sebuaq,buaq,se,,,meno-mene
sebubur,bubur,se,,,kuto-kute
sebudaq,budaq,se,,,general
sebukaq,bukaq,se,,,kuto-kute
sebulan,bulan,se,,,kuto-kute
sebuloq,buloq,se,,,kuto-kute
sebulu,bulu,se,,,ngeno-ngene
sebuntut,buntut,se,,,kuto-kute
seburaq,buraq,se,,,meno-mene
secalon,calon,se,,,kuto-kute
secampur,campur,se,,,merikuq-merikaq
secampura,campura,se,,,kuto-kute
secang,cang,se,,,general
secanga,canga,se,,,kuto-kute
secat,cat,se,,,ngeno-ngene
secata,cata,se,,,kuto-kute
secela,cela,se,,,ngeno-ngene
secet,cet,se,,,merikuq-merikaq
secicik,cicik,se,,,meno-mene
secik,cik,se,,,meno-mene
secip,cip,se,,,ngeno-ngene
seciq,ciq,se,,,merikuq-merikaq
secobeq,cobeq,se,,,ngeno-ngene
secucuk,cucuk,se,,,meno-mene
secupak,cupak,se,,,merikuq-merikaq
sedaa,daa,se,,,meno-mene
sedac,dac,se,,,merikuq-merikaq
sedad,dad,se,,,kuto-kute
sedadah,dadah,se,,,merikuq-merikaq
sedadar,dadar,se,,,meno-mene
sedag,dag,se,,,ngeno-ngene
sedagul,dagul,se,,,merikuq-merikaq
sedahir,dahir,se,,,merikuq-merikaq
sedaiq,daiq,se,,,ngeno-ngene
sedait,dait,se,,,general
sedak,dak,se,,,kuto-kute
sedalem,dalem,se,,,merikuq-merikaq
sedandok,dandok,se,,,kuto-kute
sedangkem,dangkem,se,,,ngeno-ngene
sedap,dap,se,,,merikuq-merikaq
sedareq,dareq,se,,,meno-mene
sedas,das,se,,,general
sedateng,dateng,se,,,ngeno-ngene
sedatu,datu,se,,,merikuq-merikaq
sedaun,daun,se,,,kuto-kute
sedaur,daur,se,,,general
sedaya,daya,se,,,general
sedea,dea,se,,,merikuq-merikaq
sedek,dek,se,,,merikuq-merikaq
sedel,del,se,,,general
sedendeq,dendeq,se,,,kuto-kute
sedeng,deng,se,,,meno-mene
sedenga,denga,se,,,meno-mene
sedengan,dengan,se,,,ngeno-ngene
sedereq,dereq,se,,,ngeno-ngene
sedes,des,se,,,ngeno-ngene
sedesa,desa,se,,,merikuq-merikaq
sedewa,dewa,se,,,ngeno-ngene
sedewek,dewek,se,,,general
sedin,din,se,,,ngeno-ngene
sediriq,diriq,se,,,meno-mene
sedoe,doe,se,,,meno-mene
sedok,dok,se,,,kuto-kute
sedomas,domas,se,,,ngeno-ngene
sedowen,dowen,se,,,ngeno-ngene
sedua,dua,se,,,meno-mene
seduan,duan,se,,,ngeno-ngene
seduk,duk,se,,,merikuq-merikaq
sedup,dup,se,,,merikuq-merikaq
sedur,dur,se,,,merikuq-merikaq
seduri,duri,se,,,meno-mene
sedus,dus,se,,,ngeno-ngene
seebang,ebang,se,,,general
seebawaq,ebawaq,se,,,kuto-kute
seebel,ebel,se,,,meno-mene
seebela,ebela,se,,,meno-mene
seebelet,ebelet,se,,,general
seebeleta,ebeleta,se,,,general
seeji,eji,se,,,merikuq-merikaq
seeku,eku,se,,,kuto-kute
seeladoq,eladoq,se,,,kuto-kute
seelaq,elaq,se,,,merikuq-merikaq
seelik,elik,se,,,general
seelu,elu,se,,,general
seemas,emas,se,,,kuto-kute
seembe,embe,se,,,kuto-kute
seembeq,embeq,se,,,meno-mene
seembor,embor,se,,,kuto-kute
seembu,embu,se,,,merikuq-merikaq
seembuq,embuq,se,,,meno-mene
seempak,empak,se,,,ngeno-ngene
seempaq,empaq,se,,,meno-mene
seemper,emper,se,,,merikuq-merikaq
seempoh,empoh,se,,,ngeno-ngene
seempok,empok,se,,,kuto-kute
seenak,enak,se,,,ngeno-ngene
seenda,enda,se,,,general
seendaraq,endaraq,se,,,general
seendeng,endeng,se,,,meno-mene
seendeq,endeq,se,,,general
seendeqna,endeqna,se,,,general
seene,ene,se,,,ngeno-ngene
seeng,eng,se,,,general
seengger,engger,se,,,general
seenggih,enggih,se,,,merikuq-merikaq
seengk,engk,se,,,kuto-kute
seengkaq,engkaq,se,,,kuto-kute
seengkos,engkos,se,,,meno-mene
seenjen,enjen,se,,,general
seeno,eno,se,,,general
seent,ent,se,,,general
seentong,entong,se,,,ngeno-ngene
seentu,entu,se,,,kuto-kute
seepi,epi,se,,,ngeno-ngene
seerat,erat,se,,,merikuq-merikaq
segaan,gaan,se,,,meno-mene
segaet,gaet,se,,,meno-mene
segaji,gaji,se,,,merikuq-merikaq
segal,gal,se,,,general
segalah,galah,se,,,general
segaleng,galeng,se,,,kuto-kute
segalih,galih,se,,,ngeno-ngene
segam,gam,se,,,merikuq-merikaq
segama,gama,se,,,meno-mene
segambar,gambar,se,,,ngeno-ngene
segamber,gamber,se,,,ngeno-ngene
segambu,gambu,se,,,general
segamel,gamel,se,,,ngeno-ngene
segang,gang,se,,,merikuq-merikaq
seganggas,ganggas,se,,,meno-mene
segaq,gaq,se,,,meno-mene
segaqa,gaqa,se,,,kuto-kute
segati,gati,se,,,meno-mene
segawah,gawah,se,,,general
segeboh,geboh,se,,,merikuq-merikaq
segedeng,gedeng,se,,,meno-mene
segegeti,gegeti,se,,,general
segen,gen,se,,,merikuq-merikaq
segeneng,geneng,se,,,kuto-kute
segeres,geres,se,,,meno-mene
segerik,gerik,se,,,kuto-kute
segero,gero,se,,,meno-mene
segetas,getas,se,,,kuto-kute
segigi,gigi,se,,,general
segigih,gigih,se,,,merikuq-merikaq
segik,gik,se,,,ngeno-ngene
segika,gika,se,,,meno-mene
segodek,godek,se,,,kuto-kute
segombas,gombas,se,,,kuto-kute
segoreng,goreng,se,,,ngeno-ngene
segoro,goro,se,,,kuto-kute
segorong,gorong,se,,,ngeno-ngene
segubuk,gubuk,se,,,meno-mene
segula,gula,se,,,ngeno-ngene
segunung,gunung,se,,,general
seguru,guru,se,,,merikuq-merikaq
sehajat,hajat,se,,,ngeno-ngene
sehaji,haji,se,,,merikuq-merikaq
sehalal,halal,se,,,kuto-kute
sehat,hat,se,,,kuto-kute
sehianat,hianat,se,,,ngeno-ngene
seidup,idup,se,,,merikuq-merikaq
seijuk,ijuk,se,,,general
seilen,ilen,se,,,general
seilham,ilham,se,,,merikuq-merikaq
seilmu,ilmu,se,,,general
seima,ima,se,,,ngeno-ngene
seimbuq,imbuq,se,,,ngeno-ngene
seinan,inan,se,,,general
seinaq,inaq,se,,,kuto-kute
seind,ind,se,,,merikuq-merikaq
seinem,inem,se,,,merikuq-merikaq
seinget,inget,se,,,meno-mene
seiroq,iroq,se,,,general
seisin,isin,se,,,meno-mene
seitem,item,se,,,merikuq-merikaq
seiwoq,iwoq,se,,,meno-mene
sejadah,jadah,se,,,ngeno-ngene
sejagur,jagur,se,,,kuto-kute
sejai,jai,se,,,kuto-kute
sejamaq,jamaq,se,,,ngeno-ngene
sejang,jang,se,,,meno-mene
sejangkih,jangkih,se,,,kuto-kute
sejaran,jaran,se,,,general
sejari,jari,se,,,general
sejawa,jawa,se,,,ngeno-ngene
sejeka,jeka,se,,,ngeno-ngene
sejelo,jelo,se,,,meno-mene
sejembung,jembung,se,,,merikuq-merikaq
sejenazah,jenazah,se,,,meno-mene
sejenget,jenget,se,,,general
sejenis,jenis,se,,,kuto-kute
sejero,jero,se,,,ngeno-ngene
sejinten,jinten,se,,,kuto-kute
sejiwe,jiwe,se,,,meno-mene
sejol,jol,se,,,general
sejongkong,jongkong,se,,,general
sejual,jual,se,,,merikuq-merikaq
sejuaq,juaq,se,,,merikuq-merikaq
sejubah,jubah,se,,,kuto-kute
sejulu,julu,se,,,general
sejuluq,juluq,se,,,ngeno-ngene
sejumadil,jumadil,se,,,ngeno-ngene
sejumat,jumat,se,,,kuto-kute
sekabot,kabot,se,,,kuto-kute
sekadaq,kadaq,se,,,merikuq-merikaq
sekadeng,kadeng,se,,,kuto-kute
sekaget,kaget,se,,,ngeno-ngene
sekagung,kagung,se,,,general
sekaji,kaji,se,,,meno-mene
sekajum,kajum,se,,,ngeno-ngene
sekaka,kaka,se,,,general
sekakaq,kakaq,se,,,merikuq-merikaq
sekaken,kaken,se,,,merikuq-merikaq
sekakoq,kakoq,se,,,merikuq-merikaq
sekali,kali,se,,,general
sekalialah,kalialah,se,,,kuto-kute
sekaling,kaling,se,,,general
sekalung,kalung,se,,,merikuq-merikaq
sekam,kam,se,,,kuto-kute
sekamban,kamban,se,,,meno-mene
sekambes,kambes,se,,,meno-mene
sekambing,kambing,se,,,merikuq-merikaq
sekamboti,kamboti,se,,,merikuq-merikaq
sekamel,kamel,se,,,merikuq-merikaq
sekan,kan,se,,,merikuq-merikaq
sekanak,kanak,se,,,ngeno-ngene
sekance,kance,se,,,merikuq-merikaq
sekancing,kancing,se,,,kuto-kute
sekandoq,kandoq,se,,,ngeno-ngene
sekangen,kangen,se,,,ngeno-ngene
sekangker,kangker,se,,,general
sekangkung,kangkung,se,,,merikuq-merikaq
sekaniayaq,kaniayaq,se,,,general
sekanyir,kanyir,se,,,ngeno-ngene
sekapal,kapal,se,,,kuto-kute
sekapik,kapik,se,,,merikuq-merikaq
sekaq,kaq,se,,,meno-mene
sekarang,karang,se,,,ngeno-ngene
sekarepa,karepa,se,,,merikuq-merikaq
sekaro,karo,se,,,kuto-kute
sekas,kas,se,,,kuto-kute
sekasar,kasar,se,,,ngeno-ngene
sekataq,kataq,se,,,meno-mene
sekaula,kaula,se,,,meno-mene
sekayu,kayu,se,,,merikuq-merikaq
sekayuq,kayuq,se,,,meno-mene
sekeagung,keagung,se,,,meno-mene
sekealim,kealim,se,,,kuto-kute
sekeam,keam,se,,,kuto-kute
sekeamel,keamel,se,,,meno-mene
sekebabas,kebabas,se,,,meno-mene
sekebagus,kebagus,se,,,general
sekebais,kebais,se,,,meno-mene
sekebalik,kebalik,se,,,meno-mene
sekebalika,kebalika,se,,,meno-mene
sekebandel,kebandel,se,,,merikuq-merikaq
sekebangaq,kebangaq,se,,,merikuq-merikaq
sekebanyaq,kebanyaq,se,,,ngeno-ngene
sekebao,kebao,se,,,meno-mene
sekebawaqa,kebawaqa,se,,,kuto-kute
sekebebas,kebebas,se,,,general
sekebebel,kebebel,se,,,general
sekebecat,kebecat,se,,,meno-mene
sekebecik,kebecik,se,,,merikuq-merikaq
sekebedah,kebedah,se,,,kuto-kute
sekebedak,kebedak,se,,,kuto-kute
sekebedeng,kebedeng,se,,,merikuq-merikaq
sekebedu,kebedu,se,,,merikuq-merikaq
sekebega,kebega,se,,,ngeno-ngene
sekebegal,kebegal,se,,,ngeno-ngene
sekebegala,kebegala,se,,,merikuq-merikaq
sekebegaq,kebegaq,se,,,merikuq-merikaq
sekebeket,kebeket,se,,,kuto-kute
sekebekol,kebekol,se,,,ngeno-ngene
sekebel,kebel,se,,,general
sekebelek,kebelek,se,,,ngeno-ngene
sekebeleq,kebeleq,se,,,ngeno-ngene
sekebeler,kebeler,se,,,ngeno-ngene
sekebelet,kebelet,se,,,general
sekebeleta,kebeleta,se,,,merikuq-merikaq
sekebelo,kebelo,se,,,kuto-kute
sekebeloh,kebeloh,se,,,meno-mene
sekebelot,kebelot,se,,,ngeno-ngene
sekebo,kebo,se,,,ngeno-ngene
sekebon,kebon,se,,,general
sekedebong,kedebong,se,,,merikuq-merikaq
sekeh,keh,se,,,merikuq-merikaq
sekejames,kejames,se,,,ngeno-ngene
sekejamesa,kejamesa,se,,,ngeno-ngene
sekel,kel,se,,,general
sekelak,kelak,se,,,ngeno-ngene
sekelambi,kelambi,se,,,general
sekelanjuh,kelanjuh,se,,,kuto-kute
sekelaq,kelaq,se,,,general
sekelek,kelek,se,,,general
sekeloror,keloror,se,,,meno-mene
sekelutut,kelutut,se,,,merikuq-merikaq
sekemadeq,kemadeq,se,,,ngeno-ngene
sekemalem,kemalem,se,,,merikuq-merikaq
sekemareq,kemareq,se,,,meno-mene
sekembalik,kembalik,se,,,merikuq-merikaq
sekembalit,kembalit,se,,,ngeno-ngene
sekembelet,kembelet,se,,,meno-mene
sekentare,kentare,se,,,ngeno-ngene
sekenyamboq,kenyamboq,se,,,kuto-kute
sekenyampoq,kenyampoq,se,,,kuto-kute
sekepeng,kepeng,se,,,meno-mene
sekeradeng,keradeng,se,,,general
sekeragkat,keragkat,se,,,general
sekeraku,keraku,se,,,meno-mene
sekerakuqa,kerakuqa,se,,,ngeno-ngene
sekerama,kerama,se,,,general
sekerangkat,kerangkat,se,,,ngeno-ngene
sekeraro,keraro,se,,,meno-mene
sekeras,keras,se,,,general
sekerdit,kerdit,se,,,ngeno-ngene
sekerepeq,kerepeq,se,,,meno-mene
sekerta,kerta,se,,,kuto-kute
sekerupuk,kerupuk,se,,,merikuq-merikaq
sekeseq,keseq,se,,,meno-mene
sekesimbar,kesimbar,se,,,merikuq-merikaq
seket,ket,se,,,general
seketa,keta,se,,,merikuq-merikaq
sekete,kete,se,,,general
seketujur,ketujur,se,,,merikuq-merikaq
sekikis,kikis,se,,,kuto-kute
sekikit,kikit,se,,,general
sekirim,kirim,se,,,meno-mene
sekitap,kitap,se,,,meno-mene
seklewang,klewang,se,,,ngeno-ngene
sekoah,koah,se,,,merikuq-merikaq
sekocor,kocor,se,,,ngeno-ngene
sekodeq,kodeq,se,,,kuto-kute
sekojor,kojor,se,,,general
sekokoh,kokoh,se,,,ngeno-ngene
sekokoq,kokoq,se,,,general
sekomb,komb,se,,,general
sekomendan,komendan,se,,,merikuq-merikaq
sekonteq,konteq,se,,,general
sekop,kop,se,,,meno-mene
sekoreng,koreng,se,,,ngeno-ngene
sekorong,korong,se,,,kuto-kute
sekorot,korot,se,,,merikuq-merikaq
sekote,kote,se,,,merikuq-merikaq
sekowok,kowok,se,,,meno-mene
sekti,kti,se,,,ngeno-ngene
sekulat,kulat,se,,,general
sekulup,kulup,se,,,general
sekungkuq,kungkuq,se,,,kuto-kute
sekuni,kuni,se,,,ngeno-ngene
sekupi,kupi,se,,,meno-mene
sekurang,kurang,se,,,ngeno-ngene
sekurma,kurma,se,,,ngeno-ngene
selaeq,laeq,se,,,ngeno-ngene
selain,lain,se,,,general
selajah,lajah,se,,,merikuq-merikaq
selajar,lajar,se,,,merikuq-merikaq
selakar,lakar,se,,,meno-mene
selakas,lakas,se,,,meno-mene
selakbak,lakbak,se,,,kuto-kute
selakong,lakong,se,,,kuto-kute
selalo,lalo,se,,,meno-mene
selaloq,laloq,se,,,merikuq-merikaq
selamb,lamb,se,,,merikuq-merikaq
selambah,lambah,se,,,general
selambek,lambek,se,,,meno-mene
selamp,lamp,se,,,general
selampak,lampak,se,,,general
selamun,lamun,se,,,ngeno-ngene
selan,lan,se,,,general
selanat,lanat,se,,,general
selanda,landa,se,,,ngeno-ngene
selandar,landar,se,,,merikuq-merikaq
selang,lang,se,,,ngeno-ngene
selanggaq,langgaq,se,,,kuto-kute
selangit,langit,se,,,general
selangsir,langsir,se,,,merikuq-merikaq
selanja,lanja,se,,,ngeno-ngene
selanjaa,lanjaa,se,,,merikuq-merikaq
selant,lant,se,,,ngeno-ngene
selanting,lanting,se,,,general
selantuk,lantuk,se,,,general
selapar,lapar,se,,,meno-mene
selaqa,laqa,se,,,kuto-kute
selar,lar,se,,,general
selata,lata,se,,,ngeno-ngene
selatung,latung,se,,,ngeno-ngene
selaun,laun,se,,,merikuq-merikaq
selauq,lauq,se,,,general
seledeng,ledeng,se,,,general
seledok,ledok,se,,,meno-mene
selek,lek,se,,,kuto-kute
seleka,leka,se,,,general
selekak,lekak,se,,,general
selekoq,lekoq,se,,,meno-mene
selelasuq,lelasuq,se,,,ngeno-ngene
seleleng,leleng,se,,,kuto-kute
selem,lem,se,,,ngeno-ngene
selemaq,lemaq,se,,,meno-mene
selemba,lemba,se,,,meno-mene
selempok,lempok,se,,,general
selenc,lenc,se,,,meno-mene
selencek,lencek,se,,,merikuq-merikaq
seleng,leng,se,,,merikuq-merikaq
selenge,lenge,se,,,kuto-kute
selenggu,lenggu,se,,,kuto-kute
selep,lep,se,,,merikuq-merikaq
selepaq,lepaq,se,,,kuto-kute
selepas,lepas,se,,,merikuq-merikaq
selepe,lepe,se,,,merikuq-merikaq
seleq,leq,se,,,general
seleqa,leqa,se,,,ngeno-ngene
seler,ler,se,,,meno-mene
seletaq,letaq,se,,,meno-mene
seleteng,leteng,se,,,kuto-kute
selia,lia,se,,,ngeno-ngene
selian,lian,se,,,kuto-kute
selida,lida,se,,,general
selik,lik,se,,,merikuq-merikaq
selikat,likat,se,,,general
selikur,likur,se,,,kuto-kute
selimbing,limbing,se,,,merikuq-merikaq
selincek,lincek,se,,,merikuq-merikaq
selinga,linga,se,,,meno-mene
selinggi,linggi,se,,,kuto-kute
selinjo,linjo,se,,,merikuq-merikaq
selis,lis,se,,,general
selisung,lisung,se,,,ngeno-ngene
seliung,liung,se,,,general
seloa,loa,se,,,ngeno-ngene
seloan,loan,se,,,kuto-kute
seloeq,loeq,se,,,general
seloh,loh,se,,,ngeno-ngene
selohor,lohor,se,,,kuto-kute
selok,lok,se,,,ngeno-ngene
selokeng,lokeng,se,,,kuto-kute
seloking,loking,se,,,kuto-kute
selolo,lolo,se,,,kuto-kute
selolon,lolon,se,,,merikuq-merikaq
selomar,lomar,se,,,merikuq-merikaq
selombok,lombok,se,,,general
selong,long,se,,,meno-mene
selubuk,lubuk,se,,,ngeno-ngene
selueq,lueq,se,,,merikuq-merikaq
selukbuk,lukbuk,se,,,merikuq-merikaq
selur,lur,se,,,ngeno-ngene
selutung,lutung,se,,,ngeno-ngene
semaca,maca,se,,,meno-mene
semadeq,madeq,se,,,ngeno-ngene
semait,mait,se,,,ngeno-ngene
semajah,majah,se,,,meno-mene
semakam,makam,se,,,meno-mene
semalem,malem,se,,,general
semalesa,malesa,se,,,ngeno-ngene
semalik,malik,se,,,merikuq-merikaq
semaling,maling,se,,,kuto-kute
semamah,mamah,se,,,kuto-kute
semambis,mambis,se,,,ngeno-ngene
semambu,mambu,se,,,general
semambuq,mambuq,se,,,ngeno-ngene
semamiq,mamiq,se,,,kuto-kute
semamiqa,mamiqa,se,,,merikuq-merikaq
semamper,mamper,se,,,merikuq-merikaq
semampoh,mampoh,se,,,merikuq-merikaq
semangan,mangan,se,,,meno-mene
semanis,manis,se,,,merikuq-merikaq
semantot,mantot,se,,,ngeno-ngene
semanuk,manuk,se,,,general
semaraq,maraq,se,,,kuto-kute
semareq,mareq,se,,,ngeno-ngene
semasbagiq,masbagiq,se,,,kuto-kute
semata,mata,se,,,meno-mene
sematar,matar,se,,,general
semate,mate,se,,,merikuq-merikaq
semau,mau,se,,,general
semawa,mawa,se,,,ngeno-ngene
semayah,mayah,se,,,ngeno-ngene
semayung,mayung,se,,,meno-mene
semebasa,mebasa,se,,,general
semebera,mebera,se,,,kuto-kute
semedil,medil,se,,,merikuq-merikaq
semegal,megal,se,,,meno-mene
semeja,meja,se,,,meno-mene
semejek,mejek,se,,,merikuq-merikaq
semekah,mekah,se,,,merikuq-merikaq
semel,mel,se,,,meno-mene
semelakbak,melakbak,se,,,kuto-kute
semelaq,melaq,se,,,meno-mene
semelaqa,melaqa,se,,,merikuq-merikaq
semeler,meler,se,,,ngeno-ngene
semeli,meli,se,,,general
semelia,melia,se,,,ngeno-ngene
sememalik,memalik,se,,,merikuq-merikaq
sememayah,memayah,se,,,merikuq-merikaq
sememedah,memedah,se,,,ngeno-ngene
sememedil,memedil,se,,,kuto-kute
sememeler,memeler,se,,,merikuq-merikaq
sememeli,memeli,se,,,general
sememelota,memelota,se,,,meno-mene
sememengga,memengga,se,,,kuto-kute
semenak,menak,se,,,general
semengama,mengama,se,,,kuto-kute
semeraiq,meraiq,se,,,meno-mene
semeraiqa,meraiqa,se,,,meno-mene
semerakona,merakona,se,,,meno-mene
semerama,merama,se,,,meno-mene
semeramaq,meramaq,se,,,general
semerariq,merariq,se,,,merikuq-merikaq
semeriq,meriq,se,,,meno-mene
semeta,meta,se,,,kuto-kute
seminyak,minyak,se,,,merikuq-merikaq
semontor,montor,se,,,kuto-kute
semudi,mudi,se,,,kuto-kute
semukinat,mukinat,se,,,ngeno-ngene
semuling,muling,se,,,ngeno-ngene
senabas,nabas,se,,,meno-mene
senae,nae,se,,,ngeno-ngene
senahi,nahi,se,,,merikuq-merikaq
senalar,nalar,se,,,general
senampat,nampat,se,,,meno-mene
senampet,nampet,se,,,general
senamung,namung,se,,,ngeno-ngene
senan,nan,se,,,general
senanas,nanas,se,,,meno-mene
senang,nang,se,,,general
senanggor,nanggor,se,,,general
senao,nao,se,,,ngeno-ngene
senaos,naos,se,,,meno-mene
senasiq,nasiq,se,,,general
sendaiq,ndaiq,se,,,merikuq-merikaq
sendeq,ndeq,se,,,kuto-kute
senekamba,nekamba,se,,,kuto-kute
seneng,neng,se,,,kuto-kute
seneraka,neraka,se,,,ngeno-ngene
senga,nga,se,,,general
sengac,ngac,se,,,general
sengkiwa,ngkiwa,se,,,general
sengku,ngku,se,,,merikuq-merikaq
senikah,nikah,se,,,merikuq-merikaq
senimpoh,nimpoh,se,,,ngeno-ngene
senina,nina,se,,,kuto-kute
sensu,nsu,se,,,general
sentu,ntu,se,,,merikuq-merikaq
senunggal,nunggal,se,,,meno-mene
senyala,nyala,se,,,kuto-kute
senyale,nyale,se,,,ngeno-ngene
senyalong,nyalong,se,,,merikuq-merikaq
senyalor,nyalor,se,,,ngeno-ngene
senyamasa,nyamasa,se,,,ngeno-ngene
senyambila,nyambila,se,,,general
senyamboq,nyamboq,se,,,general
senyambuq,nyambuq,se,,,general
senyampeq,nyampeq,se,,,merikuq-merikaq
senyatus,nyatus,se,,,general
senyatusa,nyatusa,se,,,merikuq-merikaq
senyet,nyet,se,,,kuto-kute
senyur,nyur,se,,,meno-mene
seocong,ocong,se,,,meno-mene
seodaq,odaq,se,,,ngeno-ngene
seolas,olas,se,,,ngeno-ngene
seombeq,ombeq,se,,,ngeno-ngene
seomber,omber,se,,,meno-mene
seonang,onang,se,,,merikuq-merikaq
seonyaq,onyaq,se,,,meno-mene
seopek,opek,se,,,merikuq-merikaq
seotak,otak,se,,,meno-mene
sepade,pade,se,,,merikuq-merikaq
sepadu,padu,se,,,meno-mene
sepanaq,panaq,se,,,general
sepancer,pancer,se,,,merikuq-merikaq
sepangarat,pangarat,se,,,meno-mene
sepaoq,paoq,se,,,meno-mene
sepapuq,papuq,se,,,kuto-kute
separan,paran,se,,,meno-mene
separdu,pardu,se,,,merikuq-merikaq
sepasek,pasek,se,,,kuto-kute
sepatanah,patanah,se,,,ngeno-ngene
sepati,pati,se,,,merikuq-merikaq
sepayung,payung,se,,,ngeno-ngene
sepealong,pealong,se,,,general
sepebawaq,pebawaq,se,,,kuto-kute
sepebecat,pebecat,se,,,merikuq-merikaq
sepebegaq,pebegaq,se,,,merikuq-merikaq
sepebeleq,pebeleq,se,,,kuto-kute
sepebeloq,pebeloq,se,,,general
sepedang,pedang,se,,,merikuq-merikaq
sepedes,pedes,se,,,ngeno-ngene
sepedis,pedis,se,,,merikuq-merikaq
sepekok,pekok,se,,,meno-mene
sepelajah,pelajah,se,,,kuto-kute
sepelajar,pelajar,se,,,meno-mene
sepelangka,pelangka,se,,,ngeno-ngene
sepeledok,peledok,se,,,ngeno-ngene
sepelentong,pelentong,se,,,merikuq-merikaq
sepelewas,pelewas,se,,,general
sepelungguh,pelungguh,se,,,ngeno-ngene
sepemangku,pemangku,se,,,kuto-kute
sepemareq,pemareq,se,,,meno-mene
sepemekel,pemekel,se,,,meno-mene
sepemeler,pemeler,se,,,ngeno-ngene
sepemutus,pemutus,se,,,meno-mene
sependet,pendet,se,,,meno-mene
sepeneq,peneq,se,,,ngeno-ngene
sepenganten,penganten,se,,,kuto-kute
sepepadu,pepadu,se,,,general
seperadal,peradal,se,,,merikuq-merikaq
seperadok,peradok,se,,,ngeno-ngene
seperaiq,peraiq,se,,,merikuq-merikaq
seperaiqa,peraiqa,se,,,kuto-kute
seperajah,perajah,se,,,general
seperajaha,perajaha,se,,,kuto-kute
seperakon,perakon,se,,,merikuq-merikaq
seperakona,perakona,se,,,merikuq-merikaq
seperakuq,perakuq,se,,,ngeno-ngene
seperalat,peralat,se,,,meno-mene
seperalis,peralis,se,,,kuto-kute
seperama,perama,se,,,merikuq-merikaq
seperamaq,peramaq,se,,,meno-mene
seperang,perang,se,,,ngeno-ngene
seperangen,perangen,se,,,merikuq-merikaq
seperangguq,perangguq,se,,,merikuq-merikaq
seperangken,perangken,se,,,merikuq-merikaq
seperantiq,perantiq,se,,,kuto-kute
seperara,perara,se,,,kuto-kute
seperas,peras,se,,,meno-mene
seperatas,peratas,se,,,meno-mene
seperateq,perateq,se,,,meno-mene
sepermamiq,permamiq,se,,,ngeno-ngene
sepetak,petak,se,,,merikuq-merikaq
sepetung,petung,se,,,merikuq-merikaq
sepiatu,piatu,se,,,ngeno-ngene
sepikir,pikir,se,,,general
sepil,pil,se,,,meno-mene
sepinaq,pinaq,se,,,ngeno-ngene
sepinyak,pinyak,se,,,merikuq-merikaq
sepireq,pireq,se,,,general
sepiring,piring,se,,,kuto-kute
sepisuara,pisuara,se,,,kuto-kute
sepitung,pitung,se,,,meno-mene
sepramamiq,pramamiq,se,,,kuto-kute
sepraya,praya,se,,,meno-mene
sepugut,pugut,se,,,ngeno-ngene
sepujut,pujut,se,,,meno-mene
sepulek,pulek,se,,,general
sepulisi,pulisi,se,,,merikuq-merikaq
sepulu,pulu,se,,,merikuq-merikaq
sepuntiq,puntiq,se,,,kuto-kute
sepuser,puser,se,,,kuto-kute
sepusut,pusut,se,,,ngeno-ngene
seputri,putri,se,,,ngeno-ngene
seqan,qan,se,,,general
serabiul,rabiul,se,,,general
seraden,raden,se,,,merikuq-merikaq
seradi,radi,se,,,kuto-kute
serahir,rahir,se,,,general
seraj,raj,se,,,merikuq-merikaq
seralis,ralis,se,,,merikuq-merikaq
serambok,rambok,se,,,meno-mene
serambu,rambu,se,,,kuto-kute
serand,rand,se,,,meno-mene
serani,rani,se,,,merikuq-merikaq
serantiq,rantiq,se,,,meno-mene
seraos,raos,se,,,kuto-kute
serari,rari,se,,,kuto-kute
seras,ras,se,,,kuto-kute
seratu,ratu,se,,,ngeno-ngene
seratur,ratur,se,,,general
serau,rau,se,,,ngeno-ngene
serawak,rawak,se,,,merikuq-merikaq
serebo,rebo,se,,,merikuq-merikaq
serek,rek,se,,,general
serekeng,rekeng,se,,,merikuq-merikaq
serekia,rekia,se,,,merikuq-merikaq
sereng,reng,se,,,general
serengkem,rengkem,se,,,merikuq-merikaq
serepes,repes,se,,,merikuq-merikaq
sereq,req,se,,,kuto-kute
sereragi,reragi,se,,,general
sererek,rerek,se,,,kuto-kute
seres,res,se,,,merikuq-merikaq
seribut,ribut,se,,,merikuq-merikaq
sering,ring,se,,,merikuq-merikaq
seriq,riq,se,,,merikuq-merikaq
seroas,roas,se,,,general
seroboh,roboh,se,,,general
serong,rong,se,,,merikuq-merikaq
seroq,roq,se,,,general
seros,ros,se,,,meno-mene
serua,rua,se,,,kuto-kute
serujak,rujak,se,,,ngeno-ngene
seruq,ruq,se,,,meno-mene
sesai,sai,se,,,kuto-kute
sesaidina,saidina,se,,,ngeno-ngene
sesaiq,saiq,se,,,kuto-kute
sesajaq,sajaq,se,,,general
sesakit,sakit,se,,,meno-mene
sesakra,sakra,se,,,kuto-kute
sesalak,salak,se,,,ngeno-ngene
sesalaq,salaq,se,,,general
sesaleh,saleh,se,,,ngeno-ngene
sesaling,saling,se,,,merikuq-merikaq
sesamas,samas,se,,,general
sesamasa,samasa,se,,,general
sesambel,sambel,se,,,merikuq-merikaq
sesambil,sambil,se,,,merikuq-merikaq
sesambila,sambila,se,,,merikuq-merikaq
sesampi,sampi,se,,,ngeno-ngene
sesampoq,sampoq,se,,,merikuq-merikaq
sesand,sand,se,,,kuto-kute
sesangkakala,sangkakala,se,,,ngeno-ngene
sesangu,sangu,se,,,general
sesarak,sarak,se,,,general
sesari,sari,se,,,meno-mene
sesasak,sasak,se,,,meno-mene
sesatak,satak,se,,,meno-mene
sesatus,satus,se,,,merikuq-merikaq
sesaur,saur,se,,,general
sesawa,sawa,se,,,kuto-kute
sesayo,sayo,se,,,kuto-kute
sesayur,sayur,se,,,meno-mene
sesia,sia,se,,,meno-mene
sesiar,siar,se,,,kuto-kute
sesida,sida,se,,,general
seside,side,se,,,kuto-kute
sesili,sili,se,,,meno-mene
sesip,sip,se,,,kuto-kute
sesiu,siu,se,,,general
sesolah,solah,se,,,meno-mene
sesongket,songket,se,,,meno-mene
sesongkoq,songkoq,se,,,merikuq-merikaq
sesten,sten,se,,,ngeno-ngene
sesuah,suah,se,,,kuto-kute
sesubuh,subuh,se,,,meno-mene
sesugul,sugul,se,,,kuto-kute
sesumpah,sumpah,se,,,general
sesuna,suna,se,,,meno-mene
sesuralaga,suralaga,se,,,merikuq-merikaq
sesusu,susu,se,,,kuto-kute
setab,tab,se,,,ngeno-ngene
setabas,tabas,se,,,general
setabek,tabek,se,,,general
setaben,taben,se,,,meno-mene
setabih,tabih,se,,,meno-mene
setabut,tabut,se,,,general
setac,tac,se,,,meno-mene
setad,tad,se,,,general
setadah,tadah,se,,,general
setadas,tadas,se,,,meno-mene
setadeq,tadeq,se,,,ngeno-ngene
setadil,tadil,se,,,merikuq-merikaq
setadok,tadok,se,,,kuto-kute
setadon,tadon,se,,,meno-mene
setadong,tadong,se,,,meno-mene
setadu,tadu,se,,,meno-mene
setaduk,taduk,se,,,meno-mene
setaek,taek,se,,,kuto-kute
setagiq,tagiq,se,,,meno-mene
setagum,tagum,se,,,ngeno-ngene
setai,tai,se,,,general
setain,tain,se,,,meno-mene
setajah,tajah,se,,,merikuq-merikaq
setajaq,tajaq,se,,,ngeno-ngene
setaji,taji,se,,,ngeno-ngene
setajum,tajum,se,,,general
setakal,takal,se,,,general
setakon,takon,se,,,merikuq-merikaq
setakuq,takuq,se,,,general
setal,tal,se,,,ngeno-ngene
setalam,talam,se,,,ngeno-ngene
setaleh,taleh,se,,,ngeno-ngene
setali,tali,se,,,general
setalir,talir,se,,,kuto-kute
setalong,talong,se,,,ngeno-ngene
setalu,talu,se,,,general
setalung,talung,se,,,meno-mene
setalur,talur,se,,,meno-mene
setama,tama,se,,,merikuq-merikaq
setamah,tamah,se,,,kuto-kute
setamaq,tamaq,se,,,meno-mene
setamar,tamar,se,,,ngeno-ngene
setamas,tamas,se,,,ngeno-ngene
setambal,tambal,se,,,kuto-kute
setambea,tambea,se,,,ngeno-ngene
setambel,tambel,se,,,meno-mene
setamben,tamben,se,,,merikuq-merikaq
setambeng,tambeng,se,,,kuto-kute
setambes,tambes,se,,,ngeno-ngene
setambong,tambong,se,,,kuto-kute
setambuq,tambuq,se,,,general
setamer,tamer,se,,,general
setames,tames,se,,,ngeno-ngene
setamet,tamet,se,,,meno-mene
setamok,tamok,se,,,ngeno-ngene
setamong,tamong,se,,,meno-mene
setampar,tampar,se,,,kuto-kute
setampat,tampat,se,,,general
setampes,tampes,se,,,meno-mene
setampet,tampet,se,,,kuto-kute
setampik,tampik,se,,,merikuq-merikaq
setampok,tampok,se,,,meno-mene
setampuk,tampuk,se,,,merikuq-merikaq
setamuk,tamuk,se,,,ngeno-ngene
setanah,tanah,se,,,ngeno-ngene
setanaq,tanaq,se,,,ngeno-ngene
setancot,tancot,se,,,kuto-kute
setand,tand,se,,,merikuq-merikaq
setandek,tandek,se,,,meno-mene
setandok,tandok,se,,,ngeno-ngene
setandos,tandos,se,,,merikuq-merikaq
setanduk,tanduk,se,,,kuto-kute
setang,tang,se,,,kuto-kute
setanget,tanget,se,,,ngeno-ngene
setanggah,tanggah,se,,,kuto-kute
setanggep,tanggep,se,,,kuto-kute
setanggung,tanggung,se,,,general
setangguq,tangguq,se,,,merikuq-merikaq
setangkat,tangkat,se,,,kuto-kute
setangkel,tangkel,se,,,meno-mene
setangkon,tangkon,se,,,merikuq-merikaq
setangkut,tangkut,se,,,ngeno-ngene
setangsor,tangsor,se,,,kuto-kute
setangsuh,tangsuh,se,,,general
setangsul,tangsul,se,,,merikuq-merikaq
setangsur,tangsur,se,,,meno-mene
setaniayaq,taniayaq,se,,,kuto-kute
setanjah,tanjah,se,,,meno-mene
setanjar,tanjar,se,,,meno-mene
setanjek,tanjek,se,,,merikuq-merikaq
setanjur,tanjur,se,,,ngeno-ngene
setansuh,tansuh,se,,,ngeno-ngene
setantem,tantem,se,,,general
setantep,tantep,se,,,ngeno-ngene
setantih,tantih,se,,,meno-mene
setantiq,tantiq,se,,,meno-mene
setanton,tanton,se,,,meno-mene
setantos,tantos,se,,,meno-mene
setantuq,tantuq,se,,,kuto-kute
setanuq,tanuq,se,,,merikuq-merikaq
setaon,taon,se,,,ngeno-ngene
setap,tap,se,,,general
setapah,tapah,se,,,meno-mene
setapal,tapal,se,,,general
setapen,tapen,se,,,meno-mene
setapeq,tapeq,se,,,ngeno-ngene
setapit,tapit,se,,,ngeno-ngene
setapsila,tapsila,se,,,kuto-kute
setapuh,tapuh,se,,,kuto-kute
setapur,tapur,se,,,meno-mene
setapus,tapus,se,,,kuto-kute
setar,tar,se,,,kuto-kute
setarah,tarah,se,,,merikuq-merikaq
setarat,tarat,se,,,kuto-kute
setarem,tarem,se,,,ngeno-ngene
setarep,tarep,se,,,ngeno-ngene
setareq,tareq,se,,,general
setarok,tarok,se,,,ngeno-ngene
setarot,tarot,se,,,meno-mene
setarti,tarti,se,,,ngeno-ngene
setasaq,tasaq,se,,,merikuq-merikaq
setaser,taser,se,,,kuto-kute
setater,tater,se,,,ngeno-ngene
setatong,tatong,se,,,ngeno-ngene
setatuh,tatuh,se,,,ngeno-ngene
setatur,tatur,se,,,general
setau,tau,se,,,kuto-kute
setaun,taun,se,,,kuto-kute
setaut,taut,se,,,kuto-kute
setawah,tawah,se,,,kuto-kute
setawaq,tawaq,se,,,ngeno-ngene
setawas,tawas,se,,,kuto-kute
setawek,tawek,se,,,general
setawis,tawis,se,,,merikuq-merikaq
setawon,tawon,se,,,merikuq-merikaq
setawor,tawor,se,,,general
setayaq,tayaq,se,,,meno-mene
seteh,teh,se,,,kuto-kute
setek,tek,se,,,meno-mene
setekan,tekan,se,,,merikuq-merikaq
setelih,telih,se,,,kuto-kute
seteloq,teloq,se,,,meno-mene
setelu,telu,se,,,merikuq-merikaq
setiang,tiang,se,,,ngeno-ngene
setiken,tiken,se,,,merikuq-merikaq
setimuq,timuq,se,,,general
setindok,tindok,se,,,merikuq-merikaq
setiti,titi,se,,,ngeno-ngene
setiwoq,tiwoq,se,,,meno-mene
setiy,tiy,se,,,kuto-kute
setiyang,tiyang,se,,,meno-mene
setoaq,toaq,se,,,meno-mene
setok,tok,se,,,meno-mene
setolang,tolang,se,,,merikuq-merikaq
seton,ton,se,,,kuto-kute
setoya,toya,se,,,merikuq-merikaq
setuak,tuak,se,,,general
setuan,tuan,se,,,general
setubaj,tubaj,se,,,ngeno-ngene
setugu,tugu,se,,,kuto-kute
setujaq,tujaq,se,,,meno-mene
setuk,tuk,se,,,general
setulis,tulis,se,,,kuto-kute
setulung,tulung,se,,,meno-mene
setunggal,tunggal,se,,,ngeno-ngene
setunjuk,tunjuk,se,,,ngeno-ngene
setuntut,tuntut,se,,,general
seturis,turis,se,,,general
seturun,turun,se,,,general
setutul,tutul,se,,,merikuq-merikaq
setutuq,tutuq,se,,,general
seugama,ugama,se,,,merikuq-merikaq
seugaq,ugaq,se,,,merikuq-merikaq
seulu,ulu,se,,,kuto-kute
seumbaq,umbaq,se,,,merikuq-merikaq
seuni,uni,se,,,general
seurup,urup,se,,,kuto-kute
sewah,wah,se,,,ngeno-ngene
sewaktu,waktu,se,,,kuto-kute
sewaris,waris,se,,,meno-mene
sewaru,waru,se,,,ngeno-ngene
sewestu,westu,se,,,merikuq-merikaq
sewong,wong,se,,,merikuq-merikaq
seyaqkup,yaqkup,se,,,meno-mene
seyatim,yatim,se,,,kuto-kute
kaabah,abah,ka,,,kuto-kute
kaabak,abak,ka,,,ngeno-ngene
kaaban,aban,ka,,,meno-mene
kaabang,abang,ka,,,kuto-kute
kaabar,abar,ka,,,general
kaabas,abas,ka,,,kuto-kute
kaabat,abat,ka,,,ngeno-ngene
kaabek,abek,ka,,,merikuq-merikaq
kaaben,aben,ka,,,ngeno-ngene
kaabena,abena,ka,,,meno-mene
kaaber,aber,ka,,,meno-mene
kaabih,abih,ka,,,general
kaabon,abon,ka,,,kuto-kute
kaabong,abong,ka,,,kuto-kute
kaabot,abot,ka,,,meno-mene
kaabu,abu,ka,,,meno-mene
kaabuk,abuk,ka,,,kuto-kute
kaabut,abut,ka,,,kuto-kute
kaabuta,abuta,ka,,,general
kaacan,acan,ka,,,ngeno-ngene
kaaceh,aceh,ka,,,kuto-kute
kaaci,aci,ka,,,merikuq-merikaq
kaacih,acih,ka,,,meno-mene
kaacong,acong,ka,,,ngeno-ngene
kaadah,adah,ka,,,general
kaadal,adal,ka,,,meno-mene
kaadala,adala,ka,,,merikuq-merikaq
kaadam,adam,ka,,,kuto-kute
kaadang,adang,ka,,,merikuq-merikaq
kaadap,adap,ka,,,ngeno-ngene
kaadar,adar,ka,,,ngeno-ngene
kaadas,adas,ka,,,general
kaadasa,adasa,ka,,,meno-mene
kaadat,adat,ka,,,merikuq-merikaq
kaadata,adata,ka,,,merikuq-merikaq
kaadek,adek,ka,,,ngeno-ngene
kaadel,adel,ka,,,kuto-kute
kaadem,adem,ka,,,kuto-kute
kaaden,aden,ka,,,meno-mene
kaadeng,adeng,ka,,,ngeno-ngene
kaadenga,adenga,ka,,,merikuq-merikaq
kaadep,adep,ka,,,ngeno-ngene
kaadeq,adeq,ka,,,meno-mene
kaadeqa,adeqa,ka,,,meno-mene
kaadi,adi,ka,,,merikuq-merikaq
kaadik,adik,ka,,,ngeno-ngene
kaadil,adil,ka,,,general
kaading,ading,ka,,,general
kaadiq,adiq,ka,,,meno-mene
kaaditya,aditya,ka,,,meno-mene
kaado,ado,ka,,,kuto-kute
kaadoh,adoh,ka,,,kuto-kute
kaadok,adok,ka,,,kuto-kute
kaadoka,adoka,ka,,,kuto-kute
kaadon,adon,ka,,,meno-mene
kaadona,adona,ka,,,general
kaadoq,adoq,ka,,,merikuq-merikaq
kaadu,adu,ka,,,general
kaadua,adua,ka,,,meno-mene
kaaduh,aduh,ka,,,ngeno-ngene
kaaduk,aduk,ka,,,general
kaaer,aer,ka,,,kuto-kute
kaagama,agama,ka,,,meno-mene
kaagas,agas,ka,,,merikuq-merikaq
kaagat,agat,ka,,,kuto-kute
kaagel,agel,ka,,,ngeno-ngene
kaagem,agem,ka,,,general
kaagen,agen,ka,,,meno-mene
kaageq,ageq,ka,,,ngeno-ngene
kaaget,aget,ka,,,meno-mene
kaagin,agin,ka,,,general
kaagiq,agiq,ka,,,merikuq-merikaq
kaagiqa,agiqa,ka,,,general
kaagir,agir,ka,,,general
kaagit,agit,ka,,,general
kaagol,agol,ka,,,general
kaagola,agola,ka,,,meno-mene
kaagon,agon,ka,,,ngeno-ngene
kaagu,agu,ka,,,meno-mene
kaaguk,aguk,ka,,,meno-mene
kaagul,agul,ka,,,merikuq-merikaq
kaagum,agum,ka,,,merikuq-merikaq
kaagun,agun,ka,,,general
kaagung,agung,ka,,,merikuq-merikaq
kaagunga,agunga,ka,,,kuto-kute
kaagus,agus,ka,,,meno-mene
kaahat,ahat,ka,,,general
kaahbakaq,ahbakaq,ka,,,kuto-kute
kaahbantar,ahbantar,ka,,,kuto-kute
kaahbebet,ahbebet,ka,,,meno-mene
kaaherat,aherat,ka,,,merikuq-merikaq
kaahir,ahir,ka,,,meno-mene
kaahlak,ahlak,ka,,,kuto-kute
kaahli,ahli,ka,,,merikuq-merikaq
kaahmat,ahmat,ka,,,ngeno-ngene
kaaikmel,aikmel,ka,,,general
kaain,ain,ka,,,merikuq-merikaq
kaaing,aing,ka,,,ngeno-ngene
kaaip,aip,ka,,,merikuq-merikaq
kaaiq,aiq,ka,,,kuto-kute
kaaiqa,aiqa,ka,,,general
kaair,air,ka,,,kuto-kute
kaajah,ajah,ka,,,meno-mene
kaajaha,ajaha,ka,,,ngeno-ngene
kaajaip,ajaip,ka,,,ngeno-ngene
kaajak,ajak,ka,,,merikuq-merikaq
kaajal,ajal,ka,,,merikuq-merikaq
kaajaq,ajaq,ka,,,merikuq-merikaq
kaajaqa,ajaqa,ka,,,general
kaajar,ajar,ka,,,meno-mene
kaajara,ajara,ka,,,general
kaajat,ajat,ka,,,merikuq-merikaq
kaaji,aji,ka,,,meno-mene
kaajia,ajia,ka,,,merikuq-merikaq
kaajimat,ajimat,ka,,,meno-mene
kaajiq,ajiq,ka,,,meno-mene
kaajir,ajir,ka,,,kuto-kute
kaajo,ajo,ka,,,general
kaajong,ajong,ka,,,general
kaajonga,ajonga,ka,,,merikuq-merikaq
kaajor,ajor,ka,,,ngeno-ngene
kaajum,ajum,ka,,,merikuq-merikaq
kaajur,ajur,ka,,,merikuq-merikaq
kaakah,akah,ka,,,meno-mene
kaakal,akal,ka,,,kuto-kute
kaakala,akala,ka,,,general
kaakan,akan,ka,,,general
kaakaq,akaq,ka,,,general
kaakar,akar,ka,,,meno-mene
kaakat,akat,ka,,,ngeno-ngene
kaakata,akata,ka,,,ngeno-ngene
kaakbar,akbar,ka,,,kuto-kute
kaaki,aki,ka,,,ngeno-ngene
kaakik,akik,ka,,,meno-mene
kaakikah,akikah,ka,,,general
kaakikat,akikat,ka,,,merikuq-merikaq
kaakil,akil,ka,,,meno-mene
kaakon,akon,ka,,,ngeno-ngene
kaakor,akor,ka,,,kuto-kute
kaakora,akora,ka,,,ngeno-ngene
kaaksama,aksama,ka,,,ngeno-ngene
kaaksara,aksara,ka,,,general
kaaksaraa,aksaraa,ka,,,ngeno-ngene
kaaksi,aksi,ka,,,kuto-kute
kaaku,aku,ka,,,meno-mene
kaakua,akua,ka,,,merikuq-merikaq
kaakup,akup,ka,,,merikuq-merikaq
kaakuq,akuq,ka,,,merikuq-merikaq
kaakur,akur,ka,,,general
kaala,ala,ka,,,meno-mene
kaalah,alah,ka,,,kuto-kute
kaalal,alal,ka,,,meno-mene
kaalala,alala,ka,,,general
kaalam,alam,ka,,,meno-mene
kaalamat,alamat,ka,,,meno-mene
kaalamata,alamata,ka,,,kuto-kute
kaalang,alang,ka,,,kuto-kute
kaalap,alap,ka,,,ngeno-ngene
kaalar,alar,ka,,,kuto-kute
kaalas,alas,ka,,,merikuq-merikaq
kaalat,alat,ka,,,meno-mene
kaale,ale,ka,,,ngeno-ngene
kaaleh,aleh,ka,,,meno-mene
kaaleha,aleha,ka,,,general
kaalek,alek,ka,,,general
kaalem,alem,ka,,,meno-mene
kaalema,alema,ka,,,kuto-kute
kaaleng,aleng,ka,,,ngeno-ngene
kaalep,alep,ka,,,merikuq-merikaq
kaaleq,aleq,ka,,,ngeno-ngene
kaales,ales,ka,,,meno-mene
kaalet,alet,ka,,,general
kaaleta,aleta,ka,,,kuto-kute
kaalhak,alhak,ka,,,kuto-kute
kaali,ali,ka,,,kuto-kute
kaalialah,alialah,ka,,,merikuq-merikaq
kaalias,alias,ka,,,ngeno-ngene
kaalim,alim,ka,,,ngeno-ngene
kaaling,aling,ka,,,merikuq-merikaq
kaalip,alip,ka,,,merikuq-merikaq
kaalir,alir,ka,,,merikuq-merikaq
kaalira,alira,ka,,,meno-mene
kaalis,alis,ka,,,ngeno-ngene
kaalit,alit,ka,,,merikuq-merikaq
kaalkas,alkas,ka,,,meno-mene
kaalo,alo,ka,,,merikuq-merikaq
kaaloh,aloh,ka,,,kuto-kute
kaalok,alok,ka,,,merikuq-merikaq
kaaloka,aloka,ka,,,general
kaalon,alon,ka,,,general
kaalona,alona,ka,,,general
kaalong,along,ka,,,ngeno-ngene
kaalor,alor,ka,,,meno-mene
kaalos,alos,ka,,,merikuq-merikaq
kaalot,alot,ka,,,merikuq-merikaq
kaalu,alu,ka,,,merikuq-merikaq
kaaluat,aluat,ka,,,ngeno-ngene
kaaluh,aluh,ka,,,ngeno-ngene
kaaluha,aluha,ka,,,meno-mene
kaalung,alung,ka,,,general
kaaluq,aluq,ka,,,kuto-kute
kaalur,alur,ka,,,meno-mene
kaalura,alura,ka,,,merikuq-merikaq
kaalus,alus,ka,,,ngeno-ngene
kaalusa,alusa,ka,,,kuto-kute
kaama,ama,ka,,,meno-mene
kaamah,amah,ka,,,merikuq-merikaq
kaamal,amal,ka,,,kuto-kute
kaamala,amala,ka,,,meno-mene
kaaman,aman,ka,,,ngeno-ngene
kaamana,amana,ka,,,general
kaamanah,amanah,ka,,,kuto-kute
kaamanat,amanat,ka,,,kuto-kute
kaamanata,amanata,ka,,,merikuq-merikaq
kaamaq,amaq,ka,,,general
kaamar,amar,ka,,,merikuq-merikaq
kaamas,amas,ka,,,ngeno-ngene
kaamat,amat,ka,,,general
kaamb,amb,ka,,,meno-mene
kaamba,amba,ka,,,merikuq-merikaq
kaambal,ambal,ka,,,kuto-kute
kaambar,ambar,ka,,,kuto-kute
kaambara,ambara,ka,,,kuto-kute
kaambe,ambe,ka,,,meno-mene
kaambek,ambek,ka,,,merikuq-merikaq
kaambel,ambel,ka,,,kuto-kute
kaamben,amben,ka,,,kuto-kute
kaambeng,ambeng,ka,,,merikuq-merikaq
kaambes,ambes,ka,,,merikuq-merikaq
kaambik,ambik,ka,,,general
kaambil,ambil,ka,,,kuto-kute
kaambila,ambila,ka,,,meno-mene
kaambis,ambis,ka,,,ngeno-ngene
kaambon,ambon,ka,,,meno-mene
kaambong,ambong,ka,,,kuto-kute
kaamboq,amboq,ka,,,merikuq-merikaq
kaambor,ambor,ka,,,meno-mene
kaambu,ambu,ka,,,ngeno-ngene
kaambuk,ambuk,ka,,,merikuq-merikaq
kaambul,ambul,ka,,,ngeno-ngene
kaambula,ambula,ka,,,kuto-kute
kaambuq,ambuq,ka,,,meno-mene
kaambur,ambur,ka,,,merikuq-merikaq
kaambura,ambura,ka,,,merikuq-merikaq
kaamek,amek,ka,,,meno-mene
kaamel,amel,ka,,,ngeno-ngene
kaameng,ameng,ka,,,merikuq-merikaq
kaameq,ameq,ka,,,meno-mene
kaamer,amer,ka,,,kuto-kute
kaamera,amera,ka,,,ngeno-ngene
kaames,ames,ka,,,ngeno-ngene
kaamesa,amesa,ka,,,ngeno-ngene
kaamet,amet,ka,,,kuto-kute
kaami,ami,ka,,,ngeno-ngene
kaamil,amil,ka,,,general
kaamin,amin,ka,,,merikuq-merikaq
kaamina,amina,ka,,,merikuq-merikaq
kaamiq,amiq,ka,,,merikuq-merikaq
kaamiqa,amiqa,ka,,,kuto-kute
kaamir,amir,ka,,,ngeno-ngene
kaamit,amit,ka,,,merikuq-merikaq
kaamok,amok,ka,,,merikuq-merikaq
kaamong,among,ka,,,merikuq-merikaq
kaamor,amor,ka,,,meno-mene
kaamoria,amoria,ka,,,ngeno-ngene
kaamp,amp,ka,,,kuto-kute
kaampa,ampa,ka,,,general
kaampah,ampah,ka,,,kuto-kute
kaampaha,ampaha,ka,,,general
kaampak,ampak,ka,,,general
kaampao,ampao,ka,,,meno-mene
kaampar,ampar,ka,,,ngeno-ngene
kaampat,ampat,ka,,,merikuq-merikaq
kaampel,ampel,ka,,,general
kaampen,ampen,ka,,,ngeno-ngene
kaamper,amper,ka,,,meno-mene
kaampes,ampes,ka,,,merikuq-merikaq
kaampesa,ampesa,ka,,,ngeno-ngene
kaampet,ampet,ka,,,ngeno-ngene
kaampeta,ampeta,ka,,,general
kaampi,ampi,ka,,,general
kaampia,ampia,ka,,,ngeno-ngene
kaampik,ampik,ka,,,general
kaampil,ampil,ka,,,general
kaampiq,ampiq,ka,,,ngeno-ngene
kaampir,ampir,ka,,,general
kaampoh,ampoh,ka,,,merikuq-merikaq
kaampok,ampok,ka,,,ngeno-ngene
kaampoq,ampoq,ka,,,ngeno-ngene
kaampu,ampu,ka,,,ngeno-ngene
kaampuk,ampuk,ka,,,merikuq-merikaq
kaampun,ampun,ka,,,ngeno-ngene
kaampuna,ampuna,ka,,,kuto-kute
kaampung,ampung,ka,,,meno-mene
kaampura,ampura,ka,,,ngeno-ngene
kaampuray,ampuray,ka,,,meno-mene
kaamsah,amsah,ka,,,meno-mene
kaamu,amu,ka,,,meno-mene
kaamuk,amuk,ka,,,merikuq-merikaq
kaamung,amung,ka,,,kuto-kute
kaamuq,amuq,ka,,,ngeno-ngene
kaanak,anak,ka,,,kuto-kute
kaanaka,anaka,ka,,,kuto-kute
kaanang,anang,ka,,,kuto-kute
kaancak,ancak,ka,,,merikuq-merikaq
kaancar,ancar,ka,,,general
kaancot,ancot,ka,,,meno-mene
kaandam,andam,ka,,,general
kaandang,andang,ka,,,kuto-kute
kaandanga,andanga,ka,,,meno-mene
kaandar,andar,ka,,,meno-mene
kaandara,andara,ka,,,merikuq-merikaq
kaande,ande,ka,,,general
kaandea,andea,ka,,,general
kaandek,andek,ka,,,kuto-kute
kaandeka,andeka,ka,,,general
kaandel,andel,ka,,,ngeno-ngene
kaandela,andela,ka,,,kuto-kute
kaanden,anden,ka,,,merikuq-merikaq
kaander,ander,ka,,,ngeno-ngene
kaandika,andika,ka,,,general
kaandikaa,andikaa,ka,,,general
kaandong,andong,ka,,,general
kaandonga,andonga,ka,,,meno-mene
kaandos,andos,ka,,,general
kaandosa,andosa,ka,,,kuto-kute
kaanduk,anduk,ka,,,general
kaaneh,aneh,ka,,,general
kaang,ang,ka,,,merikuq-merikaq
kaangas,angas,ka,,,meno-mene
kaangasa,angasa,ka,,,meno-mene
kaangen,angen,ka,,,merikuq-merikaq
kaangena,angena,ka,,,general
kaanget,anget,ka,,,general
kaangeta,angeta,ka,,,ngeno-ngene
kaanggah,anggah,ka,,,meno-mene
kaanggar,anggar,ka,,,meno-mene
kaanggara,anggara,ka,,,merikuq-merikaq
kaanggek,anggek,ka,,,merikuq-merikaq
kaanggep,anggep,ka,,,ngeno-ngene
kaanggepa,anggepa,ka,,,merikuq-merikaq
kaanggo,anggo,ka,,,kuto-kute
kaanggop,anggop,ka,,,kuto-kute
kaanggopa,anggopa,ka,,,general
kaanggoq,anggoq,ka,,,kuto-kute
kaanggoqa,anggoqa,ka,,,general
kaanggor,anggor,ka,,,merikuq-merikaq
kaangguk,angguk,ka,,,meno-mene
kaangguq,angguq,ka,,,ngeno-ngene
kaanggur,anggur,ka,,,meno-mene
kaanggura,anggura,ka,,,general
kaangin,angin,ka,,,general
kaangk,angk,ka,,,meno-mene
kaangka,angka,ka,,,kuto-kute
kaangkaq,angkaq,ka,,,merikuq-merikaq
kaangkat,angkat,ka,,,kuto-kute
kaangkata,angkata,ka,,,merikuq-merikaq
kaangken,angken,ka,,,kuto-kute
kaangker,angker,ka,,,kuto-kute
kaangkon,angkon,ka,,,meno-mene
kaangkos,angkos,ka,,,meno-mene
kaangkot,angkot,ka,,,meno-mene
kaangku,angku,ka,,,meno-mene
kaangkumpe,angkumpe,ka,,,kuto-kute
kaangkunda,angkunda,ka,,,meno-mene
kaangkungku,angkungku,ka,,,kuto-kute
kaangkunta,angkunta,ka,,,merikuq-merikaq
kaangkus,angkus,ka,,,general
kaangkut,angkut,ka,,,merikuq-merikaq
kaangop,angop,ka,,,general
kaangpao,angpao,ka,,,meno-mene
kaangsa,angsa,ka,,,merikuq-merikaq
kaangsana,angsana,ka,,,general
kaangsel,angsel,ka,,,meno-mene
kaangsela,angsela,ka,,,ngeno-ngene
kaangsok,angsok,ka,,,general
kaangsor,angsor,ka,,,kuto-kute
kaangsora,angsora,ka,,,ngeno-ngene
kaangsuh,angsuh,ka,,,merikuq-merikaq
kaangsul,angsul,ka,,,meno-mene
kaangsur,angsur,ka,,,general
kaaniayaq,aniayaq,ka,,,ngeno-ngene
kaaning,aning,ka,,,general
kaaniq,aniq,ka,,,meno-mene
kaanjah,anjah,ka,,,general
kaanjani,anjani,ka,,,ngeno-ngene
kaanjar,anjar,ka,,,meno-mene
kaanjara,anjara,ka,,,general
kaanjek,anjek,ka,,,kuto-kute
kaanjeka,anjeka,ka,,,merikuq-merikaq
kaanjeng,anjeng,ka,,,general
kaanjenga,anjenga,ka,,,general
kaanjok,anjok,ka,,,meno-mene
kaanjoka,anjoka,ka,,,kuto-kute
kaanjul,anjul,ka,,,ngeno-ngene
kaanjung,anjung,ka,,,ngeno-ngene
kaanjur,anjur,ka,,,general
kaanjura,anjura,ka,,,ngeno-ngene
kaano,ano,ka,,,general
kaansel,ansel,ka,,,kuto-kute
kaansen,ansen,ka,,,kuto-kute
kaansor,ansor,ka,,,ngeno-ngene
kaansuh,ansuh,ka,,,meno-mene
kaansuha,ansuha,ka,,,kuto-kute
kaansul,ansul,ka,,,kuto-kute
kaansun,ansun,ka,,,kuto-kute
kaanta,anta,ka,,,kuto-kute
kaantaa,antaa,ka,,,ngeno-ngene
kaantap,antap,ka,,,general
kaantem,antem,ka,,,general
kaantema,antema,ka,,,general
kaantep,antep,ka,,,meno-mene
kaantih,antih,ka,,,merikuq-merikaq
kaanting,anting,ka,,,general
kaantiq,antiq,ka,,,kuto-kute
kaantiqa,antiqa,ka,,,meno-mene
kaanton,anton,ka,,,kuto-kute
kaantos,antos,ka,,,kuto-kute
kaantu,antu,ka,,,meno-mene
kaantuk,antuk,ka,,,kuto-kute
kaantuka,antuka,ka,,,kuto-kute
kaantuq,antuq,ka,,,general
kaantuqa,antuqa,ka,,,merikuq-merikaq
kaanuq,anuq,ka,,,ngeno-ngene
kaanuqa,anuqa,ka,,,meno-mene
kaanyam,anyam,ka,,,merikuq-merikaq
kaanyir,anyir,ka,,,kuto-kute
kaaoq,aoq,ka,,,meno-mene
kaapa,apa,ka,,,meno-mene
kaapah,apah,ka,,,ngeno-ngene
kaapaha,apaha,ka,,,meno-mene
kaapak,apak,ka,,,ngeno-ngene
kaapal,apal,ka,,,general
kaapala,apala,ka,,,meno-mene
kaapem,apem,ka,,,kuto-kute
kaapeq,apeq,ka,,,meno-mene
kaapi,api,ka,,,merikuq-merikaq
kaapik,apik,ka,,,meno-mene
kaapika,apika,ka,,,general
kaapin,apin,ka,,,general
kaapit,apit,ka,,,merikuq-merikaq
kaapita,apita,ka,,,kuto-kute
kaapuh,apuh,ka,,,meno-mene
kaapur,apur,ka,,,general
kaapus,apus,ka,,,kuto-kute
kaapusa,apusa,ka,,,ngeno-ngene
kaara,ara,ka,,,meno-mene
kaarah,arah,ka,,,meno-mene
kaarak,arak,ka,,,meno-mene
kaaran,aran,ka,,,ngeno-ngene
kaarang,arang,ka,,,merikuq-merikaq
kaarap,arap,ka,,,general
kaaraq,araq,ka,,,general
kaaraqa,araqa,ka,,,kuto-kute
kaarat,arat,ka,,,merikuq-merikaq
kaarata,arata,ka,,,general
kaare,are,ka,,,ngeno-ngene
kaarem,arem,ka,,,ngeno-ngene
kaaren,aren,ka,,,kuto-kute
kaarep,arep,ka,,,general
kaarepa,arepa,ka,,,kuto-kute
kaareq,areq,ka,,,merikuq-merikaq
kaareqa,areqa,ka,,,merikuq-merikaq
kaariq,ariq,ka,,,merikuq-merikaq
kaarit,arit,ka,,,kuto-kute
kaarloji,arloji,ka,,,general
kaaro,aro,ka,,,merikuq-merikaq
kaaroh,aroh,ka,,,kuto-kute
kaarok,arok,ka,,,merikuq-merikaq
kaarong,arong,ka,,,general
kaarot,arot,ka,,,general
kaarpah,arpah,ka,,,ngeno-ngene
kaarta,arta,ka,,,meno-mene
kaarti,arti,ka,,,kuto-kute
kaartia,artia,ka,,,kuto-kute
kaaru,aru,ka,,,kuto-kute
kaarus,arus,ka,,,kuto-kute
kaarusa,arusa,ka,,,meno-mene
kaarwah,arwah,ka,,,ngeno-ngene
kaasah,asah,ka,,,meno-mene
kaasaha,asaha,ka,,,ngeno-ngene
kaasal,asal,ka,,,meno-mene
kaasaq,asaq,ka,,,meno-mene
kaasar,asar,ka,,,general
kaasem,asem,ka,,,merikuq-merikaq
kaaseq,aseq,ka,,,kuto-kute
kaasera,asera,ka,,,meno-mene
kaasil,asil,ka,,,meno-mene
kaasila,asila,ka,,,ngeno-ngene
kaasin,asin,ka,,,kuto-kute
kaasta,asta,ka,,,merikuq-merikaq
kaatak,atak,ka,,,general
kaatas,atas,ka,,,kuto-kute
kaatasa,atasa,ka,,,meno-mene
kaatawa,atawa,ka,,,kuto-kute
kaate,ate,ka,,,merikuq-merikaq
kaatea,atea,ka,,,meno-mene
kaatep,atep,ka,,,ngeno-ngene
kaater,ater,ka,,,kuto-kute
kaatera,atera,ka,,,meno-mene
kaatom,atom,ka,,,merikuq-merikaq
kaatong,atong,ka,,,merikuq-merikaq
kaatonga,atonga,ka,,,general
kaatuh,atuh,ka,,,meno-mene
kaatuha,atuha,ka,,,ngeno-ngene
kaatur,atur,ka,,,meno-mene
kaatura,atura,ka,,,general
kaatus,atus,ka,,,merikuq-merikaq
kaaur,aur,ka,,,general
kaaut,aut,ka,,,meno-mene
kaauta,auta,ka,,,merikuq-merikaq
kaawa,awa,ka,,,ngeno-ngene
kaawak,awak,ka,,,general
kaawal,awal,ka,,,merikuq-merikaq
kaawam,awam,ka,,,merikuq-merikaq
kaawampe,awampe,ka,,,ngeno-ngene
kaawan,awan,ka,,,ngeno-ngene
kaawanda,awanda,ka,,,kuto-kute
kaawang,awang,ka,,,merikuq-merikaq
kaawangku,awangku,ka,,,kuto-kute
kaawaq,awaq,ka,,,kuto-kute
kaawas,awas,ka,,,ngeno-ngene
kaawek,awek,ka,,,kuto-kute
kaaweka,aweka,ka,,,meno-mene
kaawet,awet,ka,,,general
kaaweta,aweta,ka,,,meno-mene
kaawik,awik,ka,,,kuto-kute
kaawin,awin,ka,,,meno-mene
kaawis,awis,ka,,,ngeno-ngene
kaawisa,awisa,ka,,,meno-mene
kaawon,awon,ka,,,merikuq-merikaq
kaawona,awona,ka,,,general
kaawor,awor,ka,,,ngeno-ngene
kaawora,awora,ka,,,meno-mene
kaawu,awu,ka,,,ngeno-ngene
kaawun,awun,ka,,,general
kaayah,ayah,ka,,,meno-mene
kaayaq,ayaq,ka,,,general
kaayaqa,ayaqa,ka,,,meno-mene
kaayat,ayat,ka,,,ngeno-ngene
kaazimat,azimat,ka,,,general
kababah,babah,ka,,,meno-mene
kababak,babak,ka,,,meno-mene
kababar,babar,ka,,,ngeno-ngene
kababas,babas,ka,,,meno-mene
kababat,babat,ka,,,meno-mene
kabaca,baca,ka,,,ngeno-ngene
kabacaa,bacaa,ka,,,meno-mene
kabacot,bacot,ka,,,merikuq-merikaq
kabadah,badah,ka,,,general
kabadaq,badaq,ka,,,kuto-kute
kabadaqa,badaqa,ka,,,merikuq-merikaq
kabadar,badar,ka,,,meno-mene
kabadas,badas,ka,,,meno-mene
kabadeq,badeq,ka,,,general
kabadi,badi,ka,,,general
kabadiq,badiq,ka,,,ngeno-ngene
kabadoq,badoq,ka,,,general
kabaduk,baduk,ka,,,merikuq-merikaq
kabadung,badung,ka,,,general
kabadunga,badunga,ka,,,ngeno-ngene
kabadut,badut,ka,,,merikuq-merikaq
kabae,bae,ka,,,meno-mene
kabaeh,baeh,ka,,,ngeno-ngene
kabaes,baes,ka,,,general
kabag,bag,ka,,,meno-mene
kabaga,baga,ka,,,ngeno-ngene
kabageq,bageq,ka,,,meno-mene
kabagi,bagi,ka,,,general
kabagia,bagia,ka,,,kuto-kute
kabagu,bagu,ka,,,merikuq-merikaq
kabagus,bagus,ka,,,kuto-kute
kabagusa,bagusa,ka,,,ngeno-ngene
kabahla,bahla,ka,,,meno-mene
kabai,bai,ka,,,merikuq-merikaq
kabaiq,baiq,ka,,,general
kabais,bais,ka,,,merikuq-merikaq
kabait,bait,ka,,,merikuq-merikaq
kabaita,baita,ka,,,kuto-kute
kabaj,baj,ka,,,kuto-kute
kabaja,baja,ka,,,ngeno-ngene
kabajah,bajah,ka,,,merikuq-merikaq
kabajaha,bajaha,ka,,,general
kabajang,bajang,ka,,,ngeno-ngene
kabajar,bajar,ka,,,general
kabajo,bajo,ka,,,general
kabajur,bajur,ka,,,ngeno-ngene
kabak,bak,ka,,,merikuq-merikaq
kabakal,bakal,ka,,,merikuq-merikaq
kabakaq,bakaq,ka,,,meno-mene
kabakat,bakat,ka,,,ngeno-ngene
kabakeq,bakeq,ka,,,general
kabako,bako,ka,,,merikuq-merikaq
kabakti,bakti,ka,,,meno-mene
kabalaq,balaq,ka,,,ngeno-ngene
kabalaqa,balaqa,ka,,,general
kabalar,balar,ka,,,ngeno-ngene
kabalas,balas,ka,,,ngeno-ngene
kabale,bale,ka,,,general
kabalek,balek,ka,,,ngeno-ngene
kabalen,balen,ka,,,merikuq-merikaq
kabales,bales,ka,,,ngeno-ngene
kabalet,balet,ka,,,general
kabali,bali,ka,,,kuto-kute
kabalik,balik,ka,,,merikuq-merikaq
kabalika,balika,ka,,,ngeno-ngene
kabalit,balit,ka,,,ngeno-ngene
kabalok,balok,ka,,,ngeno-ngene
kabaloq,baloq,ka,,,general
kabalu,balu,ka,,,merikuq-merikaq
kabalung,balung,ka,,,ngeno-ngene
kabalunga,balunga,ka,,,merikuq-merikaq
kabaluq,baluq,ka,,,general
kabaluqa,baluqa,ka,,,kuto-kute
kabamb,bamb,ka,,,meno-mene
kabambung,bambung,ka,,,ngeno-ngene
kaban,ban,ka,,,general
kabancah,bancah,ka,,,general
kabanda,banda,ka,,,merikuq-merikaq
kabandel,bandel,ka,,,meno-mene
kabandeng,bandeng,ka,,,ngeno-ngene
kabandenga,bandenga,ka,,,merikuq-merikaq
kabanding,banding,ka,,,merikuq-merikaq
kabandung,bandung,ka,,,meno-mene
kabandunga,bandunga,ka,,,merikuq-merikaq
kabang,bang,ka,,,meno-mene
kabangaq,bangaq,ka,,,meno-mene
kabanger,banger,ka,,,merikuq-merikaq
kabanget,banget,ka,,,meno-mene
kabangga,bangga,ka,,,kuto-kute
kabanggaa,banggaa,ka,,,merikuq-merikaq
kabanggruq,banggruq,ka,,,ngeno-ngene
kabangk,bangk,ka,,,ngeno-ngene
kabangkal,bangkal,ka,,,general
kabangkala,bangkala,ka,,,general
kabangke,bangke,ka,,,meno-mene
kabangkel,bangkel,ka,,,general
kabangkela,bangkela,ka,,,merikuq-merikaq
kabangken,bangken,ka,,,meno-mene
kabangkes,bangkes,ka,,,meno-mene
kabangket,bangket,ka,,,kuto-kute
kabangkok,bangkok,ka,,,ngeno-ngene
kabangkol,bangkol,ka,,,merikuq-merikaq
kabangkon,bangkon,ka,,,ngeno-ngene
kabangkrut,bangkrut,ka,,,kuto-kute
kabangku,bangku,ka,,,merikuq-merikaq
kabangkuk,bangkuk,ka,,,ngeno-ngene
kabangkung,bangkung,ka,,,ngeno-ngene
kabangsa,bangsa,ka,,,merikuq-merikaq
kabangsat,bangsat,ka,,,merikuq-merikaq
kabangsit,bangsit,ka,,,ngeno-ngene
kabangun,bangun,ka,,,meno-mene
kabani,bani,ka,,,meno-mene
kabaniq,baniq,ka,,,ngeno-ngene
kabanjah,banjah,ka,,,general
kabanjaha,banjaha,ka,,,kuto-kute
kabanjar,banjar,ka,,,merikuq-merikaq
kabanjara,banjara,ka,,,ngeno-ngene
kabanjur,banjur,ka,,,kuto-kute
kabansu,bansu,ka,,,ngeno-ngene
kabanta,banta,ka,,,meno-mene
kabantal,bantal,ka,,,general
kabantar,bantar,ka,,,meno-mene
kabantara,bantara,ka,,,general
kabantat,bantat,ka,,,general
kabante,bante,ka,,,meno-mene
kabantek,bantek,ka,,,ngeno-ngene
kabantel,bantel,ka,,,merikuq-merikaq
kabanten,banten,ka,,,kuto-kute
kabanteng,banteng,ka,,,ngeno-ngene
kabanting,banting,ka,,,merikuq-merikaq
kabantinga,bantinga,ka,,,general
kabantong,bantong,ka,,,ngeno-ngene
kabantot,bantot,ka,,,ngeno-ngene
kabantota,bantota,ka,,,kuto-kute
kabantu,bantu,ka,,,ngeno-ngene
kabantun,bantun,ka,,,merikuq-merikaq
kabanyaq,banyaq,ka,,,kuto-kute
kabanyol,banyol,ka,,,merikuq-merikaq
kabao,bao,ka,,,merikuq-merikaq
kabaoa,baoa,ka,,,merikuq-merikaq
kabaok,baok,ka,,,kuto-kute
kabaoq,baoq,ka,,,ngeno-ngene
kabaoqa,baoqa,ka,,,ngeno-ngene
kabaos,baos,ka,,,general
kabaosa,baosa,ka,,,ngeno-ngene
kabapa,bapa,ka,,,ngeno-ngene
kabapaq,bapaq,ka,,,ngeno-ngene
kabaq,baq,ka,,,kuto-kute
kabaqd,baqd,ka,,,kuto-kute
kabara,bara,ka,,,kuto-kute
kabaraa,baraa,ka,,,general
kabarang,barang,ka,,,merikuq-merikaq
kabaraq,baraq,ka,,,kuto-kute
kabaraqa,baraqa,ka,,,merikuq-merikaq
kabarat,barat,ka,,,kuto-kute
kabareh,bareh,ka,,,meno-mene
kabareha,bareha,ka,,,kuto-kute
kabareng,bareng,ka,,,merikuq-merikaq
kabarenga,barenga,ka,,,meno-mene
kabares,bares,ka,,,kuto-kute
kabaret,baret,ka,,,kuto-kute
kabareta,bareta,ka,,,kuto-kute
kabari,bari,ka,,,kuto-kute
kabaris,baris,ka,,,kuto-kute
kabarisa,barisa,ka,,,merikuq-merikaq
kabaro,baro,ka,,,kuto-kute
kabaroa,baroa,ka,,,kuto-kute
kabarsah,barsah,ka,,,general
kabaru,baru,ka,,,meno-mene
kabarua,barua,ka,,,ngeno-ngene
kabarung,barung,ka,,,general
kabaruq,baruq,ka,,,ngeno-ngene
kabarus,barus,ka,,,ngeno-ngene
kabas,bas,ka,,,ngeno-ngene
kabasa,basa,ka,,,ngeno-ngene
kabasaq,basaq,ka,,,general
kabasaqa,basaqa,ka,,,general
kabasong,basong,ka,,,ngeno-ngene
kabat,bat,ka,,,general
kabata,bata,ka,,,kuto-kute
kabatah,batah,ka,,,general
kabatal,batal,ka,,,general
kabatala,batala,ka,,,ngeno-ngene
kabatang,batang,ka,,,general
kabatar,batar,ka,,,general
kabatbata,batbata,ka,,,ngeno-ngene
kabatek,batek,ka,,,ngeno-ngene
kabateq,bateq,ka,,,meno-mene
kabates,bates,ka,,,meno-mene
kabati,bati,ka,,,meno-mene
kabaton,baton,ka,,,meno-mene
kabatu,batu,ka,,,meno-mene
kabatuk,batuk,ka,,,meno-mene
kabatur,batur,ka,,,ngeno-ngene
kabau,bau,ka,,,meno-mene
kabaung,baung,ka,,,meno-mene
kabaur,baur,ka,,,kuto-kute
kabaura,baura,ka,,,kuto-kute
kabaw,baw,ka,,,general
kabawaq,bawaq,ka,,,ngeno-ngene
kabawaqa,bawaqa,ka,,,meno-mene
kabawi,bawi,ka,,,merikuq-merikaq
kabawo,bawo,ka,,,merikuq-merikaq
kabayah,bayah,ka,,,merikuq-merikaq
kabayaha,bayaha,ka,,,merikuq-merikaq
kabayam,bayam,ka,,,merikuq-merikaq
kabayar,bayar,ka,,,meno-mene
kabayem,bayem,ka,,,merikuq-merikaq
kabayu,bayu,ka,,,meno-mene
kabea,bea,ka,,,kuto-kute
kabeaq,beaq,ka,,,kuto-kute
kabebas,bebas,ka,,,merikuq-merikaq
kabebek,bebek,ka,,,general
kabec,bec,ka,,,general
kabecat,becat,ka,,,meno-mene
kabeda,beda,ka,,,meno-mene
kabedah,bedah,ka,,,merikuq-merikaq
kabedak,bedak,ka,,,kuto-kute
kabedil,bedil,ka,,,merikuq-merikaq
kabedog,bedog,ka,,,ngeno-ngene
kabedu,bedu,ka,,,ngeno-ngene
kabeg,beg,ka,,,ngeno-ngene
kabega,bega,ka,,,merikuq-merikaq
kabegu,begu,ka,,,ngeno-ngene
kabei,bei,ka,,,kuto-kute
kabejat,bejat,ka,,,meno-mene
kabejek,bejek,ka,,,merikuq-merikaq
kabeka,beka,ka,,,kuto-kute
kabekeq,bekeq,ka,,,meno-mene
kabel,bel,ka,,,kuto-kute
kabela,bela,ka,,,meno-mene
kabelabur,belabur,ka,,,meno-mene
kabelah,belah,ka,,,ngeno-ngene
kabelanja,belanja,ka,,,ngeno-ngene
kabelaq,belaq,ka,,,meno-mene
kabelas,belas,ka,,,kuto-kute
kabele,bele,ka,,,merikuq-merikaq
kabelek,belek,ka,,,meno-mene
kabeleq,beleq,ka,,,kuto-kute
kabeler,beler,ka,,,general
kabelet,belet,ka,,,kuto-kute
kabeli,beli,ka,,,kuto-kute
kabelo,belo,ka,,,ngeno-ngene
kabeloq,beloq,ka,,,kuto-kute
kabembeq,bembeq,ka,,,ngeno-ngene
kaben,ben,ka,,,general
kabenda,benda,ka,,,kuto-kute
kabeng,beng,ka,,,ngeno-ngene
kabengal,bengal,ka,,,general
kabengaq,bengaq,ka,,,kuto-kute
kabengkak,bengkak,ka,,,general
kabengkel,bengkel,ka,,,ngeno-ngene
kabengkok,bengkok,ka,,,kuto-kute
kabeni,beni,ka,,,kuto-kute
kaber,ber,ka,,,meno-mene
kabera,bera,ka,,,general
kaberak,berak,ka,,,general
kaberaq,beraq,ka,,,merikuq-merikaq
kaberem,berem,ka,,,general
kaberora,berora,ka,,,ngeno-ngene
kaberoraq,beroraq,ka,,,meno-mene
kaberu,beru,ka,,,general
kabeso,beso,ka,,,merikuq-merikaq
kabet,bet,ka,,,ngeno-ngene
kabeta,beta,ka,,,kuto-kute
kabeti,beti,ka,,,ngeno-ngene
kabetu,betu,ka,,,meno-mene
kabeu,beu,ka,,,ngeno-ngene
kabewen,bewen,ka,,,merikuq-merikaq
kabewi,bewi,ka,,,merikuq-merikaq
kabialal,bialal,ka,,,kuto-kute
kabideng,bideng,ka,,,kuto-kute
kabik,bik,ka,,,meno-mene
kabikas,bikas,ka,,,general
kabilaq,bilaq,ka,,,ngeno-ngene
kabiloq,biloq,ka,,,merikuq-merikaq
kabingur,bingur,ka,,,general
kabintang,bintang,ka,,,ngeno-ngene
kabireng,bireng,ka,,,ngeno-ngene
kabis,bis,ka,,,merikuq-merikaq
kabisoq,bisoq,ka,,,kuto-kute
kabitek,bitek,ka,,,kuto-kute
kabobok,bobok,ka,,,ngeno-ngene
kabon,bon,ka,,,general
kabong,bong,ka,,,merikuq-merikaq
kabonges,bonges,ka,,,kuto-kute
kabontol,bontol,ka,,,ngeno-ngene
kabuaq,buaq,ka,,,kuto-kute
kabubur,bubur,ka,,,meno-mene
kabudaq,budaq,ka,,,meno-mene
kabukaq,bukaq,ka,,,ngeno-ngene
kabulan,bulan,ka,,,general
kabuloq,buloq,ka,,,general
kabulu,bulu,ka,,,general
kabuntut,buntut,ka,,,kuto-kute
kaburaq,buraq,ka,,,ngeno-ngene
kacalon,calon,ka,,,merikuq-merikaq
kacampur,campur,ka,,,kuto-kute
kacampura,campura,ka,,,merikuq-merikaq
kacang,cang,ka,,,merikuq-merikaq
kacanga,canga,ka,,,merikuq-merikaq
kacat,cat,ka,,,merikuq-merikaq
kacata,cata,ka,,,meno-mene
kacela,cela,ka,,,meno-mene
kacet,cet,ka,,,ngeno-ngene
kacicik,cicik,ka,,,meno-mene
kacik,cik,ka,,,merikuq-merikaq
kacip,cip,ka,,,kuto-kute
kaciq,ciq,ka,,,merikuq-merikaq
kacobeq,cobeq,ka,,,meno-mene
kacucuk,cucuk,ka,,,meno-mene
kacupak,cupak,ka,,,general
kadaa,daa,ka,,,meno-mene
kadac,dac,ka,,,ngeno-ngene
kadad,dad,ka,,,ngeno-ngene
kadadah,dadah,ka,,,ngeno-ngene
kadadar,dadar,ka,,,general
kadag,dag,ka,,,ngeno-ngene
kadagul,dagul,ka,,,general
kadahir,dahir,ka,,,ngeno-ngene
kadaiq,daiq,ka,,,kuto-kute
kadait,dait,ka,,,merikuq-merikaq
kadak,dak,ka,,,kuto-kute
kadalem,dalem,ka,,,meno-mene
kadandok,dandok,ka,,,kuto-kute
kadangkem,dangkem,ka,,,ngeno-ngene
kadap,dap,ka,,,general
kadareq,dareq,ka,,,ngeno-ngene
kadas,das,ka,,,ngeno-ngene
kadateng,dateng,ka,,,ngeno-ngene
kadatu,datu,ka,,,ngeno-ngene
kadaun,daun,ka,,,meno-mene
kadaur,daur,ka,,,merikuq-merikaq
kadaya,daya,ka,,,meno-mene
kadea,dea,ka,,,kuto-kute
kadek,dek,ka,,,general
kadel,del,ka,,,meno-mene
kadendeq,dendeq,ka,,,kuto-kute
kadenga,denga,ka,,,meno-mene
kadengan,dengan,ka,,,meno-mene
kadereq,dereq,ka,,,merikuq-merikaq
kades,des,ka,,,ngeno-ngene
kadesa,desa,ka,,,meno-mene
kadewa,dewa,ka,,,merikuq-merikaq
kadewek,dewek,ka,,,general
kadin,din,ka,,,meno-mene
kadiriq,diriq,ka,,,kuto-kute
kadoe,doe,ka,,,merikuq-merikaq
kadok,dok,ka,,,meno-mene
kadomas,domas,ka,,,merikuq-merikaq
kadowen,dowen,ka,,,merikuq-merikaq
kadua,dua,ka,,,merikuq-merikaq
kaduan,duan,ka,,,meno-mene
kaduk,duk,ka,,,merikuq-merikaq
kadup,dup,ka,,,ngeno-ngene
kadur,dur,ka,,,meno-mene
kaduri,duri,ka,,,general
kadus,dus,ka,,,kuto-kute
kaebang,ebang,ka,,,ngeno-ngene
kaebawaq,ebawaq,ka,,,kuto-kute
kaebel,ebel,ka,,,meno-mene
kaebela,ebela,ka,,,general
kaebelet,ebelet,ka,,,meno-mene
kaebeleta,ebeleta,ka,,,ngeno-ngene
kaeji,eji,ka,,,general
kaeku,eku,ka,,,general
kaeladoq,eladoq,ka,,,merikuq-merikaq
kaelaq,elaq,ka,,,kuto-kute
kaelik,elik,ka,,,ngeno-ngene
kaelu,elu,ka,,,merikuq-merikaq
kaemas,emas,ka,,,merikuq-merikaq
kaembe,embe,ka,,,meno-mene
kaembeq,embeq,ka,,,kuto-kute
kaembor,embor,ka,,,merikuq-merikaq
kaembu,embu,ka,,,merikuq-merikaq
kaembuq,embuq,ka,,,merikuq-merikaq
kaempak,empak,ka,,,ngeno-ngene
kaempaq,empaq,ka,,,merikuq-merikaq
kaemper,emper,ka,,,general
kaempoh,empoh,ka,,,meno-mene
kaempok,empok,ka,,,kuto-kute
kaenak,enak,ka,,,meno-mene
kaenda,enda,ka,,,meno-mene
kaendaraq,endaraq,ka,,,ngeno-ngene
kaendeng,endeng,ka,,,meno-mene
kaendeq,endeq,ka,,,ngeno-ngene
kaendeqna,endeqna,ka,,,general
kaene,ene,ka,,,merikuq-merikaq
kaeng,eng,ka,,,kuto-kute
kaengger,engger,ka,,,merikuq-merikaq
kaenggih,enggih,ka,,,general
kaengk,engk,ka,,,general
kaengkaq,engkaq,ka,,,meno-mene
kaengkos,engkos,ka,,,kuto-kute
kaenjen,enjen,ka,,,kuto-kute
kaeno,eno,ka,,,meno-mene
kaent,ent,ka,,,merikuq-merikaq
kaentong,entong,ka,,,meno-mene
kaentu,entu,ka,,,merikuq-merikaq
kaepi,epi,ka,,,merikuq-merikaq
kaerat,erat,ka,,,kuto-kute
kagaan,gaan,ka,,,kuto-kute
kagaet,gaet,ka,,,kuto-kute
kagaji,gaji,ka,,,general
kagal,gal,ka,,,kuto-kute
kagalah,galah,ka,,,merikuq-merikaq
kagaleng,galeng,ka,,,general
kagalih,galih,ka,,,ngeno-ngene
kagam,gam,ka,,,kuto-kute
kagama,gama,ka,,,ngeno-ngene
kagambar,gambar,ka,,,kuto-kute
kagamber,gamber,ka,,,kuto-kute
kagambu,gambu,ka,,,meno-mene
kagamel,gamel,ka,,,meno-mene
kagang,gang,ka,,,merikuq-merikaq
kaganggas,ganggas,ka,,,general
kagaq,gaq,ka,,,general
kagaqa,gaqa,ka,,,ngeno-ngene
kagati,gati,ka,,,merikuq-merikaq
kagawah,gawah,ka,,,general
kageboh,geboh,ka,,,ngeno-ngene
kagedeng,gedeng,ka,,,merikuq-merikaq
kagegeti,gegeti,ka,,,meno-mene
kagen,gen,ka,,,merikuq-merikaq
kageneng,geneng,ka,,,general
kageres,geres,ka,,,ngeno-ngene
kagerik,gerik,ka,,,kuto-kute
kagero,gero,ka,,,kuto-kute
kagetas,getas,ka,,,merikuq-merikaq
kagigi,gigi,ka,,,general
kagigih,gigih,ka,,,ngeno-ngene
kagik,gik,ka,,,kuto-kute
kagika,gika,ka,,,kuto-kute
kagodek,godek,ka,,,merikuq-merikaq
kagombas,gombas,ka,,,meno-mene
kagoreng,goreng,ka,,,general
kagoro,goro,ka,,,meno-mene
kagorong,gorong,ka,,,general
kagubuk,gubuk,ka,,,ngeno-ngene
kagula,gula,ka,,,general
kagunung,gunung,ka,,,general
kaguru,guru,ka,,,merikuq-merikaq
kahajat,hajat,ka,,,meno-mene
kahaji,haji,ka,,,merikuq-merikaq
kahalal,halal,ka,,,kuto-kute
kahat,hat,ka,,,meno-mene
kahianat,hianat,ka,,,meno-mene
kaidup,idup,ka,,,general
kaijuk,ijuk,ka,,,ngeno-ngene
kailen,ilen,ka,,,meno-mene
kailham,ilham,ka,,,general
kailmu,ilmu,ka,,,kuto-kute
kaima,ima,ka,,,kuto-kute
kaimbuq,imbuq,ka,,,kuto-kute
kainan,inan,ka,,,ngeno-ngene
kainaq,inaq,ka,,,general
kaind,ind,ka,,,general
kainem,inem,ka,,,ngeno-ngene
kainget,inget,ka,,,kuto-kute
kairoq,iroq,ka,,,merikuq-merikaq
kaisin,isin,ka,,,merikuq-merikaq
kaitem,item,ka,,,ngeno-ngene
kaiwoq,iwoq,ka,,,general
kajadah,jadah,ka,,,general
kajagur,jagur,ka,,,merikuq-merikaq
kajai,jai,ka,,,ngeno-ngene
kajamaq,jamaq,ka,,,meno-mene
kajang,jang,ka,,,meno-mene
kajangkih,jangkih,ka,,,merikuq-merikaq
kajaran,jaran,ka,,,kuto-kute
kajari,jari,ka,,,merikuq-merikaq
kajawa,jawa,ka,,,general
kajeka,jeka,ka,,,meno-mene
kajelo,jelo,ka,,,ngeno-ngene
kajembung,jembung,ka,,,general
kajenazah,jenazah,ka,,,kuto-kute
kajenget,jenget,ka,,,general
kajenis,jenis,ka,,,general
kajero,jero,ka,,,kuto-kute
kajinten,jinten,ka,,,merikuq-merikaq
kajiwe,jiwe,ka,,,general
kajol,jol,ka,,,kuto-kute
kajongkong,jongkong,ka,,,merikuq-merikaq
kajual,jual,ka,,,ngeno-ngene
kajuaq,juaq,ka,,,kuto-kute
kajubah,jubah,ka,,,kuto-kute
kajulu,julu,ka,,,general
kajuluq,juluq,ka,,,kuto-kute
kajumadil,jumadil,ka,,,kuto-kute
kajumat,jumat,ka,,,meno-mene
kakeagung,keagung,ka,,,kuto-kute
kakealim,kealim,ka,,,general
kakeam,keam,ka,,,general
kakeamel,keamel,ka,,,general
kakebabas,kebabas,ka,,,kuto-kute
kakebagus,kebagus,ka,,,meno-mene
kakebais,kebais,ka,,,meno-mene
kakebalik,kebalik,ka,,,kuto-kute
kakebalika,kebalika,ka,,,general
kakebandel,kebandel,ka,,,meno-mene
kakebangaq,kebangaq,ka,,,kuto-kute
kakebanyaq,kebanyaq,ka,,,ngeno-ngene
kakebao,kebao,ka,,,merikuq-merikaq
kakebawaqa,kebawaqa,ka,,,kuto-kute
kakebebas,kebebas,ka,,,merikuq-merikaq
kakebebel,kebebel,ka,,,merikuq-merikaq
kakebecat,kebecat,ka,,,meno-mene
kakebecik,kebecik,ka,,,kuto-kute
kakebedah,kebedah,ka,,,ngeno-ngene
kakebedak,kebedak,ka,,,general
kakebedeng,kebedeng,ka,,,general
kakebedu,kebedu,ka,,,ngeno-ngene
kakebega,kebega,ka,,,merikuq-merikaq
kakebegal,kebegal,ka,,,merikuq-merikaq
kakebegala,kebegala,ka,,,general
kakebegaq,kebegaq,ka,,,ngeno-ngene
kakebeket,kebeket,ka,,,ngeno-ngene
kakebekol,kebekol,ka,,,meno-mene
kakebel,kebel,ka,,,ngeno-ngene
kakebelek,kebelek,ka,,,meno-mene
kakebeleq,kebeleq,ka,,,ngeno-ngene
kakebeler,kebeler,ka,,,general
kakebelet,kebelet,ka,,,ngeno-ngene
kakebeleta,kebeleta,ka,,,ngeno-ngene
kakebelo,kebelo,ka,,,meno-mene
kakebeloh,kebeloh,ka,,,meno-mene
kakebelot,kebelot,ka,,,general
kakebo,kebo,ka,,,general
kakebon,kebon,ka,,,kuto-kute
kakedebong,kedebong,ka,,,meno-mene
kakeh,keh,ka,,,general
kakejames,kejames,ka,,,meno-mene
kakejamesa,kejamesa,ka,,,general
kakel,kel,ka,,,ngeno-ngene
kakelak,kelak,ka,,,merikuq-merikaq
kakelambi,kelambi,ka,,,ngeno-ngene
kakelanjuh,kelanjuh,ka,,,general
kakelaq,kelaq,ka,,,kuto-kute
kakelek,kelek,ka,,,merikuq-merikaq
kakeloror,keloror,ka,,,meno-mene
kakelutut,kelutut,ka,,,meno-mene
kakemadeq,kemadeq,ka,,,meno-mene
kakemalem,kemalem,ka,,,meno-mene
kakemareq,kemareq,ka,,,ngeno-ngene
kakembalik,kembalik,ka,,,ngeno-ngene
kakembalit,kembalit,ka,,,ngeno-ngene
kakembelet,kembelet,ka,,,general
kakentare,kentare,ka,,,meno-mene
kakenyamboq,kenyamboq,ka,,,merikuq-merikaq
kakenyampoq,kenyampoq,ka,,,general
kakepeng,kepeng,ka,,,merikuq-merikaq
kakeradeng,keradeng,ka,,,merikuq-merikaq
kakeragkat,keragkat,ka,,,ngeno-ngene
kakeraku,keraku,ka,,,merikuq-merikaq
kakerakuqa,kerakuqa,ka,,,kuto-kute
kakerama,kerama,ka,,,general
kakerangkat,kerangkat,ka,,,kuto-kute
kakeraro,keraro,ka,,,general
kakeras,keras,ka,,,merikuq-merikaq
kakerdit,kerdit,ka,,,merikuq-merikaq
kakerepeq,kerepeq,ka,,,meno-mene
kakerta,kerta,ka,,,merikuq-merikaq
kakerupuk,kerupuk,ka,,,general
kakeseq,keseq,ka,,,ngeno-ngene
kakesimbar,kesimbar,ka,,,meno-mene
kaket,ket,ka,,,kuto-kute
kaketa,keta,ka,,,ngeno-ngene
kakete,kete,ka,,,ngeno-ngene
kaketujur,ketujur,ka,,,general
kakikis,kikis,ka,,,meno-mene
kakikit,kikit,ka,,,kuto-kute
kakirim,kirim,ka,,,merikuq-merikaq
kakitap,kitap,ka,,,ngeno-ngene
kaklewang,klewang,ka,,,ngeno-ngene
kakoah,koah,ka,,,merikuq-merikaq
kakocor,kocor,ka,,,ngeno-ngene
kakodeq,kodeq,ka,,,kuto-kute
kakojor,kojor,ka,,,merikuq-merikaq
kakokoh,kokoh,ka,,,kuto-kute
kakokoq,kokoq,ka,,,merikuq-merikaq
kakomb,komb,ka,,,general
kakomendan,komendan,ka,,,merikuq-merikaq
kakonteq,konteq,ka,,,ngeno-ngene
kakop,kop,ka,,,kuto-kute
kakoreng,koreng,ka,,,general
kakorong,korong,ka,,,general
kakorot,korot,ka,,,meno-mene
kakote,kote,ka,,,ngeno-ngene
kakowok,kowok,ka,,,merikuq-merikaq
kakti,kti,ka,,,merikuq-merikaq
kakulat,kulat,ka,,,general
kakulup,kulup,ka,,,kuto-kute
kakungkuq,kungkuq,ka,,,meno-mene
kakuni,kuni,ka,,,ngeno-ngene
kakupi,kupi,ka,,,meno-mene
kakurang,kurang,ka,,,general
kakurma,kurma,ka,,,ngeno-ngene
kalaeq,laeq,ka,,,general
kalain,lain,ka,,,ngeno-ngene
kalajah,lajah,ka,,,merikuq-merikaq
kalajar,lajar,ka,,,merikuq-merikaq
kalakar,lakar,ka,,,kuto-kute
kalakas,lakas,ka,,,meno-mene
kalakbak,lakbak,ka,,,general
kalakong,lakong,ka,,,general
kalalo,lalo,ka,,,kuto-kute
kalaloq,laloq,ka,,,meno-mene
kalamb,lamb,ka,,,kuto-kute
kalambah,lambah,ka,,,general
kalambek,lambek,ka,,,kuto-kute
kalamp,lamp,ka,,,general
kalampak,lampak,ka,,,meno-mene
kalamun,lamun,ka,,,ngeno-ngene
kalan,lan,ka,,,ngeno-ngene
kalanat,lanat,ka,,,ngeno-ngene
kalanda,landa,ka,,,kuto-kute
kalandar,landar,ka,,,merikuq-merikaq
kalang,lang,ka,,,general
kalanggaq,langgaq,ka,,,meno-mene
kalangit,langit,ka,,,kuto-kute
kalangsir,langsir,ka,,,meno-mene
kalanja,lanja,ka,,,general
kalanjaa,lanjaa,ka,,,meno-mene
kalant,lant,ka,,,merikuq-merikaq
kalanting,lanting,ka,,,kuto-kute
kalantuk,lantuk,ka,,,merikuq-merikaq
kalapar,lapar,ka,,,kuto-kute
kalaqa,laqa,ka,,,merikuq-merikaq
kalar,lar,ka,,,meno-mene
kalat,lat,ka,,,merikuq-merikaq
kalata,lata,ka,,,merikuq-merikaq
kalatung,latung,ka,,,merikuq-merikaq
kalaun,laun,ka,,,general
kalauq,lauq,ka,,,general
kaledeng,ledeng,ka,,,general
kaledok,ledok,ka,,,general
kalek,lek,ka,,,general
kaleka,leka,ka,,,kuto-kute
kalekak,lekak,ka,,,ngeno-ngene
kalekoq,lekoq,ka,,,merikuq-merikaq
kalelasuq,lelasuq,ka,,,ngeno-ngene
kaleleng,leleng,ka,,,meno-mene
kalem,lem,ka,,,meno-mene
kalemaq,lemaq,ka,,,merikuq-merikaq
kalemba,lemba,ka,,,kuto-kute
kalempok,lempok,ka,,,meno-mene
kalenc,lenc,ka,,,kuto-kute
kalencek,lencek,ka,,,ngeno-ngene
kaleng,leng,ka,,,general
kalenge,lenge,ka,,,general
kalenggu,lenggu,ka,,,meno-mene
kalep,lep,ka,,,general
kalepaq,lepaq,ka,,,meno-mene
kalepas,lepas,ka,,,ngeno-ngene
kalepe,lepe,ka,,,merikuq-merikaq
kaleq,leq,ka,,,ngeno-ngene
kaleqa,leqa,ka,,,general
kaler,ler,ka,,,general
kaletaq,letaq,ka,,,general
kaleteng,leteng,ka,,,general
kalia,lia,ka,,,meno-mene
kalian,lian,ka,,,kuto-kute
kalida,lida,ka,,,kuto-kute
kalik,lik,ka,,,ngeno-ngene
kalikat,likat,ka,,,meno-mene
kalikur,likur,ka,,,kuto-kute
kalimbing,limbing,ka,,,kuto-kute
kalincek,lincek,ka,,,merikuq-merikaq
kalinga,linga,ka,,,merikuq-merikaq
kalinggi,linggi,ka,,,ngeno-ngene
kalinjo,linjo,ka,,,merikuq-merikaq
kalis,lis,ka,,,ngeno-ngene
kalisung,lisung,ka,,,general
kaliung,liung,ka,,,kuto-kute
kaloa,loa,ka,,,general
kaloan,loan,ka,,,ngeno-ngene
kaloeq,loeq,ka,,,ngeno-ngene
kaloh,loh,ka,,,merikuq-merikaq
kalohor,lohor,ka,,,meno-mene
kalok,lok,ka,,,general
kalokeng,lokeng,ka,,,ngeno-ngene
kaloking,loking,ka,,,general
kalolo,lolo,ka,,,merikuq-merikaq
kalolon,lolon,ka,,,ngeno-ngene
kalomar,lomar,ka,,,general
kalombok,lombok,ka,,,kuto-kute
kalong,long,ka,,,ngeno-ngene
kalubuk,lubuk,ka,,,kuto-kute
kalueq,lueq,ka,,,ngeno-ngene
kalukbuk,lukbuk,ka,,,kuto-kute
kalur,lur,ka,,,general
kalutung,lutung,ka,,,ngeno-ngene
kamaca,maca,ka,,,kuto-kute
kamadeq,madeq,ka,,,general
kamait,mait,ka,,,kuto-kute
kamajah,majah,ka,,,kuto-kute
kamakam,makam,ka,,,merikuq-merikaq
kamalem,malem,ka,,,ngeno-ngene
kamalesa,malesa,ka,,,general
kamalik,malik,ka,,,kuto-kute
kamaling,maling,ka,,,kuto-kute
kamama,mama,ka,,,general
kamamah,mamah,ka,,,kuto-kute
kamambis,mambis,ka,,,ngeno-ngene
kamambu,mambu,ka,,,general
